session,gdf,original_trial_index,cue_sample,run_id,event_code,class_original,source_label,cache_index,channel_order
S1,A01T.gdf,2,96289,6,770,2,1,0,EEG-Fz|EEG-0|EEG-1|EEG-2|EEG-3|EEG-4|EEG-5|EEG-C3|EEG-6|EEG-Cz|EEG-7|EEG-C4|EEG-8|EEG-9|EEG-10|EEG-11|EEG-12|EEG-13|EEG-14|EEG-Pz|EEG-15|EEG-16
S1,A01T.gdf,3,98241,6,769,1,0,1,EEG-Fz|EEG-0|EEG-1|EEG-2|EEG-3|EEG-4|EEG-5|EEG-C3|EEG-6|EEG-Cz|EEG-7|EEG-C4|EEG-8|EEG-9|EEG-10|EEG-11|EEG-12|EEG-13|EEG-14|EEG-Pz|EEG-15|EEG-16
S1,A01T.gdf,4,100249,6,769,1,0,2,EEG-Fz|EEG-0|EEG-1|EEG-2|EEG-3|EEG-4|EEG-5|EEG-C3|EEG-6|EEG-Cz|EEG-7|EEG-C4|EEG-8|EEG-9|EEG-10|EEG-11|EEG-12|EEG-13|EEG-14|EEG-Pz|EEG-15|EEG-16
S1,A01T.gdf,5,102360,6,770,2,1,3,EEG-Fz|EEG-0|EEG-1|EEG-2|EEG-3|EEG-4|EEG-5|EEG-C3|EEG-6|EEG-Cz|EEG-7|EEG-C4|EEG-8|EEG-9|EEG-10|EEG-11|EEG-12|EEG-13|EEG-14|EEG-Pz|EEG-15|EEG-16
S1,A01T.gdf,8,108258,6,770,2,1,4,EEG-Fz|EEG-0|EEG-1|EEG-2|EEG-3|EEG-4|EEG-5|EEG-C3|EEG-6|EEG-Cz|EEG-7|EEG-C4|EEG-8|EEG-9|EEG-10|EEG-11|EEG-12|EEG-13|EEG-14|EEG-Pz|EEG-15|EEG-16
S1,A01T.gdf,10,112162,6,769,1,0,5,EEG-Fz|EEG-0|EEG-1|EEG-2|EEG-3|EEG-4|EEG-5|EEG-C3|EEG-6|EEG-Cz|EEG-7|EEG-C4|EEG-8|EEG-9|EEG-10|EEG-11|EEG-12|EEG-13|EEG-14|EEG-Pz|EEG-15|EEG-16
S1,A01T.gdf,11,114057,6,769,1,0,6,EEG-Fz|EEG-0|EEG-1|EEG-2|EEG-3|EEG-4|EEG-5|EEG-C3|EEG-6|EEG-Cz|EEG-7|EEG-C4|EEG-8|EEG-9|EEG-10|EEG-11|EEG-12|EEG-13|EEG-14|EEG-Pz|EEG-15|EEG-16
S1,A01T.gdf,12,116029,6,769,1,0,7,EEG-Fz|EEG-0|EEG-1|EEG-2|EEG-3|EEG-4|EEG-5|EEG-C3|EEG-6|EEG-Cz|EEG-7|EEG-C4|EEG-8|EEG-9|EEG-10|EEG-11|EEG-12|EEG-13|EEG-14|EEG-Pz|EEG-15|EEG-16
S1,A01T.gdf,14,119940,6,770,2,1,8,EEG-Fz|EEG-0|EEG-1|EEG-2|EEG-3|EEG-4|EEG-5|EEG-C3|EEG-6|EEG-Cz|EEG-7|EEG-C4|EEG-8|EEG-9|EEG-10|EEG-11|EEG-12|EEG-13|EEG-14|EEG-Pz|EEG-15|EEG-16
S1,A01T.gdf,15,122060,6,770,2,1,9,EEG-Fz|EEG-0|EEG-1|EEG-2|EEG-3|EEG-4|EEG-5|EEG-C3|EEG-6|EEG-Cz|EEG-7|EEG-C4|EEG-8|EEG-9|EEG-10|EEG-11|EEG-12|EEG-13|EEG-14|EEG-Pz|EEG-15|EEG-16
S1,A01T.gdf,16,124068,6,769,1,0,10,EEG-Fz|EEG-0|EEG-1|EEG-2|EEG-3|EEG-4|EEG-5|EEG-C3|EEG-6|EEG-Cz|EEG-7|EEG-C4|EEG-8|EEG-9|EEG-10|EEG-11|EEG-12|EEG-13|EEG-14|EEG-Pz|EEG-15|EEG-16
S1,A01T.gdf,17,126134,6,769,1,0,11,EEG-Fz|EEG-0|EEG-1|EEG-2|EEG-3|EEG-4|EEG-5|EEG-C3|EEG-6|EEG-Cz|EEG-7|EEG-C4|EEG-8|EEG-9|EEG-10|EEG-11|EEG-12|EEG-13|EEG-14|EEG-Pz|EEG-15|EEG-16
S1,A01T.gdf,19,130236,6,769,1,0,12,EEG-Fz|EEG-0|EEG-1|EEG-2|EEG-3|EEG-4|EEG-5|EEG-C3|EEG-6|EEG-Cz|EEG-7|EEG-C4|EEG-8|EEG-9|EEG-10|EEG-11|EEG-12|EEG-13|EEG-14|EEG-Pz|EEG-15|EEG-16
S1,A01T.gdf,20,132306,6,770,2,1,13,EEG-Fz|EEG-0|EEG-1|EEG-2|EEG-3|EEG-4|EEG-5|EEG-C3|EEG-6|EEG-Cz|EEG-7|EEG-C4|EEG-8|EEG-9|EEG-10|EEG-11|EEG-12|EEG-13|EEG-14|EEG-Pz|EEG-15|EEG-16
S1,A01T.gdf,24,140282,6,769,1,0,14,EEG-Fz|EEG-0|EEG-1|EEG-2|EEG-3|EEG-4|EEG-5|EEG-C3|EEG-6|EEG-Cz|EEG-7|EEG-C4|EEG-8|EEG-9|EEG-10|EEG-11|EEG-12|EEG-13|EEG-14|EEG-Pz|EEG-15|EEG-16
S1,A01T.gdf,27,146351,6,770,2,1,15,EEG-Fz|EEG-0|EEG-1|EEG-2|EEG-3|EEG-4|EEG-5|EEG-C3|EEG-6|EEG-Cz|EEG-7|EEG-C4|EEG-8|EEG-9|EEG-10|EEG-11|EEG-12|EEG-13|EEG-14|EEG-Pz|EEG-15|EEG-16
S1,A01T.gdf,30,152423,6,770,2,1,16,EEG-Fz|EEG-0|EEG-1|EEG-2|EEG-3|EEG-4|EEG-5|EEG-C3|EEG-6|EEG-Cz|EEG-7|EEG-C4|EEG-8|EEG-9|EEG-10|EEG-11|EEG-12|EEG-13|EEG-14|EEG-Pz|EEG-15|EEG-16
S1,A01T.gdf,31,154530,6,769,1,0,17,EEG-Fz|EEG-0|EEG-1|EEG-2|EEG-3|EEG-4|EEG-5|EEG-C3|EEG-6|EEG-Cz|EEG-7|EEG-C4|EEG-8|EEG-9|EEG-10|EEG-11|EEG-12|EEG-13|EEG-14|EEG-Pz|EEG-15|EEG-16
S1,A01T.gdf,32,156622,6,770,2,1,18,EEG-Fz|EEG-0|EEG-1|EEG-2|EEG-3|EEG-4|EEG-5|EEG-C3|EEG-6|EEG-Cz|EEG-7|EEG-C4|EEG-8|EEG-9|EEG-10|EEG-11|EEG-12|EEG-13|EEG-14|EEG-Pz|EEG-15|EEG-16
S1,A01T.gdf,38,168775,6,769,1,0,19,EEG-Fz|EEG-0|EEG-1|EEG-2|EEG-3|EEG-4|EEG-5|EEG-C3|EEG-6|EEG-Cz|EEG-7|EEG-C4|EEG-8|EEG-9|EEG-10|EEG-11|EEG-12|EEG-13|EEG-14|EEG-Pz|EEG-15|EEG-16
S1,A01T.gdf,40,172781,6,770,2,1,20,EEG-Fz|EEG-0|EEG-1|EEG-2|EEG-3|EEG-4|EEG-5|EEG-C3|EEG-6|EEG-Cz|EEG-7|EEG-C4|EEG-8|EEG-9|EEG-10|EEG-11|EEG-12|EEG-13|EEG-14|EEG-Pz|EEG-15|EEG-16
S1,A01T.gdf,42,176749,6,770,2,1,21,EEG-Fz|EEG-0|EEG-1|EEG-2|EEG-3|EEG-4|EEG-5|EEG-C3|EEG-6|EEG-Cz|EEG-7|EEG-C4|EEG-8|EEG-9|EEG-10|EEG-11|EEG-12|EEG-13|EEG-14|EEG-Pz|EEG-15|EEG-16
S1,A01T.gdf,45,182702,6,770,2,1,22,EEG-Fz|EEG-0|EEG-1|EEG-2|EEG-3|EEG-4|EEG-5|EEG-C3|EEG-6|EEG-Cz|EEG-7|EEG-C4|EEG-8|EEG-9|EEG-10|EEG-11|EEG-12|EEG-13|EEG-14|EEG-Pz|EEG-15|EEG-16
S1,A01T.gdf,47,186875,6,769,1,0,23,EEG-Fz|EEG-0|EEG-1|EEG-2|EEG-3|EEG-4|EEG-5|EEG-C3|EEG-6|EEG-Cz|EEG-7|EEG-C4|EEG-8|EEG-9|EEG-10|EEG-11|EEG-12|EEG-13|EEG-14|EEG-Pz|EEG-15|EEG-16
S1,A01T.gdf,48,189203,105,769,1,0,24,EEG-Fz|EEG-0|EEG-1|EEG-2|EEG-3|EEG-4|EEG-5|EEG-C3|EEG-6|EEG-Cz|EEG-7|EEG-C4|EEG-8|EEG-9|EEG-10|EEG-11|EEG-12|EEG-13|EEG-14|EEG-Pz|EEG-15|EEG-16
S1,A01T.gdf,49,191206,105,769,1,0,25,EEG-Fz|EEG-0|EEG-1|EEG-2|EEG-3|EEG-4|EEG-5|EEG-C3|EEG-6|EEG-Cz|EEG-7|EEG-C4|EEG-8|EEG-9|EEG-10|EEG-11|EEG-12|EEG-13|EEG-14|EEG-Pz|EEG-15|EEG-16
S1,A01T.gdf,51,195076,105,770,2,1,26,EEG-Fz|EEG-0|EEG-1|EEG-2|EEG-3|EEG-4|EEG-5|EEG-C3|EEG-6|EEG-Cz|EEG-7|EEG-C4|EEG-8|EEG-9|EEG-10|EEG-11|EEG-12|EEG-13|EEG-14|EEG-Pz|EEG-15|EEG-16
S1,A01T.gdf,52,197084,105,769,1,0,27,EEG-Fz|EEG-0|EEG-1|EEG-2|EEG-3|EEG-4|EEG-5|EEG-C3|EEG-6|EEG-Cz|EEG-7|EEG-C4|EEG-8|EEG-9|EEG-10|EEG-11|EEG-12|EEG-13|EEG-14|EEG-Pz|EEG-15|EEG-16
S1,A01T.gdf,54,201112,105,769,1,0,28,EEG-Fz|EEG-0|EEG-1|EEG-2|EEG-3|EEG-4|EEG-5|EEG-C3|EEG-6|EEG-Cz|EEG-7|EEG-C4|EEG-8|EEG-9|EEG-10|EEG-11|EEG-12|EEG-13|EEG-14|EEG-Pz|EEG-15|EEG-16
S1,A01T.gdf,56,205093,105,770,2,1,29,EEG-Fz|EEG-0|EEG-1|EEG-2|EEG-3|EEG-4|EEG-5|EEG-C3|EEG-6|EEG-Cz|EEG-7|EEG-C4|EEG-8|EEG-9|EEG-10|EEG-11|EEG-12|EEG-13|EEG-14|EEG-Pz|EEG-15|EEG-16
S1,A01T.gdf,58,208997,105,769,1,0,30,EEG-Fz|EEG-0|EEG-1|EEG-2|EEG-3|EEG-4|EEG-5|EEG-C3|EEG-6|EEG-Cz|EEG-7|EEG-C4|EEG-8|EEG-9|EEG-10|EEG-11|EEG-12|EEG-13|EEG-14|EEG-Pz|EEG-15|EEG-16
S1,A01T.gdf,61,214808,105,769,1,0,31,EEG-Fz|EEG-0|EEG-1|EEG-2|EEG-3|EEG-4|EEG-5|EEG-C3|EEG-6|EEG-Cz|EEG-7|EEG-C4|EEG-8|EEG-9|EEG-10|EEG-11|EEG-12|EEG-13|EEG-14|EEG-Pz|EEG-15|EEG-16
S1,A01T.gdf,63,218895,105,770,2,1,32,EEG-Fz|EEG-0|EEG-1|EEG-2|EEG-3|EEG-4|EEG-5|EEG-C3|EEG-6|EEG-Cz|EEG-7|EEG-C4|EEG-8|EEG-9|EEG-10|EEG-11|EEG-12|EEG-13|EEG-14|EEG-Pz|EEG-15|EEG-16
S1,A01T.gdf,68,229141,105,769,1,0,33,EEG-Fz|EEG-0|EEG-1|EEG-2|EEG-3|EEG-4|EEG-5|EEG-C3|EEG-6|EEG-Cz|EEG-7|EEG-C4|EEG-8|EEG-9|EEG-10|EEG-11|EEG-12|EEG-13|EEG-14|EEG-Pz|EEG-15|EEG-16
S1,A01T.gdf,70,233133,105,770,2,1,34,EEG-Fz|EEG-0|EEG-1|EEG-2|EEG-3|EEG-4|EEG-5|EEG-C3|EEG-6|EEG-Cz|EEG-7|EEG-C4|EEG-8|EEG-9|EEG-10|EEG-11|EEG-12|EEG-13|EEG-14|EEG-Pz|EEG-15|EEG-16
S1,A01T.gdf,72,237117,105,770,2,1,35,EEG-Fz|EEG-0|EEG-1|EEG-2|EEG-3|EEG-4|EEG-5|EEG-C3|EEG-6|EEG-Cz|EEG-7|EEG-C4|EEG-8|EEG-9|EEG-10|EEG-11|EEG-12|EEG-13|EEG-14|EEG-Pz|EEG-15|EEG-16
S1,A01T.gdf,73,239078,105,769,1,0,36,EEG-Fz|EEG-0|EEG-1|EEG-2|EEG-3|EEG-4|EEG-5|EEG-C3|EEG-6|EEG-Cz|EEG-7|EEG-C4|EEG-8|EEG-9|EEG-10|EEG-11|EEG-12|EEG-13|EEG-14|EEG-Pz|EEG-15|EEG-16
S1,A01T.gdf,75,243186,105,770,2,1,37,EEG-Fz|EEG-0|EEG-1|EEG-2|EEG-3|EEG-4|EEG-5|EEG-C3|EEG-6|EEG-Cz|EEG-7|EEG-C4|EEG-8|EEG-9|EEG-10|EEG-11|EEG-12|EEG-13|EEG-14|EEG-Pz|EEG-15|EEG-16
S1,A01T.gdf,76,245161,105,769,1,0,38,EEG-Fz|EEG-0|EEG-1|EEG-2|EEG-3|EEG-4|EEG-5|EEG-C3|EEG-6|EEG-Cz|EEG-7|EEG-C4|EEG-8|EEG-9|EEG-10|EEG-11|EEG-12|EEG-13|EEG-14|EEG-Pz|EEG-15|EEG-16
S1,A01T.gdf,79,251365,105,769,1,0,39,EEG-Fz|EEG-0|EEG-1|EEG-2|EEG-3|EEG-4|EEG-5|EEG-C3|EEG-6|EEG-Cz|EEG-7|EEG-C4|EEG-8|EEG-9|EEG-10|EEG-11|EEG-12|EEG-13|EEG-14|EEG-Pz|EEG-15|EEG-16
S1,A01T.gdf,83,259655,105,770,2,1,40,EEG-Fz|EEG-0|EEG-1|EEG-2|EEG-3|EEG-4|EEG-5|EEG-C3|EEG-6|EEG-Cz|EEG-7|EEG-C4|EEG-8|EEG-9|EEG-10|EEG-11|EEG-12|EEG-13|EEG-14|EEG-Pz|EEG-15|EEG-16
S1,A01T.gdf,84,261675,105,769,1,0,41,EEG-Fz|EEG-0|EEG-1|EEG-2|EEG-3|EEG-4|EEG-5|EEG-C3|EEG-6|EEG-Cz|EEG-7|EEG-C4|EEG-8|EEG-9|EEG-10|EEG-11|EEG-12|EEG-13|EEG-14|EEG-Pz|EEG-15|EEG-16
S1,A01T.gdf,85,263647,105,770,2,1,42,EEG-Fz|EEG-0|EEG-1|EEG-2|EEG-3|EEG-4|EEG-5|EEG-C3|EEG-6|EEG-Cz|EEG-7|EEG-C4|EEG-8|EEG-9|EEG-10|EEG-11|EEG-12|EEG-13|EEG-14|EEG-Pz|EEG-15|EEG-16
S1,A01T.gdf,87,267535,105,770,2,1,43,EEG-Fz|EEG-0|EEG-1|EEG-2|EEG-3|EEG-4|EEG-5|EEG-C3|EEG-6|EEG-Cz|EEG-7|EEG-C4|EEG-8|EEG-9|EEG-10|EEG-11|EEG-12|EEG-13|EEG-14|EEG-Pz|EEG-15|EEG-16
S1,A01T.gdf,90,273584,105,770,2,1,44,EEG-Fz|EEG-0|EEG-1|EEG-2|EEG-3|EEG-4|EEG-5|EEG-C3|EEG-6|EEG-Cz|EEG-7|EEG-C4|EEG-8|EEG-9|EEG-10|EEG-11|EEG-12|EEG-13|EEG-14|EEG-Pz|EEG-15|EEG-16
S1,A01T.gdf,91,275703,105,770,2,1,45,EEG-Fz|EEG-0|EEG-1|EEG-2|EEG-3|EEG-4|EEG-5|EEG-C3|EEG-6|EEG-Cz|EEG-7|EEG-C4|EEG-8|EEG-9|EEG-10|EEG-11|EEG-12|EEG-13|EEG-14|EEG-Pz|EEG-15|EEG-16
S1,A01T.gdf,92,277609,105,770,2,1,46,EEG-Fz|EEG-0|EEG-1|EEG-2|EEG-3|EEG-4|EEG-5|EEG-C3|EEG-6|EEG-Cz|EEG-7|EEG-C4|EEG-8|EEG-9|EEG-10|EEG-11|EEG-12|EEG-13|EEG-14|EEG-Pz|EEG-15|EEG-16
S1,A01T.gdf,95,283710,105,769,1,0,47,EEG-Fz|EEG-0|EEG-1|EEG-2|EEG-3|EEG-4|EEG-5|EEG-C3|EEG-6|EEG-Cz|EEG-7|EEG-C4|EEG-8|EEG-9|EEG-10|EEG-11|EEG-12|EEG-13|EEG-14|EEG-Pz|EEG-15|EEG-16
S1,A01T.gdf,96,286038,206,770,2,1,48,EEG-Fz|EEG-0|EEG-1|EEG-2|EEG-3|EEG-4|EEG-5|EEG-C3|EEG-6|EEG-Cz|EEG-7|EEG-C4|EEG-8|EEG-9|EEG-10|EEG-11|EEG-12|EEG-13|EEG-14|EEG-Pz|EEG-15|EEG-16
S1,A01T.gdf,98,289959,206,769,1,0,49,EEG-Fz|EEG-0|EEG-1|EEG-2|EEG-3|EEG-4|EEG-5|EEG-C3|EEG-6|EEG-Cz|EEG-7|EEG-C4|EEG-8|EEG-9|EEG-10|EEG-11|EEG-12|EEG-13|EEG-14|EEG-Pz|EEG-15|EEG-16
S1,A01T.gdf,102,297947,206,769,1,0,50,EEG-Fz|EEG-0|EEG-1|EEG-2|EEG-3|EEG-4|EEG-5|EEG-C3|EEG-6|EEG-Cz|EEG-7|EEG-C4|EEG-8|EEG-9|EEG-10|EEG-11|EEG-12|EEG-13|EEG-14|EEG-Pz|EEG-15|EEG-16
S1,A01T.gdf,103,299997,206,769,1,0,51,EEG-Fz|EEG-0|EEG-1|EEG-2|EEG-3|EEG-4|EEG-5|EEG-C3|EEG-6|EEG-Cz|EEG-7|EEG-C4|EEG-8|EEG-9|EEG-10|EEG-11|EEG-12|EEG-13|EEG-14|EEG-Pz|EEG-15|EEG-16
S1,A01T.gdf,105,303926,206,770,2,1,52,EEG-Fz|EEG-0|EEG-1|EEG-2|EEG-3|EEG-4|EEG-5|EEG-C3|EEG-6|EEG-Cz|EEG-7|EEG-C4|EEG-8|EEG-9|EEG-10|EEG-11|EEG-12|EEG-13|EEG-14|EEG-Pz|EEG-15|EEG-16
S1,A01T.gdf,109,311643,206,770,2,1,53,EEG-Fz|EEG-0|EEG-1|EEG-2|EEG-3|EEG-4|EEG-5|EEG-C3|EEG-6|EEG-Cz|EEG-7|EEG-C4|EEG-8|EEG-9|EEG-10|EEG-11|EEG-12|EEG-13|EEG-14|EEG-Pz|EEG-15|EEG-16
S1,A01T.gdf,110,313610,206,769,1,0,54,EEG-Fz|EEG-0|EEG-1|EEG-2|EEG-3|EEG-4|EEG-5|EEG-C3|EEG-6|EEG-Cz|EEG-7|EEG-C4|EEG-8|EEG-9|EEG-10|EEG-11|EEG-12|EEG-13|EEG-14|EEG-Pz|EEG-15|EEG-16
S1,A01T.gdf,112,317738,206,770,2,1,55,EEG-Fz|EEG-0|EEG-1|EEG-2|EEG-3|EEG-4|EEG-5|EEG-C3|EEG-6|EEG-Cz|EEG-7|EEG-C4|EEG-8|EEG-9|EEG-10|EEG-11|EEG-12|EEG-13|EEG-14|EEG-Pz|EEG-15|EEG-16
S1,A01T.gdf,114,321840,206,769,1,0,56,EEG-Fz|EEG-0|EEG-1|EEG-2|EEG-3|EEG-4|EEG-5|EEG-C3|EEG-6|EEG-Cz|EEG-7|EEG-C4|EEG-8|EEG-9|EEG-10|EEG-11|EEG-12|EEG-13|EEG-14|EEG-Pz|EEG-15|EEG-16
S1,A01T.gdf,117,328056,206,770,2,1,57,EEG-Fz|EEG-0|EEG-1|EEG-2|EEG-3|EEG-4|EEG-5|EEG-C3|EEG-6|EEG-Cz|EEG-7|EEG-C4|EEG-8|EEG-9|EEG-10|EEG-11|EEG-12|EEG-13|EEG-14|EEG-Pz|EEG-15|EEG-16
S1,A01T.gdf,120,333952,206,769,1,0,58,EEG-Fz|EEG-0|EEG-1|EEG-2|EEG-3|EEG-4|EEG-5|EEG-C3|EEG-6|EEG-Cz|EEG-7|EEG-C4|EEG-8|EEG-9|EEG-10|EEG-11|EEG-12|EEG-13|EEG-14|EEG-Pz|EEG-15|EEG-16
S1,A01T.gdf,121,335913,206,770,2,1,59,EEG-Fz|EEG-0|EEG-1|EEG-2|EEG-3|EEG-4|EEG-5|EEG-C3|EEG-6|EEG-Cz|EEG-7|EEG-C4|EEG-8|EEG-9|EEG-10|EEG-11|EEG-12|EEG-13|EEG-14|EEG-Pz|EEG-15|EEG-16
S1,A01T.gdf,122,338017,206,770,2,1,60,EEG-Fz|EEG-0|EEG-1|EEG-2|EEG-3|EEG-4|EEG-5|EEG-C3|EEG-6|EEG-Cz|EEG-7|EEG-C4|EEG-8|EEG-9|EEG-10|EEG-11|EEG-12|EEG-13|EEG-14|EEG-Pz|EEG-15|EEG-16
S1,A01T.gdf,125,344022,206,770,2,1,61,EEG-Fz|EEG-0|EEG-1|EEG-2|EEG-3|EEG-4|EEG-5|EEG-C3|EEG-6|EEG-Cz|EEG-7|EEG-C4|EEG-8|EEG-9|EEG-10|EEG-11|EEG-12|EEG-13|EEG-14|EEG-Pz|EEG-15|EEG-16
S1,A01T.gdf,126,346093,206,769,1,0,62,EEG-Fz|EEG-0|EEG-1|EEG-2|EEG-3|EEG-4|EEG-5|EEG-C3|EEG-6|EEG-Cz|EEG-7|EEG-C4|EEG-8|EEG-9|EEG-10|EEG-11|EEG-12|EEG-13|EEG-14|EEG-Pz|EEG-15|EEG-16
S1,A01T.gdf,127,348200,206,769,1,0,63,EEG-Fz|EEG-0|EEG-1|EEG-2|EEG-3|EEG-4|EEG-5|EEG-C3|EEG-6|EEG-Cz|EEG-7|EEG-C4|EEG-8|EEG-9|EEG-10|EEG-11|EEG-12|EEG-13|EEG-14|EEG-Pz|EEG-15|EEG-16
S1,A01T.gdf,129,352383,206,770,2,1,64,EEG-Fz|EEG-0|EEG-1|EEG-2|EEG-3|EEG-4|EEG-5|EEG-C3|EEG-6|EEG-Cz|EEG-7|EEG-C4|EEG-8|EEG-9|EEG-10|EEG-11|EEG-12|EEG-13|EEG-14|EEG-Pz|EEG-15|EEG-16
S1,A01T.gdf,130,354426,206,769,1,0,65,EEG-Fz|EEG-0|EEG-1|EEG-2|EEG-3|EEG-4|EEG-5|EEG-C3|EEG-6|EEG-Cz|EEG-7|EEG-C4|EEG-8|EEG-9|EEG-10|EEG-11|EEG-12|EEG-13|EEG-14|EEG-Pz|EEG-15|EEG-16
S1,A01T.gdf,132,358510,206,770,2,1,66,EEG-Fz|EEG-0|EEG-1|EEG-2|EEG-3|EEG-4|EEG-5|EEG-C3|EEG-6|EEG-Cz|EEG-7|EEG-C4|EEG-8|EEG-9|EEG-10|EEG-11|EEG-12|EEG-13|EEG-14|EEG-Pz|EEG-15|EEG-16
S1,A01T.gdf,133,360482,206,770,2,1,67,EEG-Fz|EEG-0|EEG-1|EEG-2|EEG-3|EEG-4|EEG-5|EEG-C3|EEG-6|EEG-Cz|EEG-7|EEG-C4|EEG-8|EEG-9|EEG-10|EEG-11|EEG-12|EEG-13|EEG-14|EEG-Pz|EEG-15|EEG-16
S1,A01T.gdf,135,364370,206,769,1,0,68,EEG-Fz|EEG-0|EEG-1|EEG-2|EEG-3|EEG-4|EEG-5|EEG-C3|EEG-6|EEG-Cz|EEG-7|EEG-C4|EEG-8|EEG-9|EEG-10|EEG-11|EEG-12|EEG-13|EEG-14|EEG-Pz|EEG-15|EEG-16
S1,A01T.gdf,141,376372,206,769,1,0,69,EEG-Fz|EEG-0|EEG-1|EEG-2|EEG-3|EEG-4|EEG-5|EEG-C3|EEG-6|EEG-Cz|EEG-7|EEG-C4|EEG-8|EEG-9|EEG-10|EEG-11|EEG-12|EEG-13|EEG-14|EEG-Pz|EEG-15|EEG-16
S1,A01T.gdf,142,378486,206,770,2,1,70,EEG-Fz|EEG-0|EEG-1|EEG-2|EEG-3|EEG-4|EEG-5|EEG-C3|EEG-6|EEG-Cz|EEG-7|EEG-C4|EEG-8|EEG-9|EEG-10|EEG-11|EEG-12|EEG-13|EEG-14|EEG-Pz|EEG-15|EEG-16
S1,A01T.gdf,143,380545,206,769,1,0,71,EEG-Fz|EEG-0|EEG-1|EEG-2|EEG-3|EEG-4|EEG-5|EEG-C3|EEG-6|EEG-Cz|EEG-7|EEG-C4|EEG-8|EEG-9|EEG-10|EEG-11|EEG-12|EEG-13|EEG-14|EEG-Pz|EEG-15|EEG-16
S1,A01T.gdf,144,382873,306,770,2,1,72,EEG-Fz|EEG-0|EEG-1|EEG-2|EEG-3|EEG-4|EEG-5|EEG-C3|EEG-6|EEG-Cz|EEG-7|EEG-C4|EEG-8|EEG-9|EEG-10|EEG-11|EEG-12|EEG-13|EEG-14|EEG-Pz|EEG-15|EEG-16
S1,A01T.gdf,145,384876,306,769,1,0,73,EEG-Fz|EEG-0|EEG-1|EEG-2|EEG-3|EEG-4|EEG-5|EEG-C3|EEG-6|EEG-Cz|EEG-7|EEG-C4|EEG-8|EEG-9|EEG-10|EEG-11|EEG-12|EEG-13|EEG-14|EEG-Pz|EEG-15|EEG-16
S1,A01T.gdf,146,386794,306,769,1,0,74,EEG-Fz|EEG-0|EEG-1|EEG-2|EEG-3|EEG-4|EEG-5|EEG-C3|EEG-6|EEG-Cz|EEG-7|EEG-C4|EEG-8|EEG-9|EEG-10|EEG-11|EEG-12|EEG-13|EEG-14|EEG-Pz|EEG-15|EEG-16
S1,A01T.gdf,149,392865,306,770,2,1,75,EEG-Fz|EEG-0|EEG-1|EEG-2|EEG-3|EEG-4|EEG-5|EEG-C3|EEG-6|EEG-Cz|EEG-7|EEG-C4|EEG-8|EEG-9|EEG-10|EEG-11|EEG-12|EEG-13|EEG-14|EEG-Pz|EEG-15|EEG-16
S1,A01T.gdf,152,398763,306,769,1,0,76,EEG-Fz|EEG-0|EEG-1|EEG-2|EEG-3|EEG-4|EEG-5|EEG-C3|EEG-6|EEG-Cz|EEG-7|EEG-C4|EEG-8|EEG-9|EEG-10|EEG-11|EEG-12|EEG-13|EEG-14|EEG-Pz|EEG-15|EEG-16
S1,A01T.gdf,154,402667,306,769,1,0,77,EEG-Fz|EEG-0|EEG-1|EEG-2|EEG-3|EEG-4|EEG-5|EEG-C3|EEG-6|EEG-Cz|EEG-7|EEG-C4|EEG-8|EEG-9|EEG-10|EEG-11|EEG-12|EEG-13|EEG-14|EEG-Pz|EEG-15|EEG-16
S1,A01T.gdf,155,404562,306,769,1,0,78,EEG-Fz|EEG-0|EEG-1|EEG-2|EEG-3|EEG-4|EEG-5|EEG-C3|EEG-6|EEG-Cz|EEG-7|EEG-C4|EEG-8|EEG-9|EEG-10|EEG-11|EEG-12|EEG-13|EEG-14|EEG-Pz|EEG-15|EEG-16
S1,A01T.gdf,156,406534,306,770,2,1,79,EEG-Fz|EEG-0|EEG-1|EEG-2|EEG-3|EEG-4|EEG-5|EEG-C3|EEG-6|EEG-Cz|EEG-7|EEG-C4|EEG-8|EEG-9|EEG-10|EEG-11|EEG-12|EEG-13|EEG-14|EEG-Pz|EEG-15|EEG-16
S1,A01T.gdf,159,412565,306,770,2,1,80,EEG-Fz|EEG-0|EEG-1|EEG-2|EEG-3|EEG-4|EEG-5|EEG-C3|EEG-6|EEG-Cz|EEG-7|EEG-C4|EEG-8|EEG-9|EEG-10|EEG-11|EEG-12|EEG-13|EEG-14|EEG-Pz|EEG-15|EEG-16
S1,A01T.gdf,165,424891,306,770,2,1,81,EEG-Fz|EEG-0|EEG-1|EEG-2|EEG-3|EEG-4|EEG-5|EEG-C3|EEG-6|EEG-Cz|EEG-7|EEG-C4|EEG-8|EEG-9|EEG-10|EEG-11|EEG-12|EEG-13|EEG-14|EEG-Pz|EEG-15|EEG-16
S1,A01T.gdf,166,426803,306,770,2,1,82,EEG-Fz|EEG-0|EEG-1|EEG-2|EEG-3|EEG-4|EEG-5|EEG-C3|EEG-6|EEG-Cz|EEG-7|EEG-C4|EEG-8|EEG-9|EEG-10|EEG-11|EEG-12|EEG-13|EEG-14|EEG-Pz|EEG-15|EEG-16
S1,A01T.gdf,168,430787,306,769,1,0,83,EEG-Fz|EEG-0|EEG-1|EEG-2|EEG-3|EEG-4|EEG-5|EEG-C3|EEG-6|EEG-Cz|EEG-7|EEG-C4|EEG-8|EEG-9|EEG-10|EEG-11|EEG-12|EEG-13|EEG-14|EEG-Pz|EEG-15|EEG-16
S1,A01T.gdf,169,432748,306,770,2,1,84,EEG-Fz|EEG-0|EEG-1|EEG-2|EEG-3|EEG-4|EEG-5|EEG-C3|EEG-6|EEG-Cz|EEG-7|EEG-C4|EEG-8|EEG-9|EEG-10|EEG-11|EEG-12|EEG-13|EEG-14|EEG-Pz|EEG-15|EEG-16
S1,A01T.gdf,170,434852,306,770,2,1,85,EEG-Fz|EEG-0|EEG-1|EEG-2|EEG-3|EEG-4|EEG-5|EEG-C3|EEG-6|EEG-Cz|EEG-7|EEG-C4|EEG-8|EEG-9|EEG-10|EEG-11|EEG-12|EEG-13|EEG-14|EEG-Pz|EEG-15|EEG-16
S1,A01T.gdf,171,436856,306,770,2,1,86,EEG-Fz|EEG-0|EEG-1|EEG-2|EEG-3|EEG-4|EEG-5|EEG-C3|EEG-6|EEG-Cz|EEG-7|EEG-C4|EEG-8|EEG-9|EEG-10|EEG-11|EEG-12|EEG-13|EEG-14|EEG-Pz|EEG-15|EEG-16
S1,A01T.gdf,174,442928,306,769,1,0,87,EEG-Fz|EEG-0|EEG-1|EEG-2|EEG-3|EEG-4|EEG-5|EEG-C3|EEG-6|EEG-Cz|EEG-7|EEG-C4|EEG-8|EEG-9|EEG-10|EEG-11|EEG-12|EEG-13|EEG-14|EEG-Pz|EEG-15|EEG-16
S1,A01T.gdf,176,447127,306,769,1,0,88,EEG-Fz|EEG-0|EEG-1|EEG-2|EEG-3|EEG-4|EEG-5|EEG-C3|EEG-6|EEG-Cz|EEG-7|EEG-C4|EEG-8|EEG-9|EEG-10|EEG-11|EEG-12|EEG-13|EEG-14|EEG-Pz|EEG-15|EEG-16
S1,A01T.gdf,178,451261,306,769,1,0,89,EEG-Fz|EEG-0|EEG-1|EEG-2|EEG-3|EEG-4|EEG-5|EEG-C3|EEG-6|EEG-Cz|EEG-7|EEG-C4|EEG-8|EEG-9|EEG-10|EEG-11|EEG-12|EEG-13|EEG-14|EEG-Pz|EEG-15|EEG-16
S1,A01T.gdf,180,455345,306,769,1,0,90,EEG-Fz|EEG-0|EEG-1|EEG-2|EEG-3|EEG-4|EEG-5|EEG-C3|EEG-6|EEG-Cz|EEG-7|EEG-C4|EEG-8|EEG-9|EEG-10|EEG-11|EEG-12|EEG-13|EEG-14|EEG-Pz|EEG-15|EEG-16
S1,A01T.gdf,182,459280,306,769,1,0,91,EEG-Fz|EEG-0|EEG-1|EEG-2|EEG-3|EEG-4|EEG-5|EEG-C3|EEG-6|EEG-Cz|EEG-7|EEG-C4|EEG-8|EEG-9|EEG-10|EEG-11|EEG-12|EEG-13|EEG-14|EEG-Pz|EEG-15|EEG-16
S1,A01T.gdf,183,461205,306,770,2,1,92,EEG-Fz|EEG-0|EEG-1|EEG-2|EEG-3|EEG-4|EEG-5|EEG-C3|EEG-6|EEG-Cz|EEG-7|EEG-C4|EEG-8|EEG-9|EEG-10|EEG-11|EEG-12|EEG-13|EEG-14|EEG-Pz|EEG-15|EEG-16
S1,A01T.gdf,187,469373,306,769,1,0,93,EEG-Fz|EEG-0|EEG-1|EEG-2|EEG-3|EEG-4|EEG-5|EEG-C3|EEG-6|EEG-Cz|EEG-7|EEG-C4|EEG-8|EEG-9|EEG-10|EEG-11|EEG-12|EEG-13|EEG-14|EEG-Pz|EEG-15|EEG-16
S1,A01T.gdf,188,471279,306,770,2,1,94,EEG-Fz|EEG-0|EEG-1|EEG-2|EEG-3|EEG-4|EEG-5|EEG-C3|EEG-6|EEG-Cz|EEG-7|EEG-C4|EEG-8|EEG-9|EEG-10|EEG-11|EEG-12|EEG-13|EEG-14|EEG-Pz|EEG-15|EEG-16
S1,A01T.gdf,190,475321,306,770,2,1,95,EEG-Fz|EEG-0|EEG-1|EEG-2|EEG-3|EEG-4|EEG-5|EEG-C3|EEG-6|EEG-Cz|EEG-7|EEG-C4|EEG-8|EEG-9|EEG-10|EEG-11|EEG-12|EEG-13|EEG-14|EEG-Pz|EEG-15|EEG-16
S1,A01T.gdf,193,481711,404,769,1,0,96,EEG-Fz|EEG-0|EEG-1|EEG-2|EEG-3|EEG-4|EEG-5|EEG-C3|EEG-6|EEG-Cz|EEG-7|EEG-C4|EEG-8|EEG-9|EEG-10|EEG-11|EEG-12|EEG-13|EEG-14|EEG-Pz|EEG-15|EEG-16
S1,A01T.gdf,195,485581,404,770,2,1,97,EEG-Fz|EEG-0|EEG-1|EEG-2|EEG-3|EEG-4|EEG-5|EEG-C3|EEG-6|EEG-Cz|EEG-7|EEG-C4|EEG-8|EEG-9|EEG-10|EEG-11|EEG-12|EEG-13|EEG-14|EEG-Pz|EEG-15|EEG-16
S1,A01T.gdf,197,489700,404,769,1,0,98,EEG-Fz|EEG-0|EEG-1|EEG-2|EEG-3|EEG-4|EEG-5|EEG-C3|EEG-6|EEG-Cz|EEG-7|EEG-C4|EEG-8|EEG-9|EEG-10|EEG-11|EEG-12|EEG-13|EEG-14|EEG-Pz|EEG-15|EEG-16
S1,A01T.gdf,198,491617,404,769,1,0,99,EEG-Fz|EEG-0|EEG-1|EEG-2|EEG-3|EEG-4|EEG-5|EEG-C3|EEG-6|EEG-Cz|EEG-7|EEG-C4|EEG-8|EEG-9|EEG-10|EEG-11|EEG-12|EEG-13|EEG-14|EEG-Pz|EEG-15|EEG-16
S1,A01T.gdf,201,497596,404,770,2,1,100,EEG-Fz|EEG-0|EEG-1|EEG-2|EEG-3|EEG-4|EEG-5|EEG-C3|EEG-6|EEG-Cz|EEG-7|EEG-C4|EEG-8|EEG-9|EEG-10|EEG-11|EEG-12|EEG-13|EEG-14|EEG-Pz|EEG-15|EEG-16
S1,A01T.gdf,203,501397,404,770,2,1,101,EEG-Fz|EEG-0|EEG-1|EEG-2|EEG-3|EEG-4|EEG-5|EEG-C3|EEG-6|EEG-Cz|EEG-7|EEG-C4|EEG-8|EEG-9|EEG-10|EEG-11|EEG-12|EEG-13|EEG-14|EEG-Pz|EEG-15|EEG-16
S1,A01T.gdf,204,503369,404,770,2,1,102,EEG-Fz|EEG-0|EEG-1|EEG-2|EEG-3|EEG-4|EEG-5|EEG-C3|EEG-6|EEG-Cz|EEG-7|EEG-C4|EEG-8|EEG-9|EEG-10|EEG-11|EEG-12|EEG-13|EEG-14|EEG-Pz|EEG-15|EEG-16
S1,A01T.gdf,205,505313,404,769,1,0,103,EEG-Fz|EEG-0|EEG-1|EEG-2|EEG-3|EEG-4|EEG-5|EEG-C3|EEG-6|EEG-Cz|EEG-7|EEG-C4|EEG-8|EEG-9|EEG-10|EEG-11|EEG-12|EEG-13|EEG-14|EEG-Pz|EEG-15|EEG-16
S1,A01T.gdf,206,507280,404,770,2,1,104,EEG-Fz|EEG-0|EEG-1|EEG-2|EEG-3|EEG-4|EEG-5|EEG-C3|EEG-6|EEG-Cz|EEG-7|EEG-C4|EEG-8|EEG-9|EEG-10|EEG-11|EEG-12|EEG-13|EEG-14|EEG-Pz|EEG-15|EEG-16
S1,A01T.gdf,209,513474,404,770,2,1,105,EEG-Fz|EEG-0|EEG-1|EEG-2|EEG-3|EEG-4|EEG-5|EEG-C3|EEG-6|EEG-Cz|EEG-7|EEG-C4|EEG-8|EEG-9|EEG-10|EEG-11|EEG-12|EEG-13|EEG-14|EEG-Pz|EEG-15|EEG-16
S1,A01T.gdf,210,515510,404,770,2,1,106,EEG-Fz|EEG-0|EEG-1|EEG-2|EEG-3|EEG-4|EEG-5|EEG-C3|EEG-6|EEG-Cz|EEG-7|EEG-C4|EEG-8|EEG-9|EEG-10|EEG-11|EEG-12|EEG-13|EEG-14|EEG-Pz|EEG-15|EEG-16
S1,A01T.gdf,211,517576,404,770,2,1,107,EEG-Fz|EEG-0|EEG-1|EEG-2|EEG-3|EEG-4|EEG-5|EEG-C3|EEG-6|EEG-Cz|EEG-7|EEG-C4|EEG-8|EEG-9|EEG-10|EEG-11|EEG-12|EEG-13|EEG-14|EEG-Pz|EEG-15|EEG-16
S1,A01T.gdf,212,519646,404,770,2,1,108,EEG-Fz|EEG-0|EEG-1|EEG-2|EEG-3|EEG-4|EEG-5|EEG-C3|EEG-6|EEG-Cz|EEG-7|EEG-C4|EEG-8|EEG-9|EEG-10|EEG-11|EEG-12|EEG-13|EEG-14|EEG-Pz|EEG-15|EEG-16
S1,A01T.gdf,217,529583,404,769,1,0,109,EEG-Fz|EEG-0|EEG-1|EEG-2|EEG-3|EEG-4|EEG-5|EEG-C3|EEG-6|EEG-Cz|EEG-7|EEG-C4|EEG-8|EEG-9|EEG-10|EEG-11|EEG-12|EEG-13|EEG-14|EEG-Pz|EEG-15|EEG-16
S1,A01T.gdf,218,531687,404,770,2,1,110,EEG-Fz|EEG-0|EEG-1|EEG-2|EEG-3|EEG-4|EEG-5|EEG-C3|EEG-6|EEG-Cz|EEG-7|EEG-C4|EEG-8|EEG-9|EEG-10|EEG-11|EEG-12|EEG-13|EEG-14|EEG-Pz|EEG-15|EEG-16
S1,A01T.gdf,220,535666,404,770,2,1,111,EEG-Fz|EEG-0|EEG-1|EEG-2|EEG-3|EEG-4|EEG-5|EEG-C3|EEG-6|EEG-Cz|EEG-7|EEG-C4|EEG-8|EEG-9|EEG-10|EEG-11|EEG-12|EEG-13|EEG-14|EEG-Pz|EEG-15|EEG-16
S1,A01T.gdf,221,537692,404,769,1,0,112,EEG-Fz|EEG-0|EEG-1|EEG-2|EEG-3|EEG-4|EEG-5|EEG-C3|EEG-6|EEG-Cz|EEG-7|EEG-C4|EEG-8|EEG-9|EEG-10|EEG-11|EEG-12|EEG-13|EEG-14|EEG-Pz|EEG-15|EEG-16
S1,A01T.gdf,223,541870,404,769,1,0,113,EEG-Fz|EEG-0|EEG-1|EEG-2|EEG-3|EEG-4|EEG-5|EEG-C3|EEG-6|EEG-Cz|EEG-7|EEG-C4|EEG-8|EEG-9|EEG-10|EEG-11|EEG-12|EEG-13|EEG-14|EEG-Pz|EEG-15|EEG-16
S1,A01T.gdf,225,546053,404,769,1,0,114,EEG-Fz|EEG-0|EEG-1|EEG-2|EEG-3|EEG-4|EEG-5|EEG-C3|EEG-6|EEG-Cz|EEG-7|EEG-C4|EEG-8|EEG-9|EEG-10|EEG-11|EEG-12|EEG-13|EEG-14|EEG-Pz|EEG-15|EEG-16
S1,A01T.gdf,226,548096,404,769,1,0,115,EEG-Fz|EEG-0|EEG-1|EEG-2|EEG-3|EEG-4|EEG-5|EEG-C3|EEG-6|EEG-Cz|EEG-7|EEG-C4|EEG-8|EEG-9|EEG-10|EEG-11|EEG-12|EEG-13|EEG-14|EEG-Pz|EEG-15|EEG-16
S1,A01T.gdf,227,550160,404,769,1,0,116,EEG-Fz|EEG-0|EEG-1|EEG-2|EEG-3|EEG-4|EEG-5|EEG-C3|EEG-6|EEG-Cz|EEG-7|EEG-C4|EEG-8|EEG-9|EEG-10|EEG-11|EEG-12|EEG-13|EEG-14|EEG-Pz|EEG-15|EEG-16
S1,A01T.gdf,228,552180,404,769,1,0,117,EEG-Fz|EEG-0|EEG-1|EEG-2|EEG-3|EEG-4|EEG-5|EEG-C3|EEG-6|EEG-Cz|EEG-7|EEG-C4|EEG-8|EEG-9|EEG-10|EEG-11|EEG-12|EEG-13|EEG-14|EEG-Pz|EEG-15|EEG-16
S1,A01T.gdf,232,560121,404,770,2,1,118,EEG-Fz|EEG-0|EEG-1|EEG-2|EEG-3|EEG-4|EEG-5|EEG-C3|EEG-6|EEG-Cz|EEG-7|EEG-C4|EEG-8|EEG-9|EEG-10|EEG-11|EEG-12|EEG-13|EEG-14|EEG-Pz|EEG-15|EEG-16
S1,A01T.gdf,238,572156,404,769,1,0,119,EEG-Fz|EEG-0|EEG-1|EEG-2|EEG-3|EEG-4|EEG-5|EEG-C3|EEG-6|EEG-Cz|EEG-7|EEG-C4|EEG-8|EEG-9|EEG-10|EEG-11|EEG-12|EEG-13|EEG-14|EEG-Pz|EEG-15|EEG-16
S1,A01T.gdf,240,576543,503,769,1,0,120,EEG-Fz|EEG-0|EEG-1|EEG-2|EEG-3|EEG-4|EEG-5|EEG-C3|EEG-6|EEG-Cz|EEG-7|EEG-C4|EEG-8|EEG-9|EEG-10|EEG-11|EEG-12|EEG-13|EEG-14|EEG-Pz|EEG-15|EEG-16
S1,A01T.gdf,242,580464,503,770,2,1,121,EEG-Fz|EEG-0|EEG-1|EEG-2|EEG-3|EEG-4|EEG-5|EEG-C3|EEG-6|EEG-Cz|EEG-7|EEG-C4|EEG-8|EEG-9|EEG-10|EEG-11|EEG-12|EEG-13|EEG-14|EEG-Pz|EEG-15|EEG-16
S1,A01T.gdf,249,594431,503,770,2,1,122,EEG-Fz|EEG-0|EEG-1|EEG-2|EEG-3|EEG-4|EEG-5|EEG-C3|EEG-6|EEG-Cz|EEG-7|EEG-C4|EEG-8|EEG-9|EEG-10|EEG-11|EEG-12|EEG-13|EEG-14|EEG-Pz|EEG-15|EEG-16
S1,A01T.gdf,252,600204,503,769,1,0,123,EEG-Fz|EEG-0|EEG-1|EEG-2|EEG-3|EEG-4|EEG-5|EEG-C3|EEG-6|EEG-Cz|EEG-7|EEG-C4|EEG-8|EEG-9|EEG-10|EEG-11|EEG-12|EEG-13|EEG-14|EEG-Pz|EEG-15|EEG-16
S1,A01T.gdf,253,602148,503,770,2,1,124,EEG-Fz|EEG-0|EEG-1|EEG-2|EEG-3|EEG-4|EEG-5|EEG-C3|EEG-6|EEG-Cz|EEG-7|EEG-C4|EEG-8|EEG-9|EEG-10|EEG-11|EEG-12|EEG-13|EEG-14|EEG-Pz|EEG-15|EEG-16
S1,A01T.gdf,254,604115,503,770,2,1,125,EEG-Fz|EEG-0|EEG-1|EEG-2|EEG-3|EEG-4|EEG-5|EEG-C3|EEG-6|EEG-Cz|EEG-7|EEG-C4|EEG-8|EEG-9|EEG-10|EEG-11|EEG-12|EEG-13|EEG-14|EEG-Pz|EEG-15|EEG-16
S1,A01T.gdf,255,606235,503,770,2,1,126,EEG-Fz|EEG-0|EEG-1|EEG-2|EEG-3|EEG-4|EEG-5|EEG-C3|EEG-6|EEG-Cz|EEG-7|EEG-C4|EEG-8|EEG-9|EEG-10|EEG-11|EEG-12|EEG-13|EEG-14|EEG-Pz|EEG-15|EEG-16
S1,A01T.gdf,257,610309,503,770,2,1,127,EEG-Fz|EEG-0|EEG-1|EEG-2|EEG-3|EEG-4|EEG-5|EEG-C3|EEG-6|EEG-Cz|EEG-7|EEG-C4|EEG-8|EEG-9|EEG-10|EEG-11|EEG-12|EEG-13|EEG-14|EEG-Pz|EEG-15|EEG-16
S1,A01T.gdf,261,618561,503,770,2,1,128,EEG-Fz|EEG-0|EEG-1|EEG-2|EEG-3|EEG-4|EEG-5|EEG-C3|EEG-6|EEG-Cz|EEG-7|EEG-C4|EEG-8|EEG-9|EEG-10|EEG-11|EEG-12|EEG-13|EEG-14|EEG-Pz|EEG-15|EEG-16
S1,A01T.gdf,263,622504,503,769,1,0,129,EEG-Fz|EEG-0|EEG-1|EEG-2|EEG-3|EEG-4|EEG-5|EEG-C3|EEG-6|EEG-Cz|EEG-7|EEG-C4|EEG-8|EEG-9|EEG-10|EEG-11|EEG-12|EEG-13|EEG-14|EEG-Pz|EEG-15|EEG-16
S1,A01T.gdf,265,626418,503,769,1,0,130,EEG-Fz|EEG-0|EEG-1|EEG-2|EEG-3|EEG-4|EEG-5|EEG-C3|EEG-6|EEG-Cz|EEG-7|EEG-C4|EEG-8|EEG-9|EEG-10|EEG-11|EEG-12|EEG-13|EEG-14|EEG-Pz|EEG-15|EEG-16
S1,A01T.gdf,268,632501,503,769,1,0,131,EEG-Fz|EEG-0|EEG-1|EEG-2|EEG-3|EEG-4|EEG-5|EEG-C3|EEG-6|EEG-Cz|EEG-7|EEG-C4|EEG-8|EEG-9|EEG-10|EEG-11|EEG-12|EEG-13|EEG-14|EEG-Pz|EEG-15|EEG-16
S1,A01T.gdf,270,636598,503,769,1,0,132,EEG-Fz|EEG-0|EEG-1|EEG-2|EEG-3|EEG-4|EEG-5|EEG-C3|EEG-6|EEG-Cz|EEG-7|EEG-C4|EEG-8|EEG-9|EEG-10|EEG-11|EEG-12|EEG-13|EEG-14|EEG-Pz|EEG-15|EEG-16
S1,A01T.gdf,271,638705,503,770,2,1,133,EEG-Fz|EEG-0|EEG-1|EEG-2|EEG-3|EEG-4|EEG-5|EEG-C3|EEG-6|EEG-Cz|EEG-7|EEG-C4|EEG-8|EEG-9|EEG-10|EEG-11|EEG-12|EEG-13|EEG-14|EEG-Pz|EEG-15|EEG-16
S1,A01T.gdf,272,640797,503,770,2,1,134,EEG-Fz|EEG-0|EEG-1|EEG-2|EEG-3|EEG-4|EEG-5|EEG-C3|EEG-6|EEG-Cz|EEG-7|EEG-C4|EEG-8|EEG-9|EEG-10|EEG-11|EEG-12|EEG-13|EEG-14|EEG-Pz|EEG-15|EEG-16
S1,A01T.gdf,273,642888,503,769,1,0,135,EEG-Fz|EEG-0|EEG-1|EEG-2|EEG-3|EEG-4|EEG-5|EEG-C3|EEG-6|EEG-Cz|EEG-7|EEG-C4|EEG-8|EEG-9|EEG-10|EEG-11|EEG-12|EEG-13|EEG-14|EEG-Pz|EEG-15|EEG-16
S1,A01T.gdf,275,646995,503,769,1,0,136,EEG-Fz|EEG-0|EEG-1|EEG-2|EEG-3|EEG-4|EEG-5|EEG-C3|EEG-6|EEG-Cz|EEG-7|EEG-C4|EEG-8|EEG-9|EEG-10|EEG-11|EEG-12|EEG-13|EEG-14|EEG-Pz|EEG-15|EEG-16
S1,A01T.gdf,279,654875,503,769,1,0,137,EEG-Fz|EEG-0|EEG-1|EEG-2|EEG-3|EEG-4|EEG-5|EEG-C3|EEG-6|EEG-Cz|EEG-7|EEG-C4|EEG-8|EEG-9|EEG-10|EEG-11|EEG-12|EEG-13|EEG-14|EEG-Pz|EEG-15|EEG-16
S1,A01T.gdf,281,658934,503,770,2,1,138,EEG-Fz|EEG-0|EEG-1|EEG-2|EEG-3|EEG-4|EEG-5|EEG-C3|EEG-6|EEG-Cz|EEG-7|EEG-C4|EEG-8|EEG-9|EEG-10|EEG-11|EEG-12|EEG-13|EEG-14|EEG-Pz|EEG-15|EEG-16
S1,A01T.gdf,282,660924,503,770,2,1,139,EEG-Fz|EEG-0|EEG-1|EEG-2|EEG-3|EEG-4|EEG-5|EEG-C3|EEG-6|EEG-Cz|EEG-7|EEG-C4|EEG-8|EEG-9|EEG-10|EEG-11|EEG-12|EEG-13|EEG-14|EEG-Pz|EEG-15|EEG-16
S1,A01T.gdf,283,663043,503,769,1,0,140,EEG-Fz|EEG-0|EEG-1|EEG-2|EEG-3|EEG-4|EEG-5|EEG-C3|EEG-6|EEG-Cz|EEG-7|EEG-C4|EEG-8|EEG-9|EEG-10|EEG-11|EEG-12|EEG-13|EEG-14|EEG-Pz|EEG-15|EEG-16
S1,A01T.gdf,285,666877,503,769,1,0,141,EEG-Fz|EEG-0|EEG-1|EEG-2|EEG-3|EEG-4|EEG-5|EEG-C3|EEG-6|EEG-Cz|EEG-7|EEG-C4|EEG-8|EEG-9|EEG-10|EEG-11|EEG-12|EEG-13|EEG-14|EEG-Pz|EEG-15|EEG-16
S1,A01T.gdf,286,668991,503,770,2,1,142,EEG-Fz|EEG-0|EEG-1|EEG-2|EEG-3|EEG-4|EEG-5|EEG-C3|EEG-6|EEG-Cz|EEG-7|EEG-C4|EEG-8|EEG-9|EEG-10|EEG-11|EEG-12|EEG-13|EEG-14|EEG-Pz|EEG-15|EEG-16
S1,A01T.gdf,287,671050,503,769,1,0,143,EEG-Fz|EEG-0|EEG-1|EEG-2|EEG-3|EEG-4|EEG-5|EEG-C3|EEG-6|EEG-Cz|EEG-7|EEG-C4|EEG-8|EEG-9|EEG-10|EEG-11|EEG-12|EEG-13|EEG-14|EEG-Pz|EEG-15|EEG-16
S2,A01E.gdf,0,106840,6,783,1,WITHHELD,144,EEG-Fz|EEG-0|EEG-1|EEG-2|EEG-3|EEG-4|EEG-5|EEG-C3|EEG-6|EEG-Cz|EEG-7|EEG-C4|EEG-8|EEG-9|EEG-10|EEG-11|EEG-12|EEG-13|EEG-14|EEG-Pz|EEG-15|EEG-16
S2,A01E.gdf,1,108843,6,783,2,WITHHELD,145,EEG-Fz|EEG-0|EEG-1|EEG-2|EEG-3|EEG-4|EEG-5|EEG-C3|EEG-6|EEG-Cz|EEG-7|EEG-C4|EEG-8|EEG-9|EEG-10|EEG-11|EEG-12|EEG-13|EEG-14|EEG-Pz|EEG-15|EEG-16
S2,A01E.gdf,2,110761,6,783,2,WITHHELD,146,EEG-Fz|EEG-0|EEG-1|EEG-2|EEG-3|EEG-4|EEG-5|EEG-C3|EEG-6|EEG-Cz|EEG-7|EEG-C4|EEG-8|EEG-9|EEG-10|EEG-11|EEG-12|EEG-13|EEG-14|EEG-Pz|EEG-15|EEG-16
S2,A01E.gdf,3,112713,6,783,1,WITHHELD,147,EEG-Fz|EEG-0|EEG-1|EEG-2|EEG-3|EEG-4|EEG-5|EEG-C3|EEG-6|EEG-Cz|EEG-7|EEG-C4|EEG-8|EEG-9|EEG-10|EEG-11|EEG-12|EEG-13|EEG-14|EEG-Pz|EEG-15|EEG-16
S2,A01E.gdf,4,114721,6,783,2,WITHHELD,148,EEG-Fz|EEG-0|EEG-1|EEG-2|EEG-3|EEG-4|EEG-5|EEG-C3|EEG-6|EEG-Cz|EEG-7|EEG-C4|EEG-8|EEG-9|EEG-10|EEG-11|EEG-12|EEG-13|EEG-14|EEG-Pz|EEG-15|EEG-16
S2,A01E.gdf,5,116832,6,783,1,WITHHELD,149,EEG-Fz|EEG-0|EEG-1|EEG-2|EEG-3|EEG-4|EEG-5|EEG-C3|EEG-6|EEG-Cz|EEG-7|EEG-C4|EEG-8|EEG-9|EEG-10|EEG-11|EEG-12|EEG-13|EEG-14|EEG-Pz|EEG-15|EEG-16
S2,A01E.gdf,6,118749,6,783,2,WITHHELD,150,EEG-Fz|EEG-0|EEG-1|EEG-2|EEG-3|EEG-4|EEG-5|EEG-C3|EEG-6|EEG-Cz|EEG-7|EEG-C4|EEG-8|EEG-9|EEG-10|EEG-11|EEG-12|EEG-13|EEG-14|EEG-Pz|EEG-15|EEG-16
S2,A01E.gdf,8,122730,6,783,2,WITHHELD,151,EEG-Fz|EEG-0|EEG-1|EEG-2|EEG-3|EEG-4|EEG-5|EEG-C3|EEG-6|EEG-Cz|EEG-7|EEG-C4|EEG-8|EEG-9|EEG-10|EEG-11|EEG-12|EEG-13|EEG-14|EEG-Pz|EEG-15|EEG-16
S2,A01E.gdf,10,126634,6,783,1,WITHHELD,152,EEG-Fz|EEG-0|EEG-1|EEG-2|EEG-3|EEG-4|EEG-5|EEG-C3|EEG-6|EEG-Cz|EEG-7|EEG-C4|EEG-8|EEG-9|EEG-10|EEG-11|EEG-12|EEG-13|EEG-14|EEG-Pz|EEG-15|EEG-16
S2,A01E.gdf,12,130501,6,783,2,WITHHELD,153,EEG-Fz|EEG-0|EEG-1|EEG-2|EEG-3|EEG-4|EEG-5|EEG-C3|EEG-6|EEG-Cz|EEG-7|EEG-C4|EEG-8|EEG-9|EEG-10|EEG-11|EEG-12|EEG-13|EEG-14|EEG-Pz|EEG-15|EEG-16
S2,A01E.gdf,13,132445,6,783,1,WITHHELD,154,EEG-Fz|EEG-0|EEG-1|EEG-2|EEG-3|EEG-4|EEG-5|EEG-C3|EEG-6|EEG-Cz|EEG-7|EEG-C4|EEG-8|EEG-9|EEG-10|EEG-11|EEG-12|EEG-13|EEG-14|EEG-Pz|EEG-15|EEG-16
S2,A01E.gdf,19,144708,6,783,1,WITHHELD,155,EEG-Fz|EEG-0|EEG-1|EEG-2|EEG-3|EEG-4|EEG-5|EEG-C3|EEG-6|EEG-Cz|EEG-7|EEG-C4|EEG-8|EEG-9|EEG-10|EEG-11|EEG-12|EEG-13|EEG-14|EEG-Pz|EEG-15|EEG-16
S2,A01E.gdf,21,148858,6,783,2,WITHHELD,156,EEG-Fz|EEG-0|EEG-1|EEG-2|EEG-3|EEG-4|EEG-5|EEG-C3|EEG-6|EEG-Cz|EEG-7|EEG-C4|EEG-8|EEG-9|EEG-10|EEG-11|EEG-12|EEG-13|EEG-14|EEG-Pz|EEG-15|EEG-16
S2,A01E.gdf,22,150770,6,783,1,WITHHELD,157,EEG-Fz|EEG-0|EEG-1|EEG-2|EEG-3|EEG-4|EEG-5|EEG-C3|EEG-6|EEG-Cz|EEG-7|EEG-C4|EEG-8|EEG-9|EEG-10|EEG-11|EEG-12|EEG-13|EEG-14|EEG-Pz|EEG-15|EEG-16
S2,A01E.gdf,23,152801,6,783,1,WITHHELD,158,EEG-Fz|EEG-0|EEG-1|EEG-2|EEG-3|EEG-4|EEG-5|EEG-C3|EEG-6|EEG-Cz|EEG-7|EEG-C4|EEG-8|EEG-9|EEG-10|EEG-11|EEG-12|EEG-13|EEG-14|EEG-Pz|EEG-15|EEG-16
S2,A01E.gdf,26,158819,6,783,1,WITHHELD,159,EEG-Fz|EEG-0|EEG-1|EEG-2|EEG-3|EEG-4|EEG-5|EEG-C3|EEG-6|EEG-Cz|EEG-7|EEG-C4|EEG-8|EEG-9|EEG-10|EEG-11|EEG-12|EEG-13|EEG-14|EEG-Pz|EEG-15|EEG-16
S2,A01E.gdf,30,166895,6,783,1,WITHHELD,160,EEG-Fz|EEG-0|EEG-1|EEG-2|EEG-3|EEG-4|EEG-5|EEG-C3|EEG-6|EEG-Cz|EEG-7|EEG-C4|EEG-8|EEG-9|EEG-10|EEG-11|EEG-12|EEG-13|EEG-14|EEG-Pz|EEG-15|EEG-16
S2,A01E.gdf,31,169002,6,783,2,WITHHELD,161,EEG-Fz|EEG-0|EEG-1|EEG-2|EEG-3|EEG-4|EEG-5|EEG-C3|EEG-6|EEG-Cz|EEG-7|EEG-C4|EEG-8|EEG-9|EEG-10|EEG-11|EEG-12|EEG-13|EEG-14|EEG-Pz|EEG-15|EEG-16
S2,A01E.gdf,32,171094,6,783,1,WITHHELD,162,EEG-Fz|EEG-0|EEG-1|EEG-2|EEG-3|EEG-4|EEG-5|EEG-C3|EEG-6|EEG-Cz|EEG-7|EEG-C4|EEG-8|EEG-9|EEG-10|EEG-11|EEG-12|EEG-13|EEG-14|EEG-Pz|EEG-15|EEG-16
S2,A01E.gdf,33,173185,6,783,2,WITHHELD,163,EEG-Fz|EEG-0|EEG-1|EEG-2|EEG-3|EEG-4|EEG-5|EEG-C3|EEG-6|EEG-Cz|EEG-7|EEG-C4|EEG-8|EEG-9|EEG-10|EEG-11|EEG-12|EEG-13|EEG-14|EEG-Pz|EEG-15|EEG-16
S2,A01E.gdf,34,175228,6,783,2,WITHHELD,164,EEG-Fz|EEG-0|EEG-1|EEG-2|EEG-3|EEG-4|EEG-5|EEG-C3|EEG-6|EEG-Cz|EEG-7|EEG-C4|EEG-8|EEG-9|EEG-10|EEG-11|EEG-12|EEG-13|EEG-14|EEG-Pz|EEG-15|EEG-16
S2,A01E.gdf,35,177292,6,783,1,WITHHELD,165,EEG-Fz|EEG-0|EEG-1|EEG-2|EEG-3|EEG-4|EEG-5|EEG-C3|EEG-6|EEG-Cz|EEG-7|EEG-C4|EEG-8|EEG-9|EEG-10|EEG-11|EEG-12|EEG-13|EEG-14|EEG-Pz|EEG-15|EEG-16
S2,A01E.gdf,36,179312,6,783,2,WITHHELD,166,EEG-Fz|EEG-0|EEG-1|EEG-2|EEG-3|EEG-4|EEG-5|EEG-C3|EEG-6|EEG-Cz|EEG-7|EEG-C4|EEG-8|EEG-9|EEG-10|EEG-11|EEG-12|EEG-13|EEG-14|EEG-Pz|EEG-15|EEG-16
S2,A01E.gdf,38,183247,6,783,2,WITHHELD,167,EEG-Fz|EEG-0|EEG-1|EEG-2|EEG-3|EEG-4|EEG-5|EEG-C3|EEG-6|EEG-Cz|EEG-7|EEG-C4|EEG-8|EEG-9|EEG-10|EEG-11|EEG-12|EEG-13|EEG-14|EEG-Pz|EEG-15|EEG-16
S2,A01E.gdf,50,207596,106,783,2,WITHHELD,168,EEG-Fz|EEG-0|EEG-1|EEG-2|EEG-3|EEG-4|EEG-5|EEG-C3|EEG-6|EEG-Cz|EEG-7|EEG-C4|EEG-8|EEG-9|EEG-10|EEG-11|EEG-12|EEG-13|EEG-14|EEG-Pz|EEG-15|EEG-16
S2,A01E.gdf,51,209548,106,783,1,WITHHELD,169,EEG-Fz|EEG-0|EEG-1|EEG-2|EEG-3|EEG-4|EEG-5|EEG-C3|EEG-6|EEG-Cz|EEG-7|EEG-C4|EEG-8|EEG-9|EEG-10|EEG-11|EEG-12|EEG-13|EEG-14|EEG-Pz|EEG-15|EEG-16
S2,A01E.gdf,52,211556,106,783,1,WITHHELD,170,EEG-Fz|EEG-0|EEG-1|EEG-2|EEG-3|EEG-4|EEG-5|EEG-C3|EEG-6|EEG-Cz|EEG-7|EEG-C4|EEG-8|EEG-9|EEG-10|EEG-11|EEG-12|EEG-13|EEG-14|EEG-Pz|EEG-15|EEG-16
S2,A01E.gdf,53,213667,106,783,2,WITHHELD,171,EEG-Fz|EEG-0|EEG-1|EEG-2|EEG-3|EEG-4|EEG-5|EEG-C3|EEG-6|EEG-Cz|EEG-7|EEG-C4|EEG-8|EEG-9|EEG-10|EEG-11|EEG-12|EEG-13|EEG-14|EEG-Pz|EEG-15|EEG-16
S2,A01E.gdf,56,219565,106,783,2,WITHHELD,172,EEG-Fz|EEG-0|EEG-1|EEG-2|EEG-3|EEG-4|EEG-5|EEG-C3|EEG-6|EEG-Cz|EEG-7|EEG-C4|EEG-8|EEG-9|EEG-10|EEG-11|EEG-12|EEG-13|EEG-14|EEG-Pz|EEG-15|EEG-16
S2,A01E.gdf,58,223469,106,783,1,WITHHELD,173,EEG-Fz|EEG-0|EEG-1|EEG-2|EEG-3|EEG-4|EEG-5|EEG-C3|EEG-6|EEG-Cz|EEG-7|EEG-C4|EEG-8|EEG-9|EEG-10|EEG-11|EEG-12|EEG-13|EEG-14|EEG-Pz|EEG-15|EEG-16
S2,A01E.gdf,59,225364,106,783,1,WITHHELD,174,EEG-Fz|EEG-0|EEG-1|EEG-2|EEG-3|EEG-4|EEG-5|EEG-C3|EEG-6|EEG-Cz|EEG-7|EEG-C4|EEG-8|EEG-9|EEG-10|EEG-11|EEG-12|EEG-13|EEG-14|EEG-Pz|EEG-15|EEG-16
S2,A01E.gdf,60,227336,106,783,1,WITHHELD,175,EEG-Fz|EEG-0|EEG-1|EEG-2|EEG-3|EEG-4|EEG-5|EEG-C3|EEG-6|EEG-Cz|EEG-7|EEG-C4|EEG-8|EEG-9|EEG-10|EEG-11|EEG-12|EEG-13|EEG-14|EEG-Pz|EEG-15|EEG-16
S2,A01E.gdf,62,231247,106,783,2,WITHHELD,176,EEG-Fz|EEG-0|EEG-1|EEG-2|EEG-3|EEG-4|EEG-5|EEG-C3|EEG-6|EEG-Cz|EEG-7|EEG-C4|EEG-8|EEG-9|EEG-10|EEG-11|EEG-12|EEG-13|EEG-14|EEG-Pz|EEG-15|EEG-16
S2,A01E.gdf,63,233367,106,783,2,WITHHELD,177,EEG-Fz|EEG-0|EEG-1|EEG-2|EEG-3|EEG-4|EEG-5|EEG-C3|EEG-6|EEG-Cz|EEG-7|EEG-C4|EEG-8|EEG-9|EEG-10|EEG-11|EEG-12|EEG-13|EEG-14|EEG-Pz|EEG-15|EEG-16
S2,A01E.gdf,64,235375,106,783,1,WITHHELD,178,EEG-Fz|EEG-0|EEG-1|EEG-2|EEG-3|EEG-4|EEG-5|EEG-C3|EEG-6|EEG-Cz|EEG-7|EEG-C4|EEG-8|EEG-9|EEG-10|EEG-11|EEG-12|EEG-13|EEG-14|EEG-Pz|EEG-15|EEG-16
S2,A01E.gdf,65,237441,106,783,1,WITHHELD,179,EEG-Fz|EEG-0|EEG-1|EEG-2|EEG-3|EEG-4|EEG-5|EEG-C3|EEG-6|EEG-Cz|EEG-7|EEG-C4|EEG-8|EEG-9|EEG-10|EEG-11|EEG-12|EEG-13|EEG-14|EEG-Pz|EEG-15|EEG-16
S2,A01E.gdf,67,241543,106,783,1,WITHHELD,180,EEG-Fz|EEG-0|EEG-1|EEG-2|EEG-3|EEG-4|EEG-5|EEG-C3|EEG-6|EEG-Cz|EEG-7|EEG-C4|EEG-8|EEG-9|EEG-10|EEG-11|EEG-12|EEG-13|EEG-14|EEG-Pz|EEG-15|EEG-16
S2,A01E.gdf,68,243613,106,783,2,WITHHELD,181,EEG-Fz|EEG-0|EEG-1|EEG-2|EEG-3|EEG-4|EEG-5|EEG-C3|EEG-6|EEG-Cz|EEG-7|EEG-C4|EEG-8|EEG-9|EEG-10|EEG-11|EEG-12|EEG-13|EEG-14|EEG-Pz|EEG-15|EEG-16
S2,A01E.gdf,72,251589,106,783,1,WITHHELD,182,EEG-Fz|EEG-0|EEG-1|EEG-2|EEG-3|EEG-4|EEG-5|EEG-C3|EEG-6|EEG-Cz|EEG-7|EEG-C4|EEG-8|EEG-9|EEG-10|EEG-11|EEG-12|EEG-13|EEG-14|EEG-Pz|EEG-15|EEG-16
S2,A01E.gdf,75,257658,106,783,2,WITHHELD,183,EEG-Fz|EEG-0|EEG-1|EEG-2|EEG-3|EEG-4|EEG-5|EEG-C3|EEG-6|EEG-Cz|EEG-7|EEG-C4|EEG-8|EEG-9|EEG-10|EEG-11|EEG-12|EEG-13|EEG-14|EEG-Pz|EEG-15|EEG-16
S2,A01E.gdf,78,263730,106,783,2,WITHHELD,184,EEG-Fz|EEG-0|EEG-1|EEG-2|EEG-3|EEG-4|EEG-5|EEG-C3|EEG-6|EEG-Cz|EEG-7|EEG-C4|EEG-8|EEG-9|EEG-10|EEG-11|EEG-12|EEG-13|EEG-14|EEG-Pz|EEG-15|EEG-16
S2,A01E.gdf,79,265837,106,783,1,WITHHELD,185,EEG-Fz|EEG-0|EEG-1|EEG-2|EEG-3|EEG-4|EEG-5|EEG-C3|EEG-6|EEG-Cz|EEG-7|EEG-C4|EEG-8|EEG-9|EEG-10|EEG-11|EEG-12|EEG-13|EEG-14|EEG-Pz|EEG-15|EEG-16
S2,A01E.gdf,80,267929,106,783,2,WITHHELD,186,EEG-Fz|EEG-0|EEG-1|EEG-2|EEG-3|EEG-4|EEG-5|EEG-C3|EEG-6|EEG-Cz|EEG-7|EEG-C4|EEG-8|EEG-9|EEG-10|EEG-11|EEG-12|EEG-13|EEG-14|EEG-Pz|EEG-15|EEG-16
S2,A01E.gdf,86,280082,106,783,1,WITHHELD,187,EEG-Fz|EEG-0|EEG-1|EEG-2|EEG-3|EEG-4|EEG-5|EEG-C3|EEG-6|EEG-Cz|EEG-7|EEG-C4|EEG-8|EEG-9|EEG-10|EEG-11|EEG-12|EEG-13|EEG-14|EEG-Pz|EEG-15|EEG-16
S2,A01E.gdf,88,284088,106,783,2,WITHHELD,188,EEG-Fz|EEG-0|EEG-1|EEG-2|EEG-3|EEG-4|EEG-5|EEG-C3|EEG-6|EEG-Cz|EEG-7|EEG-C4|EEG-8|EEG-9|EEG-10|EEG-11|EEG-12|EEG-13|EEG-14|EEG-Pz|EEG-15|EEG-16
S2,A01E.gdf,90,288056,106,783,2,WITHHELD,189,EEG-Fz|EEG-0|EEG-1|EEG-2|EEG-3|EEG-4|EEG-5|EEG-C3|EEG-6|EEG-Cz|EEG-7|EEG-C4|EEG-8|EEG-9|EEG-10|EEG-11|EEG-12|EEG-13|EEG-14|EEG-Pz|EEG-15|EEG-16
S2,A01E.gdf,93,294009,106,783,2,WITHHELD,190,EEG-Fz|EEG-0|EEG-1|EEG-2|EEG-3|EEG-4|EEG-5|EEG-C3|EEG-6|EEG-Cz|EEG-7|EEG-C4|EEG-8|EEG-9|EEG-10|EEG-11|EEG-12|EEG-13|EEG-14|EEG-Pz|EEG-15|EEG-16
S2,A01E.gdf,95,298182,106,783,1,WITHHELD,191,EEG-Fz|EEG-0|EEG-1|EEG-2|EEG-3|EEG-4|EEG-5|EEG-C3|EEG-6|EEG-Cz|EEG-7|EEG-C4|EEG-8|EEG-9|EEG-10|EEG-11|EEG-12|EEG-13|EEG-14|EEG-Pz|EEG-15|EEG-16
S2,A01E.gdf,96,300510,205,783,1,WITHHELD,192,EEG-Fz|EEG-0|EEG-1|EEG-2|EEG-3|EEG-4|EEG-5|EEG-C3|EEG-6|EEG-Cz|EEG-7|EEG-C4|EEG-8|EEG-9|EEG-10|EEG-11|EEG-12|EEG-13|EEG-14|EEG-Pz|EEG-15|EEG-16
S2,A01E.gdf,97,302513,205,783,1,WITHHELD,193,EEG-Fz|EEG-0|EEG-1|EEG-2|EEG-3|EEG-4|EEG-5|EEG-C3|EEG-6|EEG-Cz|EEG-7|EEG-C4|EEG-8|EEG-9|EEG-10|EEG-11|EEG-12|EEG-13|EEG-14|EEG-Pz|EEG-15|EEG-16
S2,A01E.gdf,99,306383,205,783,2,WITHHELD,194,EEG-Fz|EEG-0|EEG-1|EEG-2|EEG-3|EEG-4|EEG-5|EEG-C3|EEG-6|EEG-Cz|EEG-7|EEG-C4|EEG-8|EEG-9|EEG-10|EEG-11|EEG-12|EEG-13|EEG-14|EEG-Pz|EEG-15|EEG-16
S2,A01E.gdf,100,308391,205,783,1,WITHHELD,195,EEG-Fz|EEG-0|EEG-1|EEG-2|EEG-3|EEG-4|EEG-5|EEG-C3|EEG-6|EEG-Cz|EEG-7|EEG-C4|EEG-8|EEG-9|EEG-10|EEG-11|EEG-12|EEG-13|EEG-14|EEG-Pz|EEG-15|EEG-16
S2,A01E.gdf,102,312419,205,783,1,WITHHELD,196,EEG-Fz|EEG-0|EEG-1|EEG-2|EEG-3|EEG-4|EEG-5|EEG-C3|EEG-6|EEG-Cz|EEG-7|EEG-C4|EEG-8|EEG-9|EEG-10|EEG-11|EEG-12|EEG-13|EEG-14|EEG-Pz|EEG-15|EEG-16
S2,A01E.gdf,104,316400,205,783,2,WITHHELD,197,EEG-Fz|EEG-0|EEG-1|EEG-2|EEG-3|EEG-4|EEG-5|EEG-C3|EEG-6|EEG-Cz|EEG-7|EEG-C4|EEG-8|EEG-9|EEG-10|EEG-11|EEG-12|EEG-13|EEG-14|EEG-Pz|EEG-15|EEG-16
S2,A01E.gdf,106,320304,205,783,1,WITHHELD,198,EEG-Fz|EEG-0|EEG-1|EEG-2|EEG-3|EEG-4|EEG-5|EEG-C3|EEG-6|EEG-Cz|EEG-7|EEG-C4|EEG-8|EEG-9|EEG-10|EEG-11|EEG-12|EEG-13|EEG-14|EEG-Pz|EEG-15|EEG-16
S2,A01E.gdf,109,326115,205,783,1,WITHHELD,199,EEG-Fz|EEG-0|EEG-1|EEG-2|EEG-3|EEG-4|EEG-5|EEG-C3|EEG-6|EEG-Cz|EEG-7|EEG-C4|EEG-8|EEG-9|EEG-10|EEG-11|EEG-12|EEG-13|EEG-14|EEG-Pz|EEG-15|EEG-16
S2,A01E.gdf,111,330202,205,783,2,WITHHELD,200,EEG-Fz|EEG-0|EEG-1|EEG-2|EEG-3|EEG-4|EEG-5|EEG-C3|EEG-6|EEG-Cz|EEG-7|EEG-C4|EEG-8|EEG-9|EEG-10|EEG-11|EEG-12|EEG-13|EEG-14|EEG-Pz|EEG-15|EEG-16
S2,A01E.gdf,116,340448,205,783,1,WITHHELD,201,EEG-Fz|EEG-0|EEG-1|EEG-2|EEG-3|EEG-4|EEG-5|EEG-C3|EEG-6|EEG-Cz|EEG-7|EEG-C4|EEG-8|EEG-9|EEG-10|EEG-11|EEG-12|EEG-13|EEG-14|EEG-Pz|EEG-15|EEG-16
S2,A01E.gdf,118,344440,205,783,2,WITHHELD,202,EEG-Fz|EEG-0|EEG-1|EEG-2|EEG-3|EEG-4|EEG-5|EEG-C3|EEG-6|EEG-Cz|EEG-7|EEG-C4|EEG-8|EEG-9|EEG-10|EEG-11|EEG-12|EEG-13|EEG-14|EEG-Pz|EEG-15|EEG-16
S2,A01E.gdf,120,348424,205,783,2,WITHHELD,203,EEG-Fz|EEG-0|EEG-1|EEG-2|EEG-3|EEG-4|EEG-5|EEG-C3|EEG-6|EEG-Cz|EEG-7|EEG-C4|EEG-8|EEG-9|EEG-10|EEG-11|EEG-12|EEG-13|EEG-14|EEG-Pz|EEG-15|EEG-16
S2,A01E.gdf,121,350385,205,783,1,WITHHELD,204,EEG-Fz|EEG-0|EEG-1|EEG-2|EEG-3|EEG-4|EEG-5|EEG-C3|EEG-6|EEG-Cz|EEG-7|EEG-C4|EEG-8|EEG-9|EEG-10|EEG-11|EEG-12|EEG-13|EEG-14|EEG-Pz|EEG-15|EEG-16
S2,A01E.gdf,123,354493,205,783,2,WITHHELD,205,EEG-Fz|EEG-0|EEG-1|EEG-2|EEG-3|EEG-4|EEG-5|EEG-C3|EEG-6|EEG-Cz|EEG-7|EEG-C4|EEG-8|EEG-9|EEG-10|EEG-11|EEG-12|EEG-13|EEG-14|EEG-Pz|EEG-15|EEG-16
S2,A01E.gdf,124,356468,205,783,1,WITHHELD,206,EEG-Fz|EEG-0|EEG-1|EEG-2|EEG-3|EEG-4|EEG-5|EEG-C3|EEG-6|EEG-Cz|EEG-7|EEG-C4|EEG-8|EEG-9|EEG-10|EEG-11|EEG-12|EEG-13|EEG-14|EEG-Pz|EEG-15|EEG-16
S2,A01E.gdf,127,362672,205,783,1,WITHHELD,207,EEG-Fz|EEG-0|EEG-1|EEG-2|EEG-3|EEG-4|EEG-5|EEG-C3|EEG-6|EEG-Cz|EEG-7|EEG-C4|EEG-8|EEG-9|EEG-10|EEG-11|EEG-12|EEG-13|EEG-14|EEG-Pz|EEG-15|EEG-16
S2,A01E.gdf,131,370962,205,783,2,WITHHELD,208,EEG-Fz|EEG-0|EEG-1|EEG-2|EEG-3|EEG-4|EEG-5|EEG-C3|EEG-6|EEG-Cz|EEG-7|EEG-C4|EEG-8|EEG-9|EEG-10|EEG-11|EEG-12|EEG-13|EEG-14|EEG-Pz|EEG-15|EEG-16
S2,A01E.gdf,132,372982,205,783,1,WITHHELD,209,EEG-Fz|EEG-0|EEG-1|EEG-2|EEG-3|EEG-4|EEG-5|EEG-C3|EEG-6|EEG-Cz|EEG-7|EEG-C4|EEG-8|EEG-9|EEG-10|EEG-11|EEG-12|EEG-13|EEG-14|EEG-Pz|EEG-15|EEG-16
S2,A01E.gdf,133,374954,205,783,2,WITHHELD,210,EEG-Fz|EEG-0|EEG-1|EEG-2|EEG-3|EEG-4|EEG-5|EEG-C3|EEG-6|EEG-Cz|EEG-7|EEG-C4|EEG-8|EEG-9|EEG-10|EEG-11|EEG-12|EEG-13|EEG-14|EEG-Pz|EEG-15|EEG-16
S2,A01E.gdf,135,378842,205,783,2,WITHHELD,211,EEG-Fz|EEG-0|EEG-1|EEG-2|EEG-3|EEG-4|EEG-5|EEG-C3|EEG-6|EEG-Cz|EEG-7|EEG-C4|EEG-8|EEG-9|EEG-10|EEG-11|EEG-12|EEG-13|EEG-14|EEG-Pz|EEG-15|EEG-16
S2,A01E.gdf,138,384891,205,783,2,WITHHELD,212,EEG-Fz|EEG-0|EEG-1|EEG-2|EEG-3|EEG-4|EEG-5|EEG-C3|EEG-6|EEG-Cz|EEG-7|EEG-C4|EEG-8|EEG-9|EEG-10|EEG-11|EEG-12|EEG-13|EEG-14|EEG-Pz|EEG-15|EEG-16
S2,A01E.gdf,139,387010,205,783,2,WITHHELD,213,EEG-Fz|EEG-0|EEG-1|EEG-2|EEG-3|EEG-4|EEG-5|EEG-C3|EEG-6|EEG-Cz|EEG-7|EEG-C4|EEG-8|EEG-9|EEG-10|EEG-11|EEG-12|EEG-13|EEG-14|EEG-Pz|EEG-15|EEG-16
S2,A01E.gdf,140,388916,205,783,2,WITHHELD,214,EEG-Fz|EEG-0|EEG-1|EEG-2|EEG-3|EEG-4|EEG-5|EEG-C3|EEG-6|EEG-Cz|EEG-7|EEG-C4|EEG-8|EEG-9|EEG-10|EEG-11|EEG-12|EEG-13|EEG-14|EEG-Pz|EEG-15|EEG-16
S2,A01E.gdf,143,395017,205,783,1,WITHHELD,215,EEG-Fz|EEG-0|EEG-1|EEG-2|EEG-3|EEG-4|EEG-5|EEG-C3|EEG-6|EEG-Cz|EEG-7|EEG-C4|EEG-8|EEG-9|EEG-10|EEG-11|EEG-12|EEG-13|EEG-14|EEG-Pz|EEG-15|EEG-16
S2,A01E.gdf,144,397345,303,783,2,WITHHELD,216,EEG-Fz|EEG-0|EEG-1|EEG-2|EEG-3|EEG-4|EEG-5|EEG-C3|EEG-6|EEG-Cz|EEG-7|EEG-C4|EEG-8|EEG-9|EEG-10|EEG-11|EEG-12|EEG-13|EEG-14|EEG-Pz|EEG-15|EEG-16
S2,A01E.gdf,146,401266,303,783,1,WITHHELD,217,EEG-Fz|EEG-0|EEG-1|EEG-2|EEG-3|EEG-4|EEG-5|EEG-C3|EEG-6|EEG-Cz|EEG-7|EEG-C4|EEG-8|EEG-9|EEG-10|EEG-11|EEG-12|EEG-13|EEG-14|EEG-Pz|EEG-15|EEG-16
S2,A01E.gdf,150,409254,303,783,1,WITHHELD,218,EEG-Fz|EEG-0|EEG-1|EEG-2|EEG-3|EEG-4|EEG-5|EEG-C3|EEG-6|EEG-Cz|EEG-7|EEG-C4|EEG-8|EEG-9|EEG-10|EEG-11|EEG-12|EEG-13|EEG-14|EEG-Pz|EEG-15|EEG-16
S2,A01E.gdf,151,411304,303,783,1,WITHHELD,219,EEG-Fz|EEG-0|EEG-1|EEG-2|EEG-3|EEG-4|EEG-5|EEG-C3|EEG-6|EEG-Cz|EEG-7|EEG-C4|EEG-8|EEG-9|EEG-10|EEG-11|EEG-12|EEG-13|EEG-14|EEG-Pz|EEG-15|EEG-16
S2,A01E.gdf,153,415233,303,783,2,WITHHELD,220,EEG-Fz|EEG-0|EEG-1|EEG-2|EEG-3|EEG-4|EEG-5|EEG-C3|EEG-6|EEG-Cz|EEG-7|EEG-C4|EEG-8|EEG-9|EEG-10|EEG-11|EEG-12|EEG-13|EEG-14|EEG-Pz|EEG-15|EEG-16
S2,A01E.gdf,157,422950,303,783,2,WITHHELD,221,EEG-Fz|EEG-0|EEG-1|EEG-2|EEG-3|EEG-4|EEG-5|EEG-C3|EEG-6|EEG-Cz|EEG-7|EEG-C4|EEG-8|EEG-9|EEG-10|EEG-11|EEG-12|EEG-13|EEG-14|EEG-Pz|EEG-15|EEG-16
S2,A01E.gdf,158,424917,303,783,1,WITHHELD,222,EEG-Fz|EEG-0|EEG-1|EEG-2|EEG-3|EEG-4|EEG-5|EEG-C3|EEG-6|EEG-Cz|EEG-7|EEG-C4|EEG-8|EEG-9|EEG-10|EEG-11|EEG-12|EEG-13|EEG-14|EEG-Pz|EEG-15|EEG-16
S2,A01E.gdf,160,429045,303,783,2,WITHHELD,223,EEG-Fz|EEG-0|EEG-1|EEG-2|EEG-3|EEG-4|EEG-5|EEG-C3|EEG-6|EEG-Cz|EEG-7|EEG-C4|EEG-8|EEG-9|EEG-10|EEG-11|EEG-12|EEG-13|EEG-14|EEG-Pz|EEG-15|EEG-16
S2,A01E.gdf,162,433147,303,783,1,WITHHELD,224,EEG-Fz|EEG-0|EEG-1|EEG-2|EEG-3|EEG-4|EEG-5|EEG-C3|EEG-6|EEG-Cz|EEG-7|EEG-C4|EEG-8|EEG-9|EEG-10|EEG-11|EEG-12|EEG-13|EEG-14|EEG-Pz|EEG-15|EEG-16
S2,A01E.gdf,165,439363,303,783,2,WITHHELD,225,EEG-Fz|EEG-0|EEG-1|EEG-2|EEG-3|EEG-4|EEG-5|EEG-C3|EEG-6|EEG-Cz|EEG-7|EEG-C4|EEG-8|EEG-9|EEG-10|EEG-11|EEG-12|EEG-13|EEG-14|EEG-Pz|EEG-15|EEG-16
S2,A01E.gdf,168,445259,303,783,1,WITHHELD,226,EEG-Fz|EEG-0|EEG-1|EEG-2|EEG-3|EEG-4|EEG-5|EEG-C3|EEG-6|EEG-Cz|EEG-7|EEG-C4|EEG-8|EEG-9|EEG-10|EEG-11|EEG-12|EEG-13|EEG-14|EEG-Pz|EEG-15|EEG-16
S2,A01E.gdf,169,447220,303,783,2,WITHHELD,227,EEG-Fz|EEG-0|EEG-1|EEG-2|EEG-3|EEG-4|EEG-5|EEG-C3|EEG-6|EEG-Cz|EEG-7|EEG-C4|EEG-8|EEG-9|EEG-10|EEG-11|EEG-12|EEG-13|EEG-14|EEG-Pz|EEG-15|EEG-16
S2,A01E.gdf,170,449324,303,783,2,WITHHELD,228,EEG-Fz|EEG-0|EEG-1|EEG-2|EEG-3|EEG-4|EEG-5|EEG-C3|EEG-6|EEG-Cz|EEG-7|EEG-C4|EEG-8|EEG-9|EEG-10|EEG-11|EEG-12|EEG-13|EEG-14|EEG-Pz|EEG-15|EEG-16
S2,A01E.gdf,173,455329,303,783,2,WITHHELD,229,EEG-Fz|EEG-0|EEG-1|EEG-2|EEG-3|EEG-4|EEG-5|EEG-C3|EEG-6|EEG-Cz|EEG-7|EEG-C4|EEG-8|EEG-9|EEG-10|EEG-11|EEG-12|EEG-13|EEG-14|EEG-Pz|EEG-15|EEG-16
S2,A01E.gdf,174,457400,303,783,1,WITHHELD,230,EEG-Fz|EEG-0|EEG-1|EEG-2|EEG-3|EEG-4|EEG-5|EEG-C3|EEG-6|EEG-Cz|EEG-7|EEG-C4|EEG-8|EEG-9|EEG-10|EEG-11|EEG-12|EEG-13|EEG-14|EEG-Pz|EEG-15|EEG-16
S2,A01E.gdf,175,459507,303,783,1,WITHHELD,231,EEG-Fz|EEG-0|EEG-1|EEG-2|EEG-3|EEG-4|EEG-5|EEG-C3|EEG-6|EEG-Cz|EEG-7|EEG-C4|EEG-8|EEG-9|EEG-10|EEG-11|EEG-12|EEG-13|EEG-14|EEG-Pz|EEG-15|EEG-16
S2,A01E.gdf,177,463690,303,783,2,WITHHELD,232,EEG-Fz|EEG-0|EEG-1|EEG-2|EEG-3|EEG-4|EEG-5|EEG-C3|EEG-6|EEG-Cz|EEG-7|EEG-C4|EEG-8|EEG-9|EEG-10|EEG-11|EEG-12|EEG-13|EEG-14|EEG-Pz|EEG-15|EEG-16
S2,A01E.gdf,178,465733,303,783,1,WITHHELD,233,EEG-Fz|EEG-0|EEG-1|EEG-2|EEG-3|EEG-4|EEG-5|EEG-C3|EEG-6|EEG-Cz|EEG-7|EEG-C4|EEG-8|EEG-9|EEG-10|EEG-11|EEG-12|EEG-13|EEG-14|EEG-Pz|EEG-15|EEG-16
S2,A01E.gdf,180,469817,303,783,2,WITHHELD,234,EEG-Fz|EEG-0|EEG-1|EEG-2|EEG-3|EEG-4|EEG-5|EEG-C3|EEG-6|EEG-Cz|EEG-7|EEG-C4|EEG-8|EEG-9|EEG-10|EEG-11|EEG-12|EEG-13|EEG-14|EEG-Pz|EEG-15|EEG-16
S2,A01E.gdf,181,471789,303,783,2,WITHHELD,235,EEG-Fz|EEG-0|EEG-1|EEG-2|EEG-3|EEG-4|EEG-5|EEG-C3|EEG-6|EEG-Cz|EEG-7|EEG-C4|EEG-8|EEG-9|EEG-10|EEG-11|EEG-12|EEG-13|EEG-14|EEG-Pz|EEG-15|EEG-16
S2,A01E.gdf,183,475677,303,783,1,WITHHELD,236,EEG-Fz|EEG-0|EEG-1|EEG-2|EEG-3|EEG-4|EEG-5|EEG-C3|EEG-6|EEG-Cz|EEG-7|EEG-C4|EEG-8|EEG-9|EEG-10|EEG-11|EEG-12|EEG-13|EEG-14|EEG-Pz|EEG-15|EEG-16
S2,A01E.gdf,189,487679,303,783,1,WITHHELD,237,EEG-Fz|EEG-0|EEG-1|EEG-2|EEG-3|EEG-4|EEG-5|EEG-C3|EEG-6|EEG-Cz|EEG-7|EEG-C4|EEG-8|EEG-9|EEG-10|EEG-11|EEG-12|EEG-13|EEG-14|EEG-Pz|EEG-15|EEG-16
S2,A01E.gdf,190,489793,303,783,2,WITHHELD,238,EEG-Fz|EEG-0|EEG-1|EEG-2|EEG-3|EEG-4|EEG-5|EEG-C3|EEG-6|EEG-Cz|EEG-7|EEG-C4|EEG-8|EEG-9|EEG-10|EEG-11|EEG-12|EEG-13|EEG-14|EEG-Pz|EEG-15|EEG-16
S2,A01E.gdf,191,491852,303,783,1,WITHHELD,239,EEG-Fz|EEG-0|EEG-1|EEG-2|EEG-3|EEG-4|EEG-5|EEG-C3|EEG-6|EEG-Cz|EEG-7|EEG-C4|EEG-8|EEG-9|EEG-10|EEG-11|EEG-12|EEG-13|EEG-14|EEG-Pz|EEG-15|EEG-16
S2,A01E.gdf,192,494180,401,783,2,WITHHELD,240,EEG-Fz|EEG-0|EEG-1|EEG-2|EEG-3|EEG-4|EEG-5|EEG-C3|EEG-6|EEG-Cz|EEG-7|EEG-C4|EEG-8|EEG-9|EEG-10|EEG-11|EEG-12|EEG-13|EEG-14|EEG-Pz|EEG-15|EEG-16
S2,A01E.gdf,193,496183,401,783,1,WITHHELD,241,EEG-Fz|EEG-0|EEG-1|EEG-2|EEG-3|EEG-4|EEG-5|EEG-C3|EEG-6|EEG-Cz|EEG-7|EEG-C4|EEG-8|EEG-9|EEG-10|EEG-11|EEG-12|EEG-13|EEG-14|EEG-Pz|EEG-15|EEG-16
S2,A01E.gdf,194,498101,401,783,1,WITHHELD,242,EEG-Fz|EEG-0|EEG-1|EEG-2|EEG-3|EEG-4|EEG-5|EEG-C3|EEG-6|EEG-Cz|EEG-7|EEG-C4|EEG-8|EEG-9|EEG-10|EEG-11|EEG-12|EEG-13|EEG-14|EEG-Pz|EEG-15|EEG-16
S2,A01E.gdf,197,504172,401,783,2,WITHHELD,243,EEG-Fz|EEG-0|EEG-1|EEG-2|EEG-3|EEG-4|EEG-5|EEG-C3|EEG-6|EEG-Cz|EEG-7|EEG-C4|EEG-8|EEG-9|EEG-10|EEG-11|EEG-12|EEG-13|EEG-14|EEG-Pz|EEG-15|EEG-16
S2,A01E.gdf,200,510070,401,783,1,WITHHELD,244,EEG-Fz|EEG-0|EEG-1|EEG-2|EEG-3|EEG-4|EEG-5|EEG-C3|EEG-6|EEG-Cz|EEG-7|EEG-C4|EEG-8|EEG-9|EEG-10|EEG-11|EEG-12|EEG-13|EEG-14|EEG-Pz|EEG-15|EEG-16
S2,A01E.gdf,202,513974,401,783,1,WITHHELD,245,EEG-Fz|EEG-0|EEG-1|EEG-2|EEG-3|EEG-4|EEG-5|EEG-C3|EEG-6|EEG-Cz|EEG-7|EEG-C4|EEG-8|EEG-9|EEG-10|EEG-11|EEG-12|EEG-13|EEG-14|EEG-Pz|EEG-15|EEG-16
S2,A01E.gdf,203,515869,401,783,1,WITHHELD,246,EEG-Fz|EEG-0|EEG-1|EEG-2|EEG-3|EEG-4|EEG-5|EEG-C3|EEG-6|EEG-Cz|EEG-7|EEG-C4|EEG-8|EEG-9|EEG-10|EEG-11|EEG-12|EEG-13|EEG-14|EEG-Pz|EEG-15|EEG-16
S2,A01E.gdf,204,517841,401,783,2,WITHHELD,247,EEG-Fz|EEG-0|EEG-1|EEG-2|EEG-3|EEG-4|EEG-5|EEG-C3|EEG-6|EEG-Cz|EEG-7|EEG-C4|EEG-8|EEG-9|EEG-10|EEG-11|EEG-12|EEG-13|EEG-14|EEG-Pz|EEG-15|EEG-16
S2,A01E.gdf,207,523872,401,783,2,WITHHELD,248,EEG-Fz|EEG-0|EEG-1|EEG-2|EEG-3|EEG-4|EEG-5|EEG-C3|EEG-6|EEG-Cz|EEG-7|EEG-C4|EEG-8|EEG-9|EEG-10|EEG-11|EEG-12|EEG-13|EEG-14|EEG-Pz|EEG-15|EEG-16
S2,A01E.gdf,213,536198,401,783,2,WITHHELD,249,EEG-Fz|EEG-0|EEG-1|EEG-2|EEG-3|EEG-4|EEG-5|EEG-C3|EEG-6|EEG-Cz|EEG-7|EEG-C4|EEG-8|EEG-9|EEG-10|EEG-11|EEG-12|EEG-13|EEG-14|EEG-Pz|EEG-15|EEG-16
S2,A01E.gdf,214,538110,401,783,2,WITHHELD,250,EEG-Fz|EEG-0|EEG-1|EEG-2|EEG-3|EEG-4|EEG-5|EEG-C3|EEG-6|EEG-Cz|EEG-7|EEG-C4|EEG-8|EEG-9|EEG-10|EEG-11|EEG-12|EEG-13|EEG-14|EEG-Pz|EEG-15|EEG-16
S2,A01E.gdf,216,542094,401,783,1,WITHHELD,251,EEG-Fz|EEG-0|EEG-1|EEG-2|EEG-3|EEG-4|EEG-5|EEG-C3|EEG-6|EEG-Cz|EEG-7|EEG-C4|EEG-8|EEG-9|EEG-10|EEG-11|EEG-12|EEG-13|EEG-14|EEG-Pz|EEG-15|EEG-16
S2,A01E.gdf,217,544055,401,783,2,WITHHELD,252,EEG-Fz|EEG-0|EEG-1|EEG-2|EEG-3|EEG-4|EEG-5|EEG-C3|EEG-6|EEG-Cz|EEG-7|EEG-C4|EEG-8|EEG-9|EEG-10|EEG-11|EEG-12|EEG-13|EEG-14|EEG-Pz|EEG-15|EEG-16
S2,A01E.gdf,218,546159,401,783,2,WITHHELD,253,EEG-Fz|EEG-0|EEG-1|EEG-2|EEG-3|EEG-4|EEG-5|EEG-C3|EEG-6|EEG-Cz|EEG-7|EEG-C4|EEG-8|EEG-9|EEG-10|EEG-11|EEG-12|EEG-13|EEG-14|EEG-Pz|EEG-15|EEG-16
S2,A01E.gdf,219,548163,401,783,2,WITHHELD,254,EEG-Fz|EEG-0|EEG-1|EEG-2|EEG-3|EEG-4|EEG-5|EEG-C3|EEG-6|EEG-Cz|EEG-7|EEG-C4|EEG-8|EEG-9|EEG-10|EEG-11|EEG-12|EEG-13|EEG-14|EEG-Pz|EEG-15|EEG-16
S2,A01E.gdf,222,554235,401,783,1,WITHHELD,255,EEG-Fz|EEG-0|EEG-1|EEG-2|EEG-3|EEG-4|EEG-5|EEG-C3|EEG-6|EEG-Cz|EEG-7|EEG-C4|EEG-8|EEG-9|EEG-10|EEG-11|EEG-12|EEG-13|EEG-14|EEG-Pz|EEG-15|EEG-16
S2,A01E.gdf,224,558434,401,783,1,WITHHELD,256,EEG-Fz|EEG-0|EEG-1|EEG-2|EEG-3|EEG-4|EEG-5|EEG-C3|EEG-6|EEG-Cz|EEG-7|EEG-C4|EEG-8|EEG-9|EEG-10|EEG-11|EEG-12|EEG-13|EEG-14|EEG-Pz|EEG-15|EEG-16
S2,A01E.gdf,226,562568,401,783,1,WITHHELD,257,EEG-Fz|EEG-0|EEG-1|EEG-2|EEG-3|EEG-4|EEG-5|EEG-C3|EEG-6|EEG-Cz|EEG-7|EEG-C4|EEG-8|EEG-9|EEG-10|EEG-11|EEG-12|EEG-13|EEG-14|EEG-Pz|EEG-15|EEG-16
S2,A01E.gdf,228,566652,401,783,1,WITHHELD,258,EEG-Fz|EEG-0|EEG-1|EEG-2|EEG-3|EEG-4|EEG-5|EEG-C3|EEG-6|EEG-Cz|EEG-7|EEG-C4|EEG-8|EEG-9|EEG-10|EEG-11|EEG-12|EEG-13|EEG-14|EEG-Pz|EEG-15|EEG-16
S2,A01E.gdf,230,570587,401,783,1,WITHHELD,259,EEG-Fz|EEG-0|EEG-1|EEG-2|EEG-3|EEG-4|EEG-5|EEG-C3|EEG-6|EEG-Cz|EEG-7|EEG-C4|EEG-8|EEG-9|EEG-10|EEG-11|EEG-12|EEG-13|EEG-14|EEG-Pz|EEG-15|EEG-16
S2,A01E.gdf,231,572512,401,783,2,WITHHELD,260,EEG-Fz|EEG-0|EEG-1|EEG-2|EEG-3|EEG-4|EEG-5|EEG-C3|EEG-6|EEG-Cz|EEG-7|EEG-C4|EEG-8|EEG-9|EEG-10|EEG-11|EEG-12|EEG-13|EEG-14|EEG-Pz|EEG-15|EEG-16
S2,A01E.gdf,235,580680,401,783,1,WITHHELD,261,EEG-Fz|EEG-0|EEG-1|EEG-2|EEG-3|EEG-4|EEG-5|EEG-C3|EEG-6|EEG-Cz|EEG-7|EEG-C4|EEG-8|EEG-9|EEG-10|EEG-11|EEG-12|EEG-13|EEG-14|EEG-Pz|EEG-15|EEG-16
S2,A01E.gdf,236,582586,401,783,2,WITHHELD,262,EEG-Fz|EEG-0|EEG-1|EEG-2|EEG-3|EEG-4|EEG-5|EEG-C3|EEG-6|EEG-Cz|EEG-7|EEG-C4|EEG-8|EEG-9|EEG-10|EEG-11|EEG-12|EEG-13|EEG-14|EEG-Pz|EEG-15|EEG-16
S2,A01E.gdf,238,586628,401,783,2,WITHHELD,263,EEG-Fz|EEG-0|EEG-1|EEG-2|EEG-3|EEG-4|EEG-5|EEG-C3|EEG-6|EEG-Cz|EEG-7|EEG-C4|EEG-8|EEG-9|EEG-10|EEG-11|EEG-12|EEG-13|EEG-14|EEG-Pz|EEG-15|EEG-16
S2,A01E.gdf,241,593018,498,783,1,WITHHELD,264,EEG-Fz|EEG-0|EEG-1|EEG-2|EEG-3|EEG-4|EEG-5|EEG-C3|EEG-6|EEG-Cz|EEG-7|EEG-C4|EEG-8|EEG-9|EEG-10|EEG-11|EEG-12|EEG-13|EEG-14|EEG-Pz|EEG-15|EEG-16
S2,A01E.gdf,243,596888,498,783,2,WITHHELD,265,EEG-Fz|EEG-0|EEG-1|EEG-2|EEG-3|EEG-4|EEG-5|EEG-C3|EEG-6|EEG-Cz|EEG-7|EEG-C4|EEG-8|EEG-9|EEG-10|EEG-11|EEG-12|EEG-13|EEG-14|EEG-Pz|EEG-15|EEG-16
S2,A01E.gdf,245,601007,498,783,1,WITHHELD,266,EEG-Fz|EEG-0|EEG-1|EEG-2|EEG-3|EEG-4|EEG-5|EEG-C3|EEG-6|EEG-Cz|EEG-7|EEG-C4|EEG-8|EEG-9|EEG-10|EEG-11|EEG-12|EEG-13|EEG-14|EEG-Pz|EEG-15|EEG-16
S2,A01E.gdf,246,602924,498,783,1,WITHHELD,267,EEG-Fz|EEG-0|EEG-1|EEG-2|EEG-3|EEG-4|EEG-5|EEG-C3|EEG-6|EEG-Cz|EEG-7|EEG-C4|EEG-8|EEG-9|EEG-10|EEG-11|EEG-12|EEG-13|EEG-14|EEG-Pz|EEG-15|EEG-16
S2,A01E.gdf,249,608903,498,783,2,WITHHELD,268,EEG-Fz|EEG-0|EEG-1|EEG-2|EEG-3|EEG-4|EEG-5|EEG-C3|EEG-6|EEG-Cz|EEG-7|EEG-C4|EEG-8|EEG-9|EEG-10|EEG-11|EEG-12|EEG-13|EEG-14|EEG-Pz|EEG-15|EEG-16
S2,A01E.gdf,251,612704,498,783,2,WITHHELD,269,EEG-Fz|EEG-0|EEG-1|EEG-2|EEG-3|EEG-4|EEG-5|EEG-C3|EEG-6|EEG-Cz|EEG-7|EEG-C4|EEG-8|EEG-9|EEG-10|EEG-11|EEG-12|EEG-13|EEG-14|EEG-Pz|EEG-15|EEG-16
S2,A01E.gdf,252,614676,498,783,2,WITHHELD,270,EEG-Fz|EEG-0|EEG-1|EEG-2|EEG-3|EEG-4|EEG-5|EEG-C3|EEG-6|EEG-Cz|EEG-7|EEG-C4|EEG-8|EEG-9|EEG-10|EEG-11|EEG-12|EEG-13|EEG-14|EEG-Pz|EEG-15|EEG-16
S2,A01E.gdf,253,616620,498,783,1,WITHHELD,271,EEG-Fz|EEG-0|EEG-1|EEG-2|EEG-3|EEG-4|EEG-5|EEG-C3|EEG-6|EEG-Cz|EEG-7|EEG-C4|EEG-8|EEG-9|EEG-10|EEG-11|EEG-12|EEG-13|EEG-14|EEG-Pz|EEG-15|EEG-16
S2,A01E.gdf,254,618587,498,783,2,WITHHELD,272,EEG-Fz|EEG-0|EEG-1|EEG-2|EEG-3|EEG-4|EEG-5|EEG-C3|EEG-6|EEG-Cz|EEG-7|EEG-C4|EEG-8|EEG-9|EEG-10|EEG-11|EEG-12|EEG-13|EEG-14|EEG-Pz|EEG-15|EEG-16
S2,A01E.gdf,257,624781,498,783,2,WITHHELD,273,EEG-Fz|EEG-0|EEG-1|EEG-2|EEG-3|EEG-4|EEG-5|EEG-C3|EEG-6|EEG-Cz|EEG-7|EEG-C4|EEG-8|EEG-9|EEG-10|EEG-11|EEG-12|EEG-13|EEG-14|EEG-Pz|EEG-15|EEG-16
S2,A01E.gdf,258,626817,498,783,2,WITHHELD,274,EEG-Fz|EEG-0|EEG-1|EEG-2|EEG-3|EEG-4|EEG-5|EEG-C3|EEG-6|EEG-Cz|EEG-7|EEG-C4|EEG-8|EEG-9|EEG-10|EEG-11|EEG-12|EEG-13|EEG-14|EEG-Pz|EEG-15|EEG-16
S2,A01E.gdf,259,628883,498,783,2,WITHHELD,275,EEG-Fz|EEG-0|EEG-1|EEG-2|EEG-3|EEG-4|EEG-5|EEG-C3|EEG-6|EEG-Cz|EEG-7|EEG-C4|EEG-8|EEG-9|EEG-10|EEG-11|EEG-12|EEG-13|EEG-14|EEG-Pz|EEG-15|EEG-16
S2,A01E.gdf,260,630953,498,783,2,WITHHELD,276,EEG-Fz|EEG-0|EEG-1|EEG-2|EEG-3|EEG-4|EEG-5|EEG-C3|EEG-6|EEG-Cz|EEG-7|EEG-C4|EEG-8|EEG-9|EEG-10|EEG-11|EEG-12|EEG-13|EEG-14|EEG-Pz|EEG-15|EEG-16
S2,A01E.gdf,265,640890,498,783,1,WITHHELD,277,EEG-Fz|EEG-0|EEG-1|EEG-2|EEG-3|EEG-4|EEG-5|EEG-C3|EEG-6|EEG-Cz|EEG-7|EEG-C4|EEG-8|EEG-9|EEG-10|EEG-11|EEG-12|EEG-13|EEG-14|EEG-Pz|EEG-15|EEG-16
S2,A01E.gdf,266,642994,498,783,2,WITHHELD,278,EEG-Fz|EEG-0|EEG-1|EEG-2|EEG-3|EEG-4|EEG-5|EEG-C3|EEG-6|EEG-Cz|EEG-7|EEG-C4|EEG-8|EEG-9|EEG-10|EEG-11|EEG-12|EEG-13|EEG-14|EEG-Pz|EEG-15|EEG-16
S2,A01E.gdf,268,646973,498,783,2,WITHHELD,279,EEG-Fz|EEG-0|EEG-1|EEG-2|EEG-3|EEG-4|EEG-5|EEG-C3|EEG-6|EEG-Cz|EEG-7|EEG-C4|EEG-8|EEG-9|EEG-10|EEG-11|EEG-12|EEG-13|EEG-14|EEG-Pz|EEG-15|EEG-16
S2,A01E.gdf,269,648999,498,783,1,WITHHELD,280,EEG-Fz|EEG-0|EEG-1|EEG-2|EEG-3|EEG-4|EEG-5|EEG-C3|EEG-6|EEG-Cz|EEG-7|EEG-C4|EEG-8|EEG-9|EEG-10|EEG-11|EEG-12|EEG-13|EEG-14|EEG-Pz|EEG-15|EEG-16
S2,A01E.gdf,271,653177,498,783,1,WITHHELD,281,EEG-Fz|EEG-0|EEG-1|EEG-2|EEG-3|EEG-4|EEG-5|EEG-C3|EEG-6|EEG-Cz|EEG-7|EEG-C4|EEG-8|EEG-9|EEG-10|EEG-11|EEG-12|EEG-13|EEG-14|EEG-Pz|EEG-15|EEG-16
S2,A01E.gdf,273,657360,498,783,1,WITHHELD,282,EEG-Fz|EEG-0|EEG-1|EEG-2|EEG-3|EEG-4|EEG-5|EEG-C3|EEG-6|EEG-Cz|EEG-7|EEG-C4|EEG-8|EEG-9|EEG-10|EEG-11|EEG-12|EEG-13|EEG-14|EEG-Pz|EEG-15|EEG-16
S2,A01E.gdf,274,659403,498,783,1,WITHHELD,283,EEG-Fz|EEG-0|EEG-1|EEG-2|EEG-3|EEG-4|EEG-5|EEG-C3|EEG-6|EEG-Cz|EEG-7|EEG-C4|EEG-8|EEG-9|EEG-10|EEG-11|EEG-12|EEG-13|EEG-14|EEG-Pz|EEG-15|EEG-16
S2,A01E.gdf,275,661467,498,783,1,WITHHELD,284,EEG-Fz|EEG-0|EEG-1|EEG-2|EEG-3|EEG-4|EEG-5|EEG-C3|EEG-6|EEG-Cz|EEG-7|EEG-C4|EEG-8|EEG-9|EEG-10|EEG-11|EEG-12|EEG-13|EEG-14|EEG-Pz|EEG-15|EEG-16
S2,A01E.gdf,276,663487,498,783,1,WITHHELD,285,EEG-Fz|EEG-0|EEG-1|EEG-2|EEG-3|EEG-4|EEG-5|EEG-C3|EEG-6|EEG-Cz|EEG-7|EEG-C4|EEG-8|EEG-9|EEG-10|EEG-11|EEG-12|EEG-13|EEG-14|EEG-Pz|EEG-15|EEG-16
S2,A01E.gdf,280,671428,498,783,2,WITHHELD,286,EEG-Fz|EEG-0|EEG-1|EEG-2|EEG-3|EEG-4|EEG-5|EEG-C3|EEG-6|EEG-Cz|EEG-7|EEG-C4|EEG-8|EEG-9|EEG-10|EEG-11|EEG-12|EEG-13|EEG-14|EEG-Pz|EEG-15|EEG-16
S2,A01E.gdf,286,683463,498,783,1,WITHHELD,287,EEG-Fz|EEG-0|EEG-1|EEG-2|EEG-3|EEG-4|EEG-5|EEG-C3|EEG-6|EEG-Cz|EEG-7|EEG-C4|EEG-8|EEG-9|EEG-10|EEG-11|EEG-12|EEG-13|EEG-14|EEG-Pz|EEG-15|EEG-16
