method,mode,n_trials,target_tensor_sha256,predict_median_ms,predict_p95_ms,update_median_ms,update_p95_ms
source_only_sinc,strict,144,df77881e7c4bb7b7f58ad3dd08a797de5c641d4ee33ca42d4ad1e7bfbcc45110,1.0081026703119278,1.1035343166440725,0.00046100467443466187,0.0006807968020439148
btta_dg_official,strict,144,df77881e7c4bb7b7f58ad3dd08a797de5c641d4ee33ca42d4ad1e7bfbcc45110,27.324273250997066,47.069334238767624,0.0021243467926979065,0.005686841905117029
neuroloop_static_k1,strict,144,df77881e7c4bb7b7f58ad3dd08a797de5c641d4ee33ca42d4ad1e7bfbcc45110,1.6954448074102402,1.868843287229538,0.003150664269924164,0.0036118552088737488
neuroloop_static_k4,strict,144,df77881e7c4bb7b7f58ad3dd08a797de5c641d4ee33ca42d4ad1e7bfbcc45110,4.92092315107584,5.371494963765144,0.0033262185752391815,0.004221964627504348
neuroloop_shared_k1,strict,144,df77881e7c4bb7b7f58ad3dd08a797de5c641d4ee33ca42d4ad1e7bfbcc45110,1.6868687234818935,1.908409548923373,0.3786846064031124,0.41881720535457134
neuroloop_shared_k2,strict,144,df77881e7c4bb7b7f58ad3dd08a797de5c641d4ee33ca42d4ad1e7bfbcc45110,2.7453619986772537,3.014599904417991,0.37020351737737656,0.3992247860878706
neuroloop_shared_k4,strict,144,df77881e7c4bb7b7f58ad3dd08a797de5c641d4ee33ca42d4ad1e7bfbcc45110,4.891817457973957,5.393860302865505,0.36987289786338806,0.39939689449965954
neuroloop_shared_k8,strict,144,df77881e7c4bb7b7f58ad3dd08a797de5c641d4ee33ca42d4ad1e7bfbcc45110,9.181364439427853,9.745278861373663,0.37100957706570625,0.400061858817935
neuroloop_untied_k4,strict,144,df77881e7c4bb7b7f58ad3dd08a797de5c641d4ee33ca42d4ad1e7bfbcc45110,4.935941658914089,5.358909070491791,0.36954740062355995,0.39654262363910675
