method,ea_mode,accuracy,balanced_accuracy,macro_f1,nll,ece,n_trials
source_only_sinc,paper,0.8055555555555556,0.8055555555555556,0.8009085522417538,0.6394021511077881,0.2719993558194903,144
btta_dg_official,paper,0.8055555555555556,0.8055555555555556,0.8009085522417538,0.6394021511077881,0.2719993558194903,144
neuroloop_static_k1,paper,0.7013888888888888,0.7013888888888888,0.7013744875813841,0.5762839913368225,0.1287836581468582,144
neuroloop_static_k4,paper,0.6944444444444444,0.6944444444444444,0.6934984520123839,0.5723845958709717,0.046310820927222586,144
neuroloop_shared_k1,paper,0.5416666666666666,0.5416666666666666,0.4197802197802198,0.7471712827682495,0.20750726552473175,144
neuroloop_shared_k2,paper,0.7083333333333334,0.7083333333333334,0.7013628283626308,0.6507666707038879,0.1584285874333647,144
neuroloop_shared_k4,paper,0.6458333333333334,0.6458333333333334,0.5950372208436725,0.6436446309089661,0.028308658550182955,144
neuroloop_shared_k8,paper,0.7013888888888888,0.7013888888888888,0.7012592270950934,0.55137699842453,0.03896305503116712,144
neuroloop_untied_k4,paper,0.7291666666666666,0.7291666666666667,0.7290490664350847,0.5251200199127197,0.08264859186278446,144
source_only_sinc,strict,0.8055555555555556,0.8055555555555556,0.8009085522417538,0.6394021511077881,0.2719994170798196,144
btta_dg_official,strict,0.8055555555555556,0.8055555555555556,0.8009085522417538,0.6394021511077881,0.2719994170798196,144
neuroloop_static_k1,strict,0.7013888888888888,0.7013888888888888,0.7013744875813841,0.5762839913368225,0.12878368463781142,144
neuroloop_static_k4,strict,0.6944444444444444,0.6944444444444444,0.6934984520123839,0.5723845958709717,0.04631083210309348,144
neuroloop_shared_k1,strict,0.5416666666666666,0.5416666666666666,0.4197802197802198,0.7471713423728943,0.20750726552473175,144
neuroloop_shared_k2,strict,0.7083333333333334,0.7083333333333334,0.7013628283626308,0.6507667303085327,0.1584284773303403,144
neuroloop_shared_k4,strict,0.6458333333333334,0.6458333333333334,0.5950372208436725,0.6436446309089661,0.02830867634879216,144
neuroloop_shared_k8,strict,0.7013888888888888,0.7013888888888888,0.7012592270950934,0.55137699842453,0.038963037232557916,144
neuroloop_untied_k4,strict,0.7291666666666666,0.7291666666666667,0.7290490664350847,0.5251200199127197,0.08264861214492054,144
