method,category,split,depth,n,accuracy,threshold,pass
majority,no_training,iid,all,10000,0.5,0.55,True
antecedent_frequency,no_training,iid,all,10000,0.5,0.52,True
last_hop_entity_fact,no_training,iid,all,10000,0.5,0.55,True
last_hop_indegree,no_training,iid,all,10000,0.5,0.55,True
last_hop_later_position,no_training,iid,all,10000,0.5054,0.55,True
last_hop_local_degree,no_training,iid,all,10000,0.5,0.55,True
last_hop_longer_sentence,no_training,iid,all,10000,0.4796,0.55,True
last_hop_outdegree,no_training,iid,all,10000,0.5,0.55,True
last_hop_selected_fact,no_training,iid,all,10000,0.5,0.55,True
negation_parity,no_training,iid,all,10000,0.5268,0.55,True
query_tfidf_logreg,shallow_classifier,iid,all,10000,0.5158,0.6,True
full_text_tfidf_logreg,shallow_classifier,iid,all,10000,0.5,0.6,True
structural_logreg,shallow_classifier,iid,all,10000,0.5226,0.6,True
structural_tree,shallow_classifier,iid,all,10000,0.5196,0.6,True
structural_random_forest,shallow_classifier,iid,all,10000,0.5218,0.6,True
metadata_logreg,shallow_classifier,iid,all,10000,0.5025,0.6,True
single_q_src_frequency,single_surface_feature,iid,all,10000,0.5009,0.55,True
single_q_src_indegree,single_surface_feature,iid,all,10000,0.5009,0.55,True
single_q_src_outdegree,single_surface_feature,iid,all,10000,0.5,0.55,True
single_q_src_degree,single_surface_feature,iid,all,10000,0.5009,0.55,True
single_q_src_fact_any,single_surface_feature,iid,all,10000,0.5,0.55,True
single_q_src_fact_selected,single_surface_feature,iid,all,10000,0.5,0.55,True
single_q_rule_position,single_surface_feature,iid,all,10000,0.5035,0.55,True
single_q_rule_length,single_surface_feature,iid,all,10000,0.5109,0.55,True
single_opp_src_frequency,single_surface_feature,iid,all,10000,0.5009,0.55,True
single_opp_src_indegree,single_surface_feature,iid,all,10000,0.5009,0.55,True
single_opp_src_outdegree,single_surface_feature,iid,all,10000,0.5,0.55,True
single_opp_src_degree,single_surface_feature,iid,all,10000,0.5009,0.55,True
single_opp_src_fact_any,single_surface_feature,iid,all,10000,0.5,0.55,True
single_opp_src_fact_selected,single_surface_feature,iid,all,10000,0.5,0.55,True
single_opp_rule_position,single_surface_feature,iid,all,10000,0.5021,0.55,True
single_opp_rule_length,single_surface_feature,iid,all,10000,0.5114,0.55,True
single_characters,single_surface_feature,iid,all,10000,0.4996,0.55,True
single_tokens,single_surface_feature,iid,all,10000,0.4983,0.55,True
single_negations,single_surface_feature,iid,all,10000,0.4966,0.55,True
single_rules,single_surface_feature,iid,all,10000,0.4979,0.55,True
single_facts,single_surface_feature,iid,all,10000,0.5,0.55,True
single_sentences,single_surface_feature,iid,all,10000,0.4979,0.55,True
majority,no_training,iid,1,2500,0.5,0.55,True
antecedent_frequency,no_training,iid,1,2500,0.5,0.52,True
last_hop_entity_fact,no_training,iid,1,2500,0.5,0.55,True
last_hop_indegree,no_training,iid,1,2500,0.5,0.55,True
last_hop_later_position,no_training,iid,1,2500,0.5156,0.55,True
last_hop_local_degree,no_training,iid,1,2500,0.5,0.55,True
last_hop_longer_sentence,no_training,iid,1,2500,0.4968,0.55,True
last_hop_outdegree,no_training,iid,1,2500,0.5,0.55,True
last_hop_selected_fact,no_training,iid,1,2500,0.5,0.55,True
negation_parity,no_training,iid,1,2500,0.5144,0.55,True
query_tfidf_logreg,shallow_classifier,iid,1,2500,0.5068,0.6,True
full_text_tfidf_logreg,shallow_classifier,iid,1,2500,0.5,0.6,True
structural_logreg,shallow_classifier,iid,1,2500,0.5044,0.6,True
structural_tree,shallow_classifier,iid,1,2500,0.5016,0.6,True
structural_random_forest,shallow_classifier,iid,1,2500,0.5044,0.6,True
metadata_logreg,shallow_classifier,iid,1,2500,0.4948,0.6,True
single_q_src_frequency,single_surface_feature,iid,1,2500,0.5036,0.55,True
single_q_src_indegree,single_surface_feature,iid,1,2500,0.5036,0.55,True
single_q_src_outdegree,single_surface_feature,iid,1,2500,0.5,0.55,True
single_q_src_degree,single_surface_feature,iid,1,2500,0.5036,0.55,True
single_q_src_fact_any,single_surface_feature,iid,1,2500,0.5,0.55,True
single_q_src_fact_selected,single_surface_feature,iid,1,2500,0.5,0.55,True
single_q_rule_position,single_surface_feature,iid,1,2500,0.5044,0.55,True
single_q_rule_length,single_surface_feature,iid,1,2500,0.5052,0.55,True
single_opp_src_frequency,single_surface_feature,iid,1,2500,0.5036,0.55,True
single_opp_src_indegree,single_surface_feature,iid,1,2500,0.5036,0.55,True
single_opp_src_outdegree,single_surface_feature,iid,1,2500,0.5,0.55,True
single_opp_src_degree,single_surface_feature,iid,1,2500,0.5036,0.55,True
single_opp_src_fact_any,single_surface_feature,iid,1,2500,0.5,0.55,True
single_opp_src_fact_selected,single_surface_feature,iid,1,2500,0.5,0.55,True
single_opp_rule_position,single_surface_feature,iid,1,2500,0.5064,0.55,True
single_opp_rule_length,single_surface_feature,iid,1,2500,0.4964,0.55,True
single_characters,single_surface_feature,iid,1,2500,0.4992,0.55,True
single_tokens,single_surface_feature,iid,1,2500,0.4968,0.55,True
single_negations,single_surface_feature,iid,1,2500,0.4984,0.55,True
single_rules,single_surface_feature,iid,1,2500,0.4984,0.55,True
single_facts,single_surface_feature,iid,1,2500,0.5,0.55,True
single_sentences,single_surface_feature,iid,1,2500,0.4984,0.55,True
majority,no_training,iid,2,2500,0.5,0.55,True
antecedent_frequency,no_training,iid,2,2500,0.5,0.52,True
last_hop_entity_fact,no_training,iid,2,2500,0.5,0.55,True
last_hop_indegree,no_training,iid,2,2500,0.5,0.55,True
last_hop_later_position,no_training,iid,2,2500,0.4956,0.55,True
last_hop_local_degree,no_training,iid,2,2500,0.5,0.55,True
last_hop_longer_sentence,no_training,iid,2,2500,0.4736,0.55,True
last_hop_outdegree,no_training,iid,2,2500,0.5,0.55,True
last_hop_selected_fact,no_training,iid,2,2500,0.5,0.55,True
negation_parity,no_training,iid,2,2500,0.5268,0.55,True
query_tfidf_logreg,shallow_classifier,iid,2,2500,0.5156,0.6,True
full_text_tfidf_logreg,shallow_classifier,iid,2,2500,0.5,0.6,True
structural_logreg,shallow_classifier,iid,2,2500,0.5272,0.6,True
structural_tree,shallow_classifier,iid,2,2500,0.5144,0.6,True
structural_random_forest,shallow_classifier,iid,2,2500,0.5192,0.6,True
metadata_logreg,shallow_classifier,iid,2,2500,0.506,0.6,True
single_q_src_frequency,single_surface_feature,iid,2,2500,0.5,0.55,True
single_q_src_indegree,single_surface_feature,iid,2,2500,0.5,0.55,True
single_q_src_outdegree,single_surface_feature,iid,2,2500,0.5,0.55,True
single_q_src_degree,single_surface_feature,iid,2,2500,0.5,0.55,True
single_q_src_fact_any,single_surface_feature,iid,2,2500,0.5,0.55,True
single_q_src_fact_selected,single_surface_feature,iid,2,2500,0.5,0.55,True
single_q_rule_position,single_surface_feature,iid,2,2500,0.5004,0.55,True
single_q_rule_length,single_surface_feature,iid,2,2500,0.5012,0.55,True
single_opp_src_frequency,single_surface_feature,iid,2,2500,0.5,0.55,True
single_opp_src_indegree,single_surface_feature,iid,2,2500,0.5,0.55,True
single_opp_src_outdegree,single_surface_feature,iid,2,2500,0.5,0.55,True
single_opp_src_degree,single_surface_feature,iid,2,2500,0.5,0.55,True
single_opp_src_fact_any,single_surface_feature,iid,2,2500,0.5,0.55,True
single_opp_src_fact_selected,single_surface_feature,iid,2,2500,0.5,0.55,True
single_opp_rule_position,single_surface_feature,iid,2,2500,0.5008,0.55,True
single_opp_rule_length,single_surface_feature,iid,2,2500,0.5216,0.55,True
single_characters,single_surface_feature,iid,2,2500,0.4996,0.55,True
single_tokens,single_surface_feature,iid,2,2500,0.492,0.55,True
single_negations,single_surface_feature,iid,2,2500,0.4948,0.55,True
single_rules,single_surface_feature,iid,2,2500,0.4892,0.55,True
single_facts,single_surface_feature,iid,2,2500,0.5,0.55,True
single_sentences,single_surface_feature,iid,2,2500,0.4892,0.55,True
majority,no_training,iid,3,2500,0.5,0.55,True
antecedent_frequency,no_training,iid,3,2500,0.5,0.52,True
last_hop_entity_fact,no_training,iid,3,2500,0.5,0.55,True
last_hop_indegree,no_training,iid,3,2500,0.5,0.55,True
last_hop_later_position,no_training,iid,3,2500,0.5024,0.55,True
last_hop_local_degree,no_training,iid,3,2500,0.5,0.55,True
last_hop_longer_sentence,no_training,iid,3,2500,0.4608,0.55,True
last_hop_outdegree,no_training,iid,3,2500,0.5,0.55,True
last_hop_selected_fact,no_training,iid,3,2500,0.5,0.55,True
negation_parity,no_training,iid,3,2500,0.55,0.55,True
query_tfidf_logreg,shallow_classifier,iid,3,2500,0.5328,0.6,True
full_text_tfidf_logreg,shallow_classifier,iid,3,2500,0.5,0.6,True
structural_logreg,shallow_classifier,iid,3,2500,0.546,0.6,True
structural_tree,shallow_classifier,iid,3,2500,0.5528,0.6,True
structural_random_forest,shallow_classifier,iid,3,2500,0.5544,0.6,True
metadata_logreg,shallow_classifier,iid,3,2500,0.4984,0.6,True
single_q_src_frequency,single_surface_feature,iid,3,2500,0.5,0.55,True
single_q_src_indegree,single_surface_feature,iid,3,2500,0.5,0.55,True
single_q_src_outdegree,single_surface_feature,iid,3,2500,0.5,0.55,True
single_q_src_degree,single_surface_feature,iid,3,2500,0.5,0.55,True
single_q_src_fact_any,single_surface_feature,iid,3,2500,0.5,0.55,True
single_q_src_fact_selected,single_surface_feature,iid,3,2500,0.5,0.55,True
single_q_rule_position,single_surface_feature,iid,3,2500,0.5072,0.55,True
single_q_rule_length,single_surface_feature,iid,3,2500,0.5328,0.55,True
single_opp_src_frequency,single_surface_feature,iid,3,2500,0.5,0.55,True
single_opp_src_indegree,single_surface_feature,iid,3,2500,0.5,0.55,True
single_opp_src_outdegree,single_surface_feature,iid,3,2500,0.5,0.55,True
single_opp_src_degree,single_surface_feature,iid,3,2500,0.5,0.55,True
single_opp_src_fact_any,single_surface_feature,iid,3,2500,0.5,0.55,True
single_opp_src_fact_selected,single_surface_feature,iid,3,2500,0.5,0.55,True
single_opp_rule_position,single_surface_feature,iid,3,2500,0.5008,0.55,True
single_opp_rule_length,single_surface_feature,iid,3,2500,0.5156,0.55,True
single_characters,single_surface_feature,iid,3,2500,0.4996,0.55,True
single_tokens,single_surface_feature,iid,3,2500,0.5032,0.55,True
single_negations,single_surface_feature,iid,3,2500,0.4984,0.55,True
single_rules,single_surface_feature,iid,3,2500,0.504,0.55,True
single_facts,single_surface_feature,iid,3,2500,0.5,0.55,True
single_sentences,single_surface_feature,iid,3,2500,0.504,0.55,True
majority,no_training,iid,4,2500,0.5,0.55,True
antecedent_frequency,no_training,iid,4,2500,0.5,0.52,True
last_hop_entity_fact,no_training,iid,4,2500,0.5,0.55,True
last_hop_indegree,no_training,iid,4,2500,0.5,0.55,True
last_hop_later_position,no_training,iid,4,2500,0.508,0.55,True
last_hop_local_degree,no_training,iid,4,2500,0.5,0.55,True
last_hop_longer_sentence,no_training,iid,4,2500,0.4872,0.55,True
last_hop_outdegree,no_training,iid,4,2500,0.5,0.55,True
last_hop_selected_fact,no_training,iid,4,2500,0.5,0.55,True
negation_parity,no_training,iid,4,2500,0.516,0.55,True
query_tfidf_logreg,shallow_classifier,iid,4,2500,0.508,0.6,True
full_text_tfidf_logreg,shallow_classifier,iid,4,2500,0.5,0.6,True
structural_logreg,shallow_classifier,iid,4,2500,0.5128,0.6,True
structural_tree,shallow_classifier,iid,4,2500,0.5096,0.6,True
structural_random_forest,shallow_classifier,iid,4,2500,0.5092,0.6,True
metadata_logreg,shallow_classifier,iid,4,2500,0.5108,0.6,True
single_q_src_frequency,single_surface_feature,iid,4,2500,0.5,0.55,True
single_q_src_indegree,single_surface_feature,iid,4,2500,0.5,0.55,True
single_q_src_outdegree,single_surface_feature,iid,4,2500,0.5,0.55,True
single_q_src_degree,single_surface_feature,iid,4,2500,0.5,0.55,True
single_q_src_fact_any,single_surface_feature,iid,4,2500,0.5,0.55,True
single_q_src_fact_selected,single_surface_feature,iid,4,2500,0.5,0.55,True
single_q_rule_position,single_surface_feature,iid,4,2500,0.502,0.55,True
single_q_rule_length,single_surface_feature,iid,4,2500,0.5044,0.55,True
single_opp_src_frequency,single_surface_feature,iid,4,2500,0.5,0.55,True
single_opp_src_indegree,single_surface_feature,iid,4,2500,0.5,0.55,True
single_opp_src_outdegree,single_surface_feature,iid,4,2500,0.5,0.55,True
single_opp_src_degree,single_surface_feature,iid,4,2500,0.5,0.55,True
single_opp_src_fact_any,single_surface_feature,iid,4,2500,0.5,0.55,True
single_opp_src_fact_selected,single_surface_feature,iid,4,2500,0.5,0.55,True
single_opp_rule_position,single_surface_feature,iid,4,2500,0.5004,0.55,True
single_opp_rule_length,single_surface_feature,iid,4,2500,0.512,0.55,True
single_characters,single_surface_feature,iid,4,2500,0.5,0.55,True
single_tokens,single_surface_feature,iid,4,2500,0.5012,0.55,True
single_negations,single_surface_feature,iid,4,2500,0.4948,0.55,True
single_rules,single_surface_feature,iid,4,2500,0.5,0.55,True
single_facts,single_surface_feature,iid,4,2500,0.5,0.55,True
single_sentences,single_surface_feature,iid,4,2500,0.5,0.55,True
majority,no_training,ood_12,all,5000,0.5,0.55,True
antecedent_frequency,no_training,ood_12,all,5000,0.5,0.52,True
last_hop_entity_fact,no_training,ood_12,all,5000,0.5,0.55,True
last_hop_indegree,no_training,ood_12,all,5000,0.5,0.55,True
last_hop_later_position,no_training,ood_12,all,5000,0.5042,0.55,True
last_hop_local_degree,no_training,ood_12,all,5000,0.5,0.55,True
last_hop_longer_sentence,no_training,ood_12,all,5000,0.4882,0.55,True
last_hop_outdegree,no_training,ood_12,all,5000,0.5,0.55,True
last_hop_selected_fact,no_training,ood_12,all,5000,0.5,0.55,True
negation_parity,no_training,ood_12,all,5000,0.519,0.55,True
query_tfidf_logreg,shallow_classifier,ood_12,all,5000,0.5142,0.6,True
full_text_tfidf_logreg,shallow_classifier,ood_12,all,5000,0.5,0.6,True
structural_logreg,shallow_classifier,ood_12,all,5000,0.509,0.6,True
structural_tree,shallow_classifier,ood_12,all,5000,0.5134,0.6,True
structural_random_forest,shallow_classifier,ood_12,all,5000,0.5128,0.6,True
metadata_logreg,shallow_classifier,ood_12,all,5000,0.5,0.6,True
single_q_src_frequency,single_surface_feature,ood_12,all,5000,0.5,0.55,True
single_q_src_indegree,single_surface_feature,ood_12,all,5000,0.5,0.55,True
single_q_src_outdegree,single_surface_feature,ood_12,all,5000,0.5,0.55,True
single_q_src_degree,single_surface_feature,ood_12,all,5000,0.5,0.55,True
single_q_src_fact_any,single_surface_feature,ood_12,all,5000,0.5,0.55,True
single_q_src_fact_selected,single_surface_feature,ood_12,all,5000,0.5,0.55,True
single_q_rule_position,single_surface_feature,ood_12,all,5000,0.5026,0.55,True
single_q_rule_length,single_surface_feature,ood_12,all,5000,0.5078,0.55,True
single_opp_src_frequency,single_surface_feature,ood_12,all,5000,0.5,0.55,True
single_opp_src_indegree,single_surface_feature,ood_12,all,5000,0.5,0.55,True
single_opp_src_outdegree,single_surface_feature,ood_12,all,5000,0.5,0.55,True
single_opp_src_degree,single_surface_feature,ood_12,all,5000,0.5,0.55,True
single_opp_src_fact_any,single_surface_feature,ood_12,all,5000,0.5,0.55,True
single_opp_src_fact_selected,single_surface_feature,ood_12,all,5000,0.5,0.55,True
single_opp_rule_position,single_surface_feature,ood_12,all,5000,0.501,0.55,True
single_opp_rule_length,single_surface_feature,ood_12,all,5000,0.5026,0.55,True
single_characters,single_surface_feature,ood_12,all,5000,0.4982,0.55,True
single_tokens,single_surface_feature,ood_12,all,5000,0.506,0.55,True
single_negations,single_surface_feature,ood_12,all,5000,0.4948,0.55,True
single_rules,single_surface_feature,ood_12,all,5000,0.506,0.55,True
single_facts,single_surface_feature,ood_12,all,5000,0.5,0.55,True
single_sentences,single_surface_feature,ood_12,all,5000,0.506,0.55,True
majority,no_training,ood_12,12,5000,0.5,0.55,True
antecedent_frequency,no_training,ood_12,12,5000,0.5,0.52,True
last_hop_entity_fact,no_training,ood_12,12,5000,0.5,0.55,True
last_hop_indegree,no_training,ood_12,12,5000,0.5,0.55,True
last_hop_later_position,no_training,ood_12,12,5000,0.5042,0.55,True
last_hop_local_degree,no_training,ood_12,12,5000,0.5,0.55,True
last_hop_longer_sentence,no_training,ood_12,12,5000,0.4882,0.55,True
last_hop_outdegree,no_training,ood_12,12,5000,0.5,0.55,True
last_hop_selected_fact,no_training,ood_12,12,5000,0.5,0.55,True
negation_parity,no_training,ood_12,12,5000,0.519,0.55,True
query_tfidf_logreg,shallow_classifier,ood_12,12,5000,0.5142,0.6,True
full_text_tfidf_logreg,shallow_classifier,ood_12,12,5000,0.5,0.6,True
structural_logreg,shallow_classifier,ood_12,12,5000,0.509,0.6,True
structural_tree,shallow_classifier,ood_12,12,5000,0.5134,0.6,True
structural_random_forest,shallow_classifier,ood_12,12,5000,0.5128,0.6,True
metadata_logreg,shallow_classifier,ood_12,12,5000,0.5,0.6,True
single_q_src_frequency,single_surface_feature,ood_12,12,5000,0.5,0.55,True
single_q_src_indegree,single_surface_feature,ood_12,12,5000,0.5,0.55,True
single_q_src_outdegree,single_surface_feature,ood_12,12,5000,0.5,0.55,True
single_q_src_degree,single_surface_feature,ood_12,12,5000,0.5,0.55,True
single_q_src_fact_any,single_surface_feature,ood_12,12,5000,0.5,0.55,True
single_q_src_fact_selected,single_surface_feature,ood_12,12,5000,0.5,0.55,True
single_q_rule_position,single_surface_feature,ood_12,12,5000,0.5026,0.55,True
single_q_rule_length,single_surface_feature,ood_12,12,5000,0.5078,0.55,True
single_opp_src_frequency,single_surface_feature,ood_12,12,5000,0.5,0.55,True
single_opp_src_indegree,single_surface_feature,ood_12,12,5000,0.5,0.55,True
single_opp_src_outdegree,single_surface_feature,ood_12,12,5000,0.5,0.55,True
single_opp_src_degree,single_surface_feature,ood_12,12,5000,0.5,0.55,True
single_opp_src_fact_any,single_surface_feature,ood_12,12,5000,0.5,0.55,True
single_opp_src_fact_selected,single_surface_feature,ood_12,12,5000,0.5,0.55,True
single_opp_rule_position,single_surface_feature,ood_12,12,5000,0.501,0.55,True
single_opp_rule_length,single_surface_feature,ood_12,12,5000,0.5026,0.55,True
single_characters,single_surface_feature,ood_12,12,5000,0.4982,0.55,True
single_tokens,single_surface_feature,ood_12,12,5000,0.506,0.55,True
single_negations,single_surface_feature,ood_12,12,5000,0.4948,0.55,True
single_rules,single_surface_feature,ood_12,12,5000,0.506,0.55,True
single_facts,single_surface_feature,ood_12,12,5000,0.5,0.55,True
single_sentences,single_surface_feature,ood_12,12,5000,0.506,0.55,True
majority,no_training,ood_6,all,5000,0.5,0.55,True
antecedent_frequency,no_training,ood_6,all,5000,0.5,0.52,True
last_hop_entity_fact,no_training,ood_6,all,5000,0.5,0.55,True
last_hop_indegree,no_training,ood_6,all,5000,0.5,0.55,True
last_hop_later_position,no_training,ood_6,all,5000,0.4926,0.55,True
last_hop_local_degree,no_training,ood_6,all,5000,0.5,0.55,True
last_hop_longer_sentence,no_training,ood_6,all,5000,0.4854,0.55,True
last_hop_outdegree,no_training,ood_6,all,5000,0.5,0.55,True
last_hop_selected_fact,no_training,ood_6,all,5000,0.5,0.55,True
negation_parity,no_training,ood_6,all,5000,0.5186,0.55,True
query_tfidf_logreg,shallow_classifier,ood_6,all,5000,0.5234,0.6,True
full_text_tfidf_logreg,shallow_classifier,ood_6,all,5000,0.5,0.6,True
structural_logreg,shallow_classifier,ood_6,all,5000,0.5164,0.6,True
structural_tree,shallow_classifier,ood_6,all,5000,0.5148,0.6,True
structural_random_forest,shallow_classifier,ood_6,all,5000,0.518,0.6,True
metadata_logreg,shallow_classifier,ood_6,all,5000,0.5052,0.6,True
single_q_src_frequency,single_surface_feature,ood_6,all,5000,0.5,0.55,True
single_q_src_indegree,single_surface_feature,ood_6,all,5000,0.5,0.55,True
single_q_src_outdegree,single_surface_feature,ood_6,all,5000,0.5,0.55,True
single_q_src_degree,single_surface_feature,ood_6,all,5000,0.5,0.55,True
single_q_src_fact_any,single_surface_feature,ood_6,all,5000,0.5,0.55,True
single_q_src_fact_selected,single_surface_feature,ood_6,all,5000,0.5,0.55,True
single_q_rule_position,single_surface_feature,ood_6,all,5000,0.4976,0.55,True
single_q_rule_length,single_surface_feature,ood_6,all,5000,0.511,0.55,True
single_opp_src_frequency,single_surface_feature,ood_6,all,5000,0.5,0.55,True
single_opp_src_indegree,single_surface_feature,ood_6,all,5000,0.5,0.55,True
single_opp_src_outdegree,single_surface_feature,ood_6,all,5000,0.5,0.55,True
single_opp_src_degree,single_surface_feature,ood_6,all,5000,0.5,0.55,True
single_opp_src_fact_any,single_surface_feature,ood_6,all,5000,0.5,0.55,True
single_opp_src_fact_selected,single_surface_feature,ood_6,all,5000,0.5,0.55,True
single_opp_rule_position,single_surface_feature,ood_6,all,5000,0.499,0.55,True
single_opp_rule_length,single_surface_feature,ood_6,all,5000,0.5126,0.55,True
single_characters,single_surface_feature,ood_6,all,5000,0.5002,0.55,True
single_tokens,single_surface_feature,ood_6,all,5000,0.5054,0.55,True
single_negations,single_surface_feature,ood_6,all,5000,0.4982,0.55,True
single_rules,single_surface_feature,ood_6,all,5000,0.5026,0.55,True
single_facts,single_surface_feature,ood_6,all,5000,0.5,0.55,True
single_sentences,single_surface_feature,ood_6,all,5000,0.5026,0.55,True
majority,no_training,ood_6,6,5000,0.5,0.55,True
antecedent_frequency,no_training,ood_6,6,5000,0.5,0.52,True
last_hop_entity_fact,no_training,ood_6,6,5000,0.5,0.55,True
last_hop_indegree,no_training,ood_6,6,5000,0.5,0.55,True
last_hop_later_position,no_training,ood_6,6,5000,0.4926,0.55,True
last_hop_local_degree,no_training,ood_6,6,5000,0.5,0.55,True
last_hop_longer_sentence,no_training,ood_6,6,5000,0.4854,0.55,True
last_hop_outdegree,no_training,ood_6,6,5000,0.5,0.55,True
last_hop_selected_fact,no_training,ood_6,6,5000,0.5,0.55,True
negation_parity,no_training,ood_6,6,5000,0.5186,0.55,True
query_tfidf_logreg,shallow_classifier,ood_6,6,5000,0.5234,0.6,True
full_text_tfidf_logreg,shallow_classifier,ood_6,6,5000,0.5,0.6,True
structural_logreg,shallow_classifier,ood_6,6,5000,0.5164,0.6,True
structural_tree,shallow_classifier,ood_6,6,5000,0.5148,0.6,True
structural_random_forest,shallow_classifier,ood_6,6,5000,0.518,0.6,True
metadata_logreg,shallow_classifier,ood_6,6,5000,0.5052,0.6,True
single_q_src_frequency,single_surface_feature,ood_6,6,5000,0.5,0.55,True
single_q_src_indegree,single_surface_feature,ood_6,6,5000,0.5,0.55,True
single_q_src_outdegree,single_surface_feature,ood_6,6,5000,0.5,0.55,True
single_q_src_degree,single_surface_feature,ood_6,6,5000,0.5,0.55,True
single_q_src_fact_any,single_surface_feature,ood_6,6,5000,0.5,0.55,True
single_q_src_fact_selected,single_surface_feature,ood_6,6,5000,0.5,0.55,True
single_q_rule_position,single_surface_feature,ood_6,6,5000,0.4976,0.55,True
single_q_rule_length,single_surface_feature,ood_6,6,5000,0.511,0.55,True
single_opp_src_frequency,single_surface_feature,ood_6,6,5000,0.5,0.55,True
single_opp_src_indegree,single_surface_feature,ood_6,6,5000,0.5,0.55,True
single_opp_src_outdegree,single_surface_feature,ood_6,6,5000,0.5,0.55,True
single_opp_src_degree,single_surface_feature,ood_6,6,5000,0.5,0.55,True
single_opp_src_fact_any,single_surface_feature,ood_6,6,5000,0.5,0.55,True
single_opp_src_fact_selected,single_surface_feature,ood_6,6,5000,0.5,0.55,True
single_opp_rule_position,single_surface_feature,ood_6,6,5000,0.499,0.55,True
single_opp_rule_length,single_surface_feature,ood_6,6,5000,0.5126,0.55,True
single_characters,single_surface_feature,ood_6,6,5000,0.5002,0.55,True
single_tokens,single_surface_feature,ood_6,6,5000,0.5054,0.55,True
single_negations,single_surface_feature,ood_6,6,5000,0.4982,0.55,True
single_rules,single_surface_feature,ood_6,6,5000,0.5026,0.55,True
single_facts,single_surface_feature,ood_6,6,5000,0.5,0.55,True
single_sentences,single_surface_feature,ood_6,6,5000,0.5026,0.55,True
majority,no_training,ood_8,all,5000,0.5,0.55,True
antecedent_frequency,no_training,ood_8,all,5000,0.5,0.52,True
last_hop_entity_fact,no_training,ood_8,all,5000,0.5,0.55,True
last_hop_indegree,no_training,ood_8,all,5000,0.5,0.55,True
last_hop_later_position,no_training,ood_8,all,5000,0.5106,0.55,True
last_hop_local_degree,no_training,ood_8,all,5000,0.5,0.55,True
last_hop_longer_sentence,no_training,ood_8,all,5000,0.4652,0.55,True
last_hop_outdegree,no_training,ood_8,all,5000,0.5,0.55,True
last_hop_selected_fact,no_training,ood_8,all,5000,0.5,0.55,True
negation_parity,no_training,ood_8,all,5000,0.537,0.55,True
query_tfidf_logreg,shallow_classifier,ood_8,all,5000,0.528,0.6,True
full_text_tfidf_logreg,shallow_classifier,ood_8,all,5000,0.5,0.6,True
structural_logreg,shallow_classifier,ood_8,all,5000,0.5376,0.6,True
structural_tree,shallow_classifier,ood_8,all,5000,0.53,0.6,True
structural_random_forest,shallow_classifier,ood_8,all,5000,0.526,0.6,True
metadata_logreg,shallow_classifier,ood_8,all,5000,0.5066,0.6,True
single_q_src_frequency,single_surface_feature,ood_8,all,5000,0.5,0.55,True
single_q_src_indegree,single_surface_feature,ood_8,all,5000,0.5,0.55,True
single_q_src_outdegree,single_surface_feature,ood_8,all,5000,0.5,0.55,True
single_q_src_degree,single_surface_feature,ood_8,all,5000,0.5,0.55,True
single_q_src_fact_any,single_surface_feature,ood_8,all,5000,0.5,0.55,True
single_q_src_fact_selected,single_surface_feature,ood_8,all,5000,0.5,0.55,True
single_q_rule_position,single_surface_feature,ood_8,all,5000,0.5012,0.55,True
single_q_rule_length,single_surface_feature,ood_8,all,5000,0.5238,0.55,True
single_opp_src_frequency,single_surface_feature,ood_8,all,5000,0.5,0.55,True
single_opp_src_indegree,single_surface_feature,ood_8,all,5000,0.5,0.55,True
single_opp_src_outdegree,single_surface_feature,ood_8,all,5000,0.5,0.55,True
single_opp_src_degree,single_surface_feature,ood_8,all,5000,0.5,0.55,True
single_opp_src_fact_any,single_surface_feature,ood_8,all,5000,0.5,0.55,True
single_opp_src_fact_selected,single_surface_feature,ood_8,all,5000,0.5,0.55,True
single_opp_rule_position,single_surface_feature,ood_8,all,5000,0.499,0.55,True
single_opp_rule_length,single_surface_feature,ood_8,all,5000,0.5196,0.55,True
single_characters,single_surface_feature,ood_8,all,5000,0.5,0.55,True
single_tokens,single_surface_feature,ood_8,all,5000,0.5064,0.55,True
single_negations,single_surface_feature,ood_8,all,5000,0.4952,0.55,True
single_rules,single_surface_feature,ood_8,all,5000,0.5064,0.55,True
single_facts,single_surface_feature,ood_8,all,5000,0.5,0.55,True
single_sentences,single_surface_feature,ood_8,all,5000,0.5064,0.55,True
majority,no_training,ood_8,8,5000,0.5,0.55,True
antecedent_frequency,no_training,ood_8,8,5000,0.5,0.52,True
last_hop_entity_fact,no_training,ood_8,8,5000,0.5,0.55,True
last_hop_indegree,no_training,ood_8,8,5000,0.5,0.55,True
last_hop_later_position,no_training,ood_8,8,5000,0.5106,0.55,True
last_hop_local_degree,no_training,ood_8,8,5000,0.5,0.55,True
last_hop_longer_sentence,no_training,ood_8,8,5000,0.4652,0.55,True
last_hop_outdegree,no_training,ood_8,8,5000,0.5,0.55,True
last_hop_selected_fact,no_training,ood_8,8,5000,0.5,0.55,True
negation_parity,no_training,ood_8,8,5000,0.537,0.55,True
query_tfidf_logreg,shallow_classifier,ood_8,8,5000,0.528,0.6,True
full_text_tfidf_logreg,shallow_classifier,ood_8,8,5000,0.5,0.6,True
structural_logreg,shallow_classifier,ood_8,8,5000,0.5376,0.6,True
structural_tree,shallow_classifier,ood_8,8,5000,0.53,0.6,True
structural_random_forest,shallow_classifier,ood_8,8,5000,0.526,0.6,True
metadata_logreg,shallow_classifier,ood_8,8,5000,0.5066,0.6,True
single_q_src_frequency,single_surface_feature,ood_8,8,5000,0.5,0.55,True
single_q_src_indegree,single_surface_feature,ood_8,8,5000,0.5,0.55,True
single_q_src_outdegree,single_surface_feature,ood_8,8,5000,0.5,0.55,True
single_q_src_degree,single_surface_feature,ood_8,8,5000,0.5,0.55,True
single_q_src_fact_any,single_surface_feature,ood_8,8,5000,0.5,0.55,True
single_q_src_fact_selected,single_surface_feature,ood_8,8,5000,0.5,0.55,True
single_q_rule_position,single_surface_feature,ood_8,8,5000,0.5012,0.55,True
single_q_rule_length,single_surface_feature,ood_8,8,5000,0.5238,0.55,True
single_opp_src_frequency,single_surface_feature,ood_8,8,5000,0.5,0.55,True
single_opp_src_indegree,single_surface_feature,ood_8,8,5000,0.5,0.55,True
single_opp_src_outdegree,single_surface_feature,ood_8,8,5000,0.5,0.55,True
single_opp_src_degree,single_surface_feature,ood_8,8,5000,0.5,0.55,True
single_opp_src_fact_any,single_surface_feature,ood_8,8,5000,0.5,0.55,True
single_opp_src_fact_selected,single_surface_feature,ood_8,8,5000,0.5,0.55,True
single_opp_rule_position,single_surface_feature,ood_8,8,5000,0.499,0.55,True
single_opp_rule_length,single_surface_feature,ood_8,8,5000,0.5196,0.55,True
single_characters,single_surface_feature,ood_8,8,5000,0.5,0.55,True
single_tokens,single_surface_feature,ood_8,8,5000,0.5064,0.55,True
single_negations,single_surface_feature,ood_8,8,5000,0.4952,0.55,True
single_rules,single_surface_feature,ood_8,8,5000,0.5064,0.55,True
single_facts,single_surface_feature,ood_8,8,5000,0.5,0.55,True
single_sentences,single_surface_feature,ood_8,8,5000,0.5064,0.55,True
majority,no_training,train,all,100000,0.5,0.55,True
antecedent_frequency,no_training,train,all,100000,0.5,0.52,True
last_hop_entity_fact,no_training,train,all,100000,0.5,0.55,True
last_hop_indegree,no_training,train,all,100000,0.5,0.55,True
last_hop_later_position,no_training,train,all,100000,0.49944,0.55,True
last_hop_local_degree,no_training,train,all,100000,0.5,0.55,True
last_hop_longer_sentence,no_training,train,all,100000,0.48167,0.55,True
last_hop_outdegree,no_training,train,all,100000,0.5,0.55,True
last_hop_selected_fact,no_training,train,all,100000,0.5,0.55,True
negation_parity,no_training,train,all,100000,0.52615,0.55,True
query_tfidf_logreg,shallow_classifier,train,all,100000,0.53043,0.6,True
full_text_tfidf_logreg,shallow_classifier,train,all,100000,0.5,0.6,True
structural_logreg,shallow_classifier,train,all,100000,0.51795,0.6,True
structural_tree,shallow_classifier,train,all,100000,0.52017,0.6,True
structural_random_forest,shallow_classifier,train,all,100000,0.5429,0.6,True
metadata_logreg,shallow_classifier,train,all,100000,0.50082,0.6,True
single_q_src_frequency,single_surface_feature,train,all,100000,0.50059,0.55,True
single_q_src_indegree,single_surface_feature,train,all,100000,0.50059,0.55,True
single_q_src_outdegree,single_surface_feature,train,all,100000,0.5,0.55,True
single_q_src_degree,single_surface_feature,train,all,100000,0.50059,0.55,True
single_q_src_fact_any,single_surface_feature,train,all,100000,0.5,0.55,True
single_q_src_fact_selected,single_surface_feature,train,all,100000,0.5,0.55,True
single_q_rule_position,single_surface_feature,train,all,100000,0.501,0.55,True
single_q_rule_length,single_surface_feature,train,all,100000,0.51202,0.55,True
single_opp_src_frequency,single_surface_feature,train,all,100000,0.50059,0.55,True
single_opp_src_indegree,single_surface_feature,train,all,100000,0.50059,0.55,True
single_opp_src_outdegree,single_surface_feature,train,all,100000,0.5,0.55,True
single_opp_src_degree,single_surface_feature,train,all,100000,0.50059,0.55,True
single_opp_src_fact_any,single_surface_feature,train,all,100000,0.5,0.55,True
single_opp_src_fact_selected,single_surface_feature,train,all,100000,0.5,0.55,True
single_opp_rule_position,single_surface_feature,train,all,100000,0.50102,0.55,True
single_opp_rule_length,single_surface_feature,train,all,100000,0.51165,0.55,True
single_characters,single_surface_feature,train,all,100000,0.50032,0.55,True
single_tokens,single_surface_feature,train,all,100000,0.50308,0.55,True
single_negations,single_surface_feature,train,all,100000,0.50088,0.55,True
single_rules,single_surface_feature,train,all,100000,0.50297,0.55,True
single_facts,single_surface_feature,train,all,100000,0.5,0.55,True
single_sentences,single_surface_feature,train,all,100000,0.50297,0.55,True
majority,no_training,train,1,25000,0.5,0.55,True
antecedent_frequency,no_training,train,1,25000,0.5,0.52,True
last_hop_entity_fact,no_training,train,1,25000,0.5,0.55,True
last_hop_indegree,no_training,train,1,25000,0.5,0.55,True
last_hop_later_position,no_training,train,1,25000,0.49532,0.55,True
last_hop_local_degree,no_training,train,1,25000,0.5,0.55,True
last_hop_longer_sentence,no_training,train,1,25000,0.48192,0.55,True
last_hop_outdegree,no_training,train,1,25000,0.5,0.55,True
last_hop_selected_fact,no_training,train,1,25000,0.5,0.55,True
negation_parity,no_training,train,1,25000,0.52308,0.55,True
query_tfidf_logreg,shallow_classifier,train,1,25000,0.52964,0.6,True
full_text_tfidf_logreg,shallow_classifier,train,1,25000,0.5,0.6,True
structural_logreg,shallow_classifier,train,1,25000,0.51796,0.6,True
structural_tree,shallow_classifier,train,1,25000,0.52064,0.6,True
structural_random_forest,shallow_classifier,train,1,25000,0.57004,0.6,True
metadata_logreg,shallow_classifier,train,1,25000,0.49972,0.6,True
single_q_src_frequency,single_surface_feature,train,1,25000,0.50236,0.55,True
single_q_src_indegree,single_surface_feature,train,1,25000,0.50236,0.55,True
single_q_src_outdegree,single_surface_feature,train,1,25000,0.5,0.55,True
single_q_src_degree,single_surface_feature,train,1,25000,0.50236,0.55,True
single_q_src_fact_any,single_surface_feature,train,1,25000,0.5,0.55,True
single_q_src_fact_selected,single_surface_feature,train,1,25000,0.5,0.55,True
single_q_rule_position,single_surface_feature,train,1,25000,0.50372,0.55,True
single_q_rule_length,single_surface_feature,train,1,25000,0.51156,0.55,True
single_opp_src_frequency,single_surface_feature,train,1,25000,0.50236,0.55,True
single_opp_src_indegree,single_surface_feature,train,1,25000,0.50236,0.55,True
single_opp_src_outdegree,single_surface_feature,train,1,25000,0.5,0.55,True
single_opp_src_degree,single_surface_feature,train,1,25000,0.50236,0.55,True
single_opp_src_fact_any,single_surface_feature,train,1,25000,0.5,0.55,True
single_opp_src_fact_selected,single_surface_feature,train,1,25000,0.5,0.55,True
single_opp_rule_position,single_surface_feature,train,1,25000,0.50184,0.55,True
single_opp_rule_length,single_surface_feature,train,1,25000,0.51232,0.55,True
single_characters,single_surface_feature,train,1,25000,0.50012,0.55,True
single_tokens,single_surface_feature,train,1,25000,0.49968,0.55,True
single_negations,single_surface_feature,train,1,25000,0.50188,0.55,True
single_rules,single_surface_feature,train,1,25000,0.50028,0.55,True
single_facts,single_surface_feature,train,1,25000,0.5,0.55,True
single_sentences,single_surface_feature,train,1,25000,0.50028,0.55,True
majority,no_training,train,2,25000,0.5,0.55,True
antecedent_frequency,no_training,train,2,25000,0.5,0.52,True
last_hop_entity_fact,no_training,train,2,25000,0.5,0.55,True
last_hop_indegree,no_training,train,2,25000,0.5,0.55,True
last_hop_later_position,no_training,train,2,25000,0.50024,0.55,True
last_hop_local_degree,no_training,train,2,25000,0.5,0.55,True
last_hop_longer_sentence,no_training,train,2,25000,0.48192,0.55,True
last_hop_outdegree,no_training,train,2,25000,0.5,0.55,True
last_hop_selected_fact,no_training,train,2,25000,0.5,0.55,True
negation_parity,no_training,train,2,25000,0.52588,0.55,True
query_tfidf_logreg,shallow_classifier,train,2,25000,0.52656,0.6,True
full_text_tfidf_logreg,shallow_classifier,train,2,25000,0.5,0.6,True
structural_logreg,shallow_classifier,train,2,25000,0.51548,0.6,True
structural_tree,shallow_classifier,train,2,25000,0.51596,0.6,True
structural_random_forest,shallow_classifier,train,2,25000,0.52836,0.6,True
metadata_logreg,shallow_classifier,train,2,25000,0.4994,0.6,True
single_q_src_frequency,single_surface_feature,train,2,25000,0.5,0.55,True
single_q_src_indegree,single_surface_feature,train,2,25000,0.5,0.55,True
single_q_src_outdegree,single_surface_feature,train,2,25000,0.5,0.55,True
single_q_src_degree,single_surface_feature,train,2,25000,0.5,0.55,True
single_q_src_fact_any,single_surface_feature,train,2,25000,0.5,0.55,True
single_q_src_fact_selected,single_surface_feature,train,2,25000,0.5,0.55,True
single_q_rule_position,single_surface_feature,train,2,25000,0.5002,0.55,True
single_q_rule_length,single_surface_feature,train,2,25000,0.51144,0.55,True
single_opp_src_frequency,single_surface_feature,train,2,25000,0.5,0.55,True
single_opp_src_indegree,single_surface_feature,train,2,25000,0.5,0.55,True
single_opp_src_outdegree,single_surface_feature,train,2,25000,0.5,0.55,True
single_opp_src_degree,single_surface_feature,train,2,25000,0.5,0.55,True
single_opp_src_fact_any,single_surface_feature,train,2,25000,0.5,0.55,True
single_opp_src_fact_selected,single_surface_feature,train,2,25000,0.5,0.55,True
single_opp_rule_position,single_surface_feature,train,2,25000,0.4998,0.55,True
single_opp_rule_length,single_surface_feature,train,2,25000,0.50816,0.55,True
single_characters,single_surface_feature,train,2,25000,0.50028,0.55,True
single_tokens,single_surface_feature,train,2,25000,0.50468,0.55,True
single_negations,single_surface_feature,train,2,25000,0.50064,0.55,True
single_rules,single_surface_feature,train,2,25000,0.50428,0.55,True
single_facts,single_surface_feature,train,2,25000,0.5,0.55,True
single_sentences,single_surface_feature,train,2,25000,0.50428,0.55,True
majority,no_training,train,3,25000,0.5,0.55,True
antecedent_frequency,no_training,train,3,25000,0.5,0.52,True
last_hop_entity_fact,no_training,train,3,25000,0.5,0.55,True
last_hop_indegree,no_training,train,3,25000,0.5,0.55,True
last_hop_later_position,no_training,train,3,25000,0.4996,0.55,True
last_hop_local_degree,no_training,train,3,25000,0.5,0.55,True
last_hop_longer_sentence,no_training,train,3,25000,0.48124,0.55,True
last_hop_outdegree,no_training,train,3,25000,0.5,0.55,True
last_hop_selected_fact,no_training,train,3,25000,0.5,0.55,True
negation_parity,no_training,train,3,25000,0.52736,0.55,True
query_tfidf_logreg,shallow_classifier,train,3,25000,0.53156,0.6,True
full_text_tfidf_logreg,shallow_classifier,train,3,25000,0.5,0.6,True
structural_logreg,shallow_classifier,train,3,25000,0.51684,0.6,True
structural_tree,shallow_classifier,train,3,25000,0.524,0.6,True
structural_random_forest,shallow_classifier,train,3,25000,0.53672,0.6,True
metadata_logreg,shallow_classifier,train,3,25000,0.50508,0.6,True
single_q_src_frequency,single_surface_feature,train,3,25000,0.5,0.55,True
single_q_src_indegree,single_surface_feature,train,3,25000,0.5,0.55,True
single_q_src_outdegree,single_surface_feature,train,3,25000,0.5,0.55,True
single_q_src_degree,single_surface_feature,train,3,25000,0.5,0.55,True
single_q_src_fact_any,single_surface_feature,train,3,25000,0.5,0.55,True
single_q_src_fact_selected,single_surface_feature,train,3,25000,0.5,0.55,True
single_q_rule_position,single_surface_feature,train,3,25000,0.49928,0.55,True
single_q_rule_length,single_surface_feature,train,3,25000,0.51376,0.55,True
single_opp_src_frequency,single_surface_feature,train,3,25000,0.5,0.55,True
single_opp_src_indegree,single_surface_feature,train,3,25000,0.5,0.55,True
single_opp_src_outdegree,single_surface_feature,train,3,25000,0.5,0.55,True
single_opp_src_degree,single_surface_feature,train,3,25000,0.5,0.55,True
single_opp_src_fact_any,single_surface_feature,train,3,25000,0.5,0.55,True
single_opp_src_fact_selected,single_surface_feature,train,3,25000,0.5,0.55,True
single_opp_rule_position,single_surface_feature,train,3,25000,0.50132,0.55,True
single_opp_rule_length,single_surface_feature,train,3,25000,0.51132,0.55,True
single_characters,single_surface_feature,train,3,25000,0.50052,0.55,True
single_tokens,single_surface_feature,train,3,25000,0.50484,0.55,True
single_negations,single_surface_feature,train,3,25000,0.50112,0.55,True
single_rules,single_surface_feature,train,3,25000,0.50504,0.55,True
single_facts,single_surface_feature,train,3,25000,0.5,0.55,True
single_sentences,single_surface_feature,train,3,25000,0.50504,0.55,True
majority,no_training,train,4,25000,0.5,0.55,True
antecedent_frequency,no_training,train,4,25000,0.5,0.52,True
last_hop_entity_fact,no_training,train,4,25000,0.5,0.55,True
last_hop_indegree,no_training,train,4,25000,0.5,0.55,True
last_hop_later_position,no_training,train,4,25000,0.5026,0.55,True
last_hop_local_degree,no_training,train,4,25000,0.5,0.55,True
last_hop_longer_sentence,no_training,train,4,25000,0.4816,0.55,True
last_hop_outdegree,no_training,train,4,25000,0.5,0.55,True
last_hop_selected_fact,no_training,train,4,25000,0.5,0.55,True
negation_parity,no_training,train,4,25000,0.52828,0.55,True
query_tfidf_logreg,shallow_classifier,train,4,25000,0.53396,0.6,True
full_text_tfidf_logreg,shallow_classifier,train,4,25000,0.5,0.6,True
structural_logreg,shallow_classifier,train,4,25000,0.52152,0.6,True
structural_tree,shallow_classifier,train,4,25000,0.52008,0.6,True
structural_random_forest,shallow_classifier,train,4,25000,0.53648,0.6,True
metadata_logreg,shallow_classifier,train,4,25000,0.49908,0.6,True
single_q_src_frequency,single_surface_feature,train,4,25000,0.5,0.55,True
single_q_src_indegree,single_surface_feature,train,4,25000,0.5,0.55,True
single_q_src_outdegree,single_surface_feature,train,4,25000,0.5,0.55,True
single_q_src_degree,single_surface_feature,train,4,25000,0.5,0.55,True
single_q_src_fact_any,single_surface_feature,train,4,25000,0.5,0.55,True
single_q_src_fact_selected,single_surface_feature,train,4,25000,0.5,0.55,True
single_q_rule_position,single_surface_feature,train,4,25000,0.5008,0.55,True
single_q_rule_length,single_surface_feature,train,4,25000,0.51132,0.55,True
single_opp_src_frequency,single_surface_feature,train,4,25000,0.5,0.55,True
single_opp_src_indegree,single_surface_feature,train,4,25000,0.5,0.55,True
single_opp_src_outdegree,single_surface_feature,train,4,25000,0.5,0.55,True
single_opp_src_degree,single_surface_feature,train,4,25000,0.5,0.55,True
single_opp_src_fact_any,single_surface_feature,train,4,25000,0.5,0.55,True
single_opp_src_fact_selected,single_surface_feature,train,4,25000,0.5,0.55,True
single_opp_rule_position,single_surface_feature,train,4,25000,0.50112,0.55,True
single_opp_rule_length,single_surface_feature,train,4,25000,0.5148,0.55,True
single_characters,single_surface_feature,train,4,25000,0.50036,0.55,True
single_tokens,single_surface_feature,train,4,25000,0.50312,0.55,True
single_negations,single_surface_feature,train,4,25000,0.49988,0.55,True
single_rules,single_surface_feature,train,4,25000,0.50228,0.55,True
single_facts,single_surface_feature,train,4,25000,0.5,0.55,True
single_sentences,single_surface_feature,train,4,25000,0.50228,0.55,True
majority,no_training,validation,all,10000,0.5,0.55,True
antecedent_frequency,no_training,validation,all,10000,0.5,0.52,True
last_hop_entity_fact,no_training,validation,all,10000,0.5,0.55,True
last_hop_indegree,no_training,validation,all,10000,0.5,0.55,True
last_hop_later_position,no_training,validation,all,10000,0.5022,0.55,True
last_hop_local_degree,no_training,validation,all,10000,0.5,0.55,True
last_hop_longer_sentence,no_training,validation,all,10000,0.4808,0.55,True
last_hop_outdegree,no_training,validation,all,10000,0.5,0.55,True
last_hop_selected_fact,no_training,validation,all,10000,0.5,0.55,True
negation_parity,no_training,validation,all,10000,0.5253,0.55,True
query_tfidf_logreg,shallow_classifier,validation,all,10000,0.5216,0.6,True
full_text_tfidf_logreg,shallow_classifier,validation,all,10000,0.5,0.6,True
structural_logreg,shallow_classifier,validation,all,10000,0.5179,0.6,True
structural_tree,shallow_classifier,validation,all,10000,0.5195,0.6,True
structural_random_forest,shallow_classifier,validation,all,10000,0.5165,0.6,True
metadata_logreg,shallow_classifier,validation,all,10000,0.511,0.6,True
single_q_src_frequency,single_surface_feature,validation,all,10000,0.5017,0.55,True
single_q_src_indegree,single_surface_feature,validation,all,10000,0.5017,0.55,True
single_q_src_outdegree,single_surface_feature,validation,all,10000,0.5,0.55,True
single_q_src_degree,single_surface_feature,validation,all,10000,0.5017,0.55,True
single_q_src_fact_any,single_surface_feature,validation,all,10000,0.5,0.55,True
single_q_src_fact_selected,single_surface_feature,validation,all,10000,0.5,0.55,True
single_q_rule_position,single_surface_feature,validation,all,10000,0.5047,0.55,True
single_q_rule_length,single_surface_feature,validation,all,10000,0.516,0.55,True
single_opp_src_frequency,single_surface_feature,validation,all,10000,0.5017,0.55,True
single_opp_src_indegree,single_surface_feature,validation,all,10000,0.5017,0.55,True
single_opp_src_outdegree,single_surface_feature,validation,all,10000,0.5,0.55,True
single_opp_src_degree,single_surface_feature,validation,all,10000,0.5017,0.55,True
single_opp_src_fact_any,single_surface_feature,validation,all,10000,0.5,0.55,True
single_opp_src_fact_selected,single_surface_feature,validation,all,10000,0.5,0.55,True
single_opp_rule_position,single_surface_feature,validation,all,10000,0.5005,0.55,True
single_opp_rule_length,single_surface_feature,validation,all,10000,0.5116,0.55,True
single_characters,single_surface_feature,validation,all,10000,0.4997,0.55,True
single_tokens,single_surface_feature,validation,all,10000,0.5029,0.55,True
single_negations,single_surface_feature,validation,all,10000,0.4975,0.55,True
single_rules,single_surface_feature,validation,all,10000,0.503,0.55,True
single_facts,single_surface_feature,validation,all,10000,0.5,0.55,True
single_sentences,single_surface_feature,validation,all,10000,0.503,0.55,True
majority,no_training,validation,1,2500,0.5,0.55,True
antecedent_frequency,no_training,validation,1,2500,0.5,0.52,True
last_hop_entity_fact,no_training,validation,1,2500,0.5,0.55,True
last_hop_indegree,no_training,validation,1,2500,0.5,0.55,True
last_hop_later_position,no_training,validation,1,2500,0.5124,0.55,True
last_hop_local_degree,no_training,validation,1,2500,0.5,0.55,True
last_hop_longer_sentence,no_training,validation,1,2500,0.4852,0.55,True
last_hop_outdegree,no_training,validation,1,2500,0.5,0.55,True
last_hop_selected_fact,no_training,validation,1,2500,0.5,0.55,True
negation_parity,no_training,validation,1,2500,0.5144,0.55,True
query_tfidf_logreg,shallow_classifier,validation,1,2500,0.5164,0.6,True
full_text_tfidf_logreg,shallow_classifier,validation,1,2500,0.5,0.6,True
structural_logreg,shallow_classifier,validation,1,2500,0.5164,0.6,True
structural_tree,shallow_classifier,validation,1,2500,0.5208,0.6,True
structural_random_forest,shallow_classifier,validation,1,2500,0.5048,0.6,True
metadata_logreg,shallow_classifier,validation,1,2500,0.5076,0.6,True
single_q_src_frequency,single_surface_feature,validation,1,2500,0.5068,0.55,True
single_q_src_indegree,single_surface_feature,validation,1,2500,0.5068,0.55,True
single_q_src_outdegree,single_surface_feature,validation,1,2500,0.5,0.55,True
single_q_src_degree,single_surface_feature,validation,1,2500,0.5068,0.55,True
single_q_src_fact_any,single_surface_feature,validation,1,2500,0.5,0.55,True
single_q_src_fact_selected,single_surface_feature,validation,1,2500,0.5,0.55,True
single_q_rule_position,single_surface_feature,validation,1,2500,0.4992,0.55,True
single_q_rule_length,single_surface_feature,validation,1,2500,0.5192,0.55,True
single_opp_src_frequency,single_surface_feature,validation,1,2500,0.5068,0.55,True
single_opp_src_indegree,single_surface_feature,validation,1,2500,0.5068,0.55,True
single_opp_src_outdegree,single_surface_feature,validation,1,2500,0.5,0.55,True
single_opp_src_degree,single_surface_feature,validation,1,2500,0.5068,0.55,True
single_opp_src_fact_any,single_surface_feature,validation,1,2500,0.5,0.55,True
single_opp_src_fact_selected,single_surface_feature,validation,1,2500,0.5,0.55,True
single_opp_rule_position,single_surface_feature,validation,1,2500,0.502,0.55,True
single_opp_rule_length,single_surface_feature,validation,1,2500,0.5068,0.55,True
single_characters,single_surface_feature,validation,1,2500,0.4992,0.55,True
single_tokens,single_surface_feature,validation,1,2500,0.5072,0.55,True
single_negations,single_surface_feature,validation,1,2500,0.4964,0.55,True
single_rules,single_surface_feature,validation,1,2500,0.5044,0.55,True
single_facts,single_surface_feature,validation,1,2500,0.5,0.55,True
single_sentences,single_surface_feature,validation,1,2500,0.5044,0.55,True
majority,no_training,validation,2,2500,0.5,0.55,True
antecedent_frequency,no_training,validation,2,2500,0.5,0.52,True
last_hop_entity_fact,no_training,validation,2,2500,0.5,0.55,True
last_hop_indegree,no_training,validation,2,2500,0.5,0.55,True
last_hop_later_position,no_training,validation,2,2500,0.5028,0.55,True
last_hop_local_degree,no_training,validation,2,2500,0.5,0.55,True
last_hop_longer_sentence,no_training,validation,2,2500,0.472,0.55,True
last_hop_outdegree,no_training,validation,2,2500,0.5,0.55,True
last_hop_selected_fact,no_training,validation,2,2500,0.5,0.55,True
negation_parity,no_training,validation,2,2500,0.536,0.55,True
query_tfidf_logreg,shallow_classifier,validation,2,2500,0.5164,0.6,True
full_text_tfidf_logreg,shallow_classifier,validation,2,2500,0.5,0.6,True
structural_logreg,shallow_classifier,validation,2,2500,0.5292,0.6,True
structural_tree,shallow_classifier,validation,2,2500,0.5196,0.6,True
structural_random_forest,shallow_classifier,validation,2,2500,0.5244,0.6,True
metadata_logreg,shallow_classifier,validation,2,2500,0.52,0.6,True
single_q_src_frequency,single_surface_feature,validation,2,2500,0.5,0.55,True
single_q_src_indegree,single_surface_feature,validation,2,2500,0.5,0.55,True
single_q_src_outdegree,single_surface_feature,validation,2,2500,0.5,0.55,True
single_q_src_degree,single_surface_feature,validation,2,2500,0.5,0.55,True
single_q_src_fact_any,single_surface_feature,validation,2,2500,0.5,0.55,True
single_q_src_fact_selected,single_surface_feature,validation,2,2500,0.5,0.55,True
single_q_rule_position,single_surface_feature,validation,2,2500,0.5088,0.55,True
single_q_rule_length,single_surface_feature,validation,2,2500,0.5212,0.55,True
single_opp_src_frequency,single_surface_feature,validation,2,2500,0.5,0.55,True
single_opp_src_indegree,single_surface_feature,validation,2,2500,0.5,0.55,True
single_opp_src_outdegree,single_surface_feature,validation,2,2500,0.5,0.55,True
single_opp_src_degree,single_surface_feature,validation,2,2500,0.5,0.55,True
single_opp_src_fact_any,single_surface_feature,validation,2,2500,0.5,0.55,True
single_opp_src_fact_selected,single_surface_feature,validation,2,2500,0.5,0.55,True
single_opp_rule_position,single_surface_feature,validation,2,2500,0.5008,0.55,True
single_opp_rule_length,single_surface_feature,validation,2,2500,0.5228,0.55,True
single_characters,single_surface_feature,validation,2,2500,0.5004,0.55,True
single_tokens,single_surface_feature,validation,2,2500,0.5064,0.55,True
single_negations,single_surface_feature,validation,2,2500,0.4952,0.55,True
single_rules,single_surface_feature,validation,2,2500,0.5072,0.55,True
single_facts,single_surface_feature,validation,2,2500,0.5,0.55,True
single_sentences,single_surface_feature,validation,2,2500,0.5072,0.55,True
majority,no_training,validation,3,2500,0.5,0.55,True
antecedent_frequency,no_training,validation,3,2500,0.5,0.52,True
last_hop_entity_fact,no_training,validation,3,2500,0.5,0.55,True
last_hop_indegree,no_training,validation,3,2500,0.5,0.55,True
last_hop_later_position,no_training,validation,3,2500,0.5012,0.55,True
last_hop_local_degree,no_training,validation,3,2500,0.5,0.55,True
last_hop_longer_sentence,no_training,validation,3,2500,0.482,0.55,True
last_hop_outdegree,no_training,validation,3,2500,0.5,0.55,True
last_hop_selected_fact,no_training,validation,3,2500,0.5,0.55,True
negation_parity,no_training,validation,3,2500,0.5288,0.55,True
query_tfidf_logreg,shallow_classifier,validation,3,2500,0.5344,0.6,True
full_text_tfidf_logreg,shallow_classifier,validation,3,2500,0.5,0.6,True
structural_logreg,shallow_classifier,validation,3,2500,0.5164,0.6,True
structural_tree,shallow_classifier,validation,3,2500,0.5224,0.6,True
structural_random_forest,shallow_classifier,validation,3,2500,0.526,0.6,True
metadata_logreg,shallow_classifier,validation,3,2500,0.5144,0.6,True
single_q_src_frequency,single_surface_feature,validation,3,2500,0.5,0.55,True
single_q_src_indegree,single_surface_feature,validation,3,2500,0.5,0.55,True
single_q_src_outdegree,single_surface_feature,validation,3,2500,0.5,0.55,True
single_q_src_degree,single_surface_feature,validation,3,2500,0.5,0.55,True
single_q_src_fact_any,single_surface_feature,validation,3,2500,0.5,0.55,True
single_q_src_fact_selected,single_surface_feature,validation,3,2500,0.5,0.55,True
single_q_rule_position,single_surface_feature,validation,3,2500,0.5044,0.55,True
single_q_rule_length,single_surface_feature,validation,3,2500,0.5164,0.55,True
single_opp_src_frequency,single_surface_feature,validation,3,2500,0.5,0.55,True
single_opp_src_indegree,single_surface_feature,validation,3,2500,0.5,0.55,True
single_opp_src_outdegree,single_surface_feature,validation,3,2500,0.5,0.55,True
single_opp_src_degree,single_surface_feature,validation,3,2500,0.5,0.55,True
single_opp_src_fact_any,single_surface_feature,validation,3,2500,0.5,0.55,True
single_opp_src_fact_selected,single_surface_feature,validation,3,2500,0.5,0.55,True
single_opp_rule_position,single_surface_feature,validation,3,2500,0.4984,0.55,True
single_opp_rule_length,single_surface_feature,validation,3,2500,0.5088,0.55,True
single_characters,single_surface_feature,validation,3,2500,0.5,0.55,True
single_tokens,single_surface_feature,validation,3,2500,0.504,0.55,True
single_negations,single_surface_feature,validation,3,2500,0.4984,0.55,True
single_rules,single_surface_feature,validation,3,2500,0.5052,0.55,True
single_facts,single_surface_feature,validation,3,2500,0.5,0.55,True
single_sentences,single_surface_feature,validation,3,2500,0.5052,0.55,True
majority,no_training,validation,4,2500,0.5,0.55,True
antecedent_frequency,no_training,validation,4,2500,0.5,0.52,True
last_hop_entity_fact,no_training,validation,4,2500,0.5,0.55,True
last_hop_indegree,no_training,validation,4,2500,0.5,0.55,True
last_hop_later_position,no_training,validation,4,2500,0.4924,0.55,True
last_hop_local_degree,no_training,validation,4,2500,0.5,0.55,True
last_hop_longer_sentence,no_training,validation,4,2500,0.484,0.55,True
last_hop_outdegree,no_training,validation,4,2500,0.5,0.55,True
last_hop_selected_fact,no_training,validation,4,2500,0.5,0.55,True
negation_parity,no_training,validation,4,2500,0.522,0.55,True
query_tfidf_logreg,shallow_classifier,validation,4,2500,0.5192,0.6,True
full_text_tfidf_logreg,shallow_classifier,validation,4,2500,0.5,0.6,True
structural_logreg,shallow_classifier,validation,4,2500,0.5096,0.6,True
structural_tree,shallow_classifier,validation,4,2500,0.5152,0.6,True
structural_random_forest,shallow_classifier,validation,4,2500,0.5108,0.6,True
metadata_logreg,shallow_classifier,validation,4,2500,0.502,0.6,True
single_q_src_frequency,single_surface_feature,validation,4,2500,0.5,0.55,True
single_q_src_indegree,single_surface_feature,validation,4,2500,0.5,0.55,True
single_q_src_outdegree,single_surface_feature,validation,4,2500,0.5,0.55,True
single_q_src_degree,single_surface_feature,validation,4,2500,0.5,0.55,True
single_q_src_fact_any,single_surface_feature,validation,4,2500,0.5,0.55,True
single_q_src_fact_selected,single_surface_feature,validation,4,2500,0.5,0.55,True
single_q_rule_position,single_surface_feature,validation,4,2500,0.5064,0.55,True
single_q_rule_length,single_surface_feature,validation,4,2500,0.5072,0.55,True
single_opp_src_frequency,single_surface_feature,validation,4,2500,0.5,0.55,True
single_opp_src_indegree,single_surface_feature,validation,4,2500,0.5,0.55,True
single_opp_src_outdegree,single_surface_feature,validation,4,2500,0.5,0.55,True
single_opp_src_degree,single_surface_feature,validation,4,2500,0.5,0.55,True
single_opp_src_fact_any,single_surface_feature,validation,4,2500,0.5,0.55,True
single_opp_src_fact_selected,single_surface_feature,validation,4,2500,0.5,0.55,True
single_opp_rule_position,single_surface_feature,validation,4,2500,0.5008,0.55,True
single_opp_rule_length,single_surface_feature,validation,4,2500,0.508,0.55,True
single_characters,single_surface_feature,validation,4,2500,0.4992,0.55,True
single_tokens,single_surface_feature,validation,4,2500,0.494,0.55,True
single_negations,single_surface_feature,validation,4,2500,0.5,0.55,True
single_rules,single_surface_feature,validation,4,2500,0.4952,0.55,True
single_facts,single_surface_feature,validation,4,2500,0.5,0.55,True
single_sentences,single_surface_feature,validation,4,2500,0.4952,0.55,True
