step,max_hop,loss,final_loss,transition_loss,lr,step_seconds,elapsed_seconds,peak_vram_mib
1,2,752.8394775390625,752.8394775390625,752.1762084960938,5.0000000000000004e-08,0.14835080003831536,0.14857089996803552,907.54296875
2,2,751.4906005859375,751.4906005859375,752.5665893554688,1.0000000000000001e-07,0.04999359999783337,0.19953720003832132,1132.88671875
3,2,753.4799194335938,753.4799194335938,752.4727783203125,1.5000000000000002e-07,0.03591259999666363,0.23604089999571443,1132.88671875
4,2,747.8656005859375,747.8656005859375,747.8339233398438,2.0000000000000002e-07,0.03582689992617816,0.27248909999616444,1132.88671875
5,2,752.751953125,752.751953125,753.050537109375,2.5000000000000004e-07,0.03317720000632107,0.306369400001131,1132.88671875
6,2,747.109130859375,747.109130859375,748.2845458984375,3.0000000000000004e-07,0.03145350003615022,0.33839809999335557,1132.88671875
7,2,753.1163330078125,753.1163330078125,753.3338012695312,3.5000000000000004e-07,0.0329203000292182,0.37191360001452267,1132.88671875
8,2,751.7572021484375,751.7572021484375,750.9015502929688,4.0000000000000003e-07,0.03379839996341616,0.4063190999440849,1132.88671875
9,2,747.8734130859375,747.8734130859375,748.5611572265625,4.5e-07,0.03731569997034967,0.4440497000468895,1132.88671875
10,2,748.7855224609375,748.7855224609375,749.5487060546875,5.000000000000001e-07,0.04270120000001043,0.487541800015606,1132.88671875
11,2,748.805419921875,748.805419921875,749.7657470703125,5.5e-07,0.0453059000428766,0.5335253999801353,1132.88671875
12,2,747.1519775390625,747.1519775390625,747.8145751953125,6.000000000000001e-07,0.031875999993644655,0.5660220000427216,1132.88671875
13,2,744.1399536132812,744.1399536132812,745.175537109375,6.5e-07,0.032087899977341294,0.5986965999472886,1132.88671875
14,2,750.0342407226562,750.0342407226562,750.7113647460938,7.000000000000001e-07,0.031699600047431886,0.6310209999792278,1132.88671875
15,2,750.109619140625,750.109619140625,750.3154907226562,7.5e-07,0.03683240001555532,0.6684035999933258,1132.88671875
16,2,749.0364990234375,749.0364990234375,749.4237060546875,8.000000000000001e-07,0.037585999933071434,0.7066180999390781,1132.88671875
17,2,749.75341796875,749.75341796875,750.0264892578125,8.500000000000001e-07,0.041826599976047873,0.749152599950321,1132.88671875
18,2,745.2109375,745.2109375,746.7943115234375,9e-07,0.0316781000001356,0.7814637999981642,1132.88671875
19,2,744.1683349609375,744.1683349609375,746.4765014648438,9.5e-07,0.031362000037916005,0.8134184000082314,1132.88671875
20,2,743.5126342773438,743.5126342773438,746.941650390625,1.0000000000000002e-06,0.035935800056904554,0.8499186999397352,1132.88671875
21,2,735.6852416992188,735.6852416992188,743.4246826171875,1.0500000000000001e-06,0.038288400042802095,0.8888000999577343,1132.88671875
22,2,739.64208984375,739.64208984375,745.78759765625,1.1e-06,0.03753359999973327,0.9269589999457821,1132.88671875
23,2,742.54150390625,742.54150390625,747.9364013671875,1.15e-06,0.03143510001245886,0.9589947999920696,1132.88671875
24,2,732.8651123046875,732.8651123046875,743.3123168945312,1.2000000000000002e-06,0.032311700051650405,0.9919003000250086,1132.88671875
25,2,735.397705078125,735.397705078125,744.4891967773438,1.25e-06,0.031047299969941378,1.0235421999823302,1132.88671875
26,2,733.6842041015625,733.6842041015625,744.6024169921875,1.3e-06,0.03276109998114407,1.056900899973698,1132.88671875
27,2,724.8115234375,724.8115234375,739.1357421875,1.35e-06,0.03142210002988577,1.0887032999889925,1132.88671875
28,2,727.7623291015625,727.7623291015625,745.7883911132812,1.4000000000000001e-06,0.03690150007605553,1.126411100034602,1132.88671875
29,2,720.2705078125,720.2705078125,737.690673828125,1.45e-06,0.03785610001068562,1.1649012999841943,1132.88671875
30,2,712.24462890625,712.24462890625,734.4144287109375,1.5e-06,0.03862000000663102,1.2041174999903888,1132.88671875
31,2,706.4947509765625,706.4947509765625,734.3624267578125,1.55e-06,0.03336400003172457,1.2380916000111029,1132.88671875
32,2,702.7107543945312,702.7107543945312,732.7599487304688,1.6000000000000001e-06,0.04776360001415014,1.2865093000000343,1132.88671875
33,2,696.9755859375,696.9755859375,731.73974609375,1.65e-06,0.032656600000336766,1.319865299970843,1132.88671875
34,2,688.5556640625,688.5556640625,726.94970703125,1.7000000000000002e-06,0.03240689996164292,1.352801000000909,1132.88671875
35,2,678.2786254882812,678.2786254882812,723.8300170898438,1.7500000000000002e-06,0.03257810010109097,1.3860111000249162,1132.88671875
36,2,669.7451171875,669.7451171875,720.0357055664062,1.8e-06,0.034759300062432885,1.4213478999445215,1132.88671875
37,2,662.741455078125,662.741455078125,719.2874755859375,1.85e-06,0.03311450011096895,1.4550770999630913,1132.88671875
38,2,645.581298828125,645.581298828125,711.5548095703125,1.9e-06,0.04362120002042502,1.499365699943155,1132.88671875
39,2,630.918701171875,630.918701171875,705.0390014648438,1.95e-06,0.038153299945406616,1.5381258999696001,1132.88671875
40,2,625.8509521484375,625.8509521484375,705.8154296875,2.0000000000000003e-06,0.04490490001626313,1.5836178000317886,1132.88671875
41,2,608.8631591796875,608.8631591796875,698.6112670898438,2.0500000000000003e-06,0.03984940005466342,1.6241239999653772,1132.88671875
42,2,590.730712890625,590.730712890625,692.0464477539062,2.1000000000000002e-06,0.03175540000665933,1.6564564999425784,1132.88671875
43,2,570.8892211914062,570.8892211914062,682.56396484375,2.1499999999999997e-06,0.0322926000226289,1.6893397000385448,1132.88671875
44,2,559.5218505859375,559.5218505859375,678.797119140625,2.2e-06,0.03143799991812557,1.7213901999639347,1132.88671875
45,2,539.4263916015625,539.4263916015625,670.5504150390625,2.25e-06,0.034351599984802306,1.7562355999834836,1132.88671875
46,2,512.2588500976562,512.2588500976562,655.9443969726562,2.3e-06,0.0633869000012055,1.8203618000261486,1132.88671875
47,2,493.23455810546875,493.23455810546875,648.25244140625,2.35e-06,0.07538679998833686,1.8972268999787048,1132.88671875
48,2,472.1155700683594,472.1155700683594,638.4998779296875,2.4000000000000003e-06,0.053150400053709745,1.9510025000199676,1132.88671875
49,2,453.9933776855469,453.9933776855469,630.3712158203125,2.4500000000000003e-06,0.03397150000091642,1.9855291999410838,1132.88671875
50,2,435.6319580078125,435.6319580078125,623.5517578125,2.5e-06,0.03663240000605583,2.0228330999379978,1132.88671875
51,2,406.7598876953125,406.7598876953125,607.06103515625,2.55e-06,0.05235569993965328,2.0762072999496013,1132.88671875
52,2,384.9476318359375,384.9476318359375,595.30908203125,2.6e-06,0.06652610003948212,2.14386289997492,1132.88671875
53,2,354.8023681640625,354.8023681640625,578.0284423828125,2.65e-06,0.055775800021365285,2.200830899993889,1132.88671875
54,2,339.2403564453125,339.2403564453125,572.202392578125,2.7e-06,0.07549320010002702,2.277987499954179,1132.88671875
55,2,311.989013671875,311.989013671875,557.712890625,2.7500000000000004e-06,0.05236460000742227,2.3308296999894083,1132.88671875
56,2,287.6005859375,287.6005859375,543.0537109375,2.8000000000000003e-06,0.05646110000088811,2.3876144000096247,1132.88671875
57,2,263.321044921875,263.321044921875,527.857421875,2.8500000000000002e-06,0.06425209995359182,2.453315999940969,1132.88671875
58,2,237.71041870117188,237.71041870117188,512.7295532226562,2.9e-06,0.05788879992906004,2.512289799982682,1132.88671875
59,2,211.16885375976562,211.16885375976562,496.1806335449219,2.95e-06,0.06565100001171231,2.5793372000334784,1132.88671875
60,2,190.9500732421875,190.9500732421875,482.78485107421875,3e-06,0.05953980004414916,2.639565199962817,1132.88671875
61,2,163.20263671875,163.20263671875,467.79437255859375,3.05e-06,0.06479719991330057,2.705455100047402,1132.88671875
62,2,139.89395141601562,139.89395141601562,451.37567138671875,3.1e-06,0.05081729998346418,2.756937799975276,1132.88671875
63,2,114.86709594726562,114.86709594726562,435.58837890625,3.1500000000000003e-06,0.0322230999590829,2.7897941999835894,1132.88671875
64,2,106.5765380859375,106.5765380859375,416.14263916015625,3.2000000000000003e-06,0.05774239997845143,2.848007299937308,1132.88671875
65,2,91.71875,91.71875,400.07366943359375,3.2500000000000002e-06,0.07653430011123419,2.9257424999959767,1132.88671875
66,2,76.92723083496094,76.92723083496094,387.78350830078125,3.3e-06,0.051852499949745834,2.978006000048481,1132.88671875
67,2,69.9605712890625,69.9605712890625,372.4131774902344,3.3500000000000005e-06,0.06244560005143285,3.041254800045863,1132.88671875
68,2,64.86798095703125,64.86798095703125,362.48553466796875,3.4000000000000005e-06,0.07348080002702773,3.115385500015691,1132.88671875
69,2,58.11323547363281,58.11323547363281,353.629638671875,3.4500000000000004e-06,0.04252820007968694,3.1591032999567688,1132.88671875
70,2,53.07758712768555,53.07758712768555,343.3916320800781,3.5000000000000004e-06,0.04739079996943474,3.2068059999728575,1132.88671875
71,2,49.78059005737305,49.78059005737305,333.0060729980469,3.55e-06,0.07066540000960231,3.2792478000046685,1132.88671875
72,2,50.42935562133789,50.42935562133789,326.5723876953125,3.6e-06,0.06673289998434484,3.3463471999857575,1132.88671875
73,2,45.93254852294922,45.93254852294922,319.1046447753906,3.6499999999999998e-06,0.05540919990744442,3.40350200003013,1132.88671875
74,2,43.991050720214844,43.991050720214844,311.4618835449219,3.7e-06,0.057036700076423585,3.4615019999910146,1132.88671875
75,2,45.3148193359375,45.3148193359375,310.1473693847656,3.75e-06,0.07653339998796582,3.539083000039682,1132.88671875
76,2,48.577857971191406,48.577857971191406,307.7087707519531,3.8e-06,0.051276900107041,3.590781799983233,1132.88671875
77,2,39.612388610839844,39.612388610839844,298.4981689453125,3.85e-06,0.06300239998381585,3.6547003999585286,1132.88671875
78,2,42.09756851196289,42.09756851196289,299.9342346191406,3.9e-06,0.053737300098873675,3.7090782000450417,1132.88671875
79,2,39.971839904785156,39.971839904785156,293.43902587890625,3.95e-06,0.05880310002248734,3.7684279000386596,1132.88671875
80,2,34.51438903808594,34.51438903808594,289.63922119140625,4.000000000000001e-06,0.07475019991397858,3.844744600006379,1132.88671875
81,2,35.9595947265625,35.9595947265625,287.5543518066406,4.05e-06,0.058355199988000095,3.90369649999775,1132.88671875
82,2,38.34437561035156,38.34437561035156,286.7596435546875,4.1000000000000006e-06,0.05354260001331568,3.958484699949622,1132.88671875
83,2,32.69473648071289,32.69473648071289,281.405517578125,4.15e-06,0.07680489995982498,4.036102200043388,1132.88671875
84,2,30.261960983276367,30.261960983276367,278.6409912109375,4.2000000000000004e-06,0.038448299979791045,4.0766542999772355,1132.88671875
85,2,32.27029800415039,32.27029800415039,277.0229797363281,4.250000000000001e-06,0.031430300092324615,4.108668099972419,1132.88671875
86,2,30.547306060791016,30.547306060791016,274.90948486328125,4.2999999999999995e-06,0.03174660005606711,4.140996500034817,1132.88671875
87,2,31.94100570678711,31.94100570678711,274.1907653808594,4.35e-06,0.04154399991966784,4.183095099986531,1132.88671875
88,2,31.814762115478516,31.814762115478516,275.22265625,4.4e-06,0.035367899923585355,4.219112599967048,1132.88671875
89,2,31.04341697692871,31.04341697692871,272.481689453125,4.45e-06,0.03131380002014339,4.251047399942763,1132.88671875
90,2,29.19108009338379,29.19108009338379,269.6289367675781,4.5e-06,0.03338659997098148,4.284996600006707,1132.88671875
91,2,27.61438751220703,27.61438751220703,268.9102478027344,4.5500000000000005e-06,0.03214620007202029,4.317746300017461,1132.88671875
92,2,29.23828125,29.23828125,267.7028503417969,4.6e-06,0.03792220004834235,4.356244400027208,1132.88671875
93,2,26.32440948486328,26.32440948486328,264.821533203125,4.65e-06,0.03789530007634312,4.39473870000802,1132.88671875
94,2,28.01713752746582,28.01713752746582,268.43682861328125,4.7e-06,0.060847600107081234,4.456168600008823,1132.88671875
95,2,23.003522872924805,23.003522872924805,262.4302673339844,4.75e-06,0.06163060001563281,4.518482899991795,1132.88671875
96,2,24.490177154541016,24.490177154541016,264.0506286621094,4.800000000000001e-06,0.06280159996822476,4.581907200044952,1132.88671875
97,2,20.305343627929688,20.305343627929688,260.87744140625,4.85e-06,0.06344080006238073,4.646299500018358,1132.88671875
98,2,22.64534568786621,22.64534568786621,262.2723083496094,4.9000000000000005e-06,0.05670800001826137,4.703575299936347,1132.88671875
99,2,24.522798538208008,24.522798538208008,264.01556396484375,4.950000000000001e-06,0.0723098999587819,4.777024899958633,1132.88671875
100,2,22.973249435424805,22.973249435424805,262.404296875,5e-06,0.06201370002236217,4.8394914999371395,1132.88671875
101,2,21.595722198486328,21.595722198486328,261.1370849609375,5.050000000000001e-06,0.05808750004507601,4.901027000043541,1132.88671875
102,2,19.924453735351562,19.924453735351562,258.6512451171875,5.1e-06,0.0673032000195235,4.9685611999593675,1132.88671875
103,2,21.403512954711914,21.403512954711914,261.0152893066406,5.15e-06,0.05377009999938309,5.024772200034931,1132.88671875
104,2,20.87057113647461,20.87057113647461,258.02618408203125,5.2e-06,0.05755500006489456,5.083285299944691,1132.88671875
105,2,18.04141616821289,18.04141616821289,258.2201232910156,5.25e-06,0.07710239989683032,5.161416599992663,1132.88671875
106,2,17.21697235107422,17.21697235107422,255.40249633789062,5.3e-06,0.05123240000102669,5.212973600020632,1132.88671875
107,2,18.29596710205078,18.29596710205078,257.58392333984375,5.3500000000000004e-06,0.052053799969144166,5.266041400027461,1132.88671875
108,2,15.227996826171875,15.227996826171875,254.2589569091797,5.4e-06,0.04982200008817017,5.316481700050645,1132.88671875
109,2,16.140037536621094,16.140037536621094,255.19578552246094,5.45e-06,0.03326970001216978,5.35042859998066,1132.88671875
110,2,16.24469566345215,16.24469566345215,256.5993347167969,5.500000000000001e-06,0.03302079997956753,5.383901600027457,1132.88671875
111,2,16.398113250732422,16.398113250732422,257.3913269042969,5.55e-06,0.03336170001421124,5.418043400044553,1132.88671875
112,2,15.505792617797852,15.505792617797852,256.7453918457031,5.600000000000001e-06,0.031914600054733455,5.450532300048508,1132.88671875
113,2,13.44477653503418,13.44477653503418,254.22845458984375,5.65e-06,0.038675300078466535,5.489750499953516,1132.88671875
114,2,16.82553482055664,16.82553482055664,255.04681396484375,5.7000000000000005e-06,0.035543000092729926,5.526004699990153,1132.88671875
115,2,14.419763565063477,14.419763565063477,253.83145141601562,5.750000000000001e-06,0.04882779996842146,5.575463099987246,1132.88671875
116,2,13.974347114562988,13.974347114562988,252.417724609375,5.8e-06,0.031658199965022504,5.60775880003348,1132.88671875
117,2,13.041877746582031,13.041877746582031,251.65283203125,5.850000000000001e-06,0.05817099998239428,5.666567999986,1132.88671875
118,2,16.089330673217773,16.089330673217773,253.44674682617188,5.9e-06,0.07372059999033809,5.740880899946205,1132.88671875
119,2,11.629888534545898,11.629888534545898,251.23825073242188,5.95e-06,0.04226310004014522,5.784009299939498,1132.88671875
120,2,14.256912231445312,14.256912231445312,253.5804443359375,6e-06,0.07091739994939417,5.856024199980311,1132.88671875
121,2,12.635636329650879,12.635636329650879,251.717529296875,6.0500000000000005e-06,0.051125199999660254,5.907610599999316,1132.88671875
122,2,13.421022415161133,13.421022415161133,252.15414428710938,6.1e-06,0.0746375999879092,5.982940000016242,1132.88671875
123,2,12.054951667785645,12.054951667785645,251.92532348632812,6.15e-06,0.05137999996077269,6.035553199937567,1132.88671875
124,2,10.85896110534668,10.85896110534668,252.55010986328125,6.2e-06,0.060950699960812926,6.0969934000168,1132.88671875
125,2,12.361865997314453,12.361865997314453,253.4727020263672,6.25e-06,0.0668956000590697,6.165055699995719,1132.88671875
126,2,13.033293724060059,13.033293724060059,252.93014526367188,6.300000000000001e-06,0.055044100037775934,6.220453400048427,1132.88671875
127,2,13.196249008178711,13.196249008178711,252.9153289794922,6.35e-06,0.05475440004374832,6.2767083999933675,1132.88671875
128,2,11.980892181396484,11.980892181396484,252.27919006347656,6.4000000000000006e-06,0.062059199903160334,6.341084499959834,1132.88671875
129,2,11.396812438964844,11.396812438964844,254.04359436035156,6.45e-06,0.038181600044481456,6.379865000024438,1132.88671875
130,2,9.805580139160156,9.805580139160156,251.90704345703125,6.5000000000000004e-06,0.03234969999175519,6.412863599951379,1132.88671875
131,2,11.056702613830566,11.056702613830566,253.24537658691406,6.550000000000001e-06,0.033216799958609045,6.446616200031713,1132.88671875
132,2,10.102713584899902,10.102713584899902,251.08700561523438,6.6e-06,0.05746540008112788,6.50439669995103,1132.88671875
133,2,10.131277084350586,10.131277084350586,250.68211364746094,6.650000000000001e-06,0.07164280000142753,6.577784699969925,1132.88671875
134,2,9.432868003845215,9.432868003845215,251.6539306640625,6.700000000000001e-06,0.05213930003810674,6.630334399989806,1132.88671875
135,2,7.92355489730835,7.92355489730835,248.1937713623047,6.750000000000001e-06,0.066353700007312,6.697491899947636,1132.88671875
136,2,8.356895446777344,8.356895446777344,250.0592041015625,6.800000000000001e-06,0.0662919000023976,6.765028499998152,1132.88671875
137,2,11.59716796875,11.59716796875,251.34568786621094,6.8500000000000005e-06,0.049064200022257864,6.81512120005209,1132.88671875
138,2,9.556877136230469,9.556877136230469,250.25125122070312,6.900000000000001e-06,0.04360810003709048,6.859360700007528,1132.88671875
139,2,10.087542533874512,10.087542533874512,250.24981689453125,6.950000000000001e-06,0.036312000011093915,6.8962394000263885,1132.88671875
140,2,9.49601936340332,9.49601936340332,249.42124938964844,7.000000000000001e-06,0.06295239995233715,6.959790299995802,1132.88671875
141,2,9.281427383422852,9.281427383422852,250.24461364746094,7.049999999999999e-06,0.05167940002866089,7.012121299980208,1132.88671875
142,2,10.290796279907227,10.290796279907227,250.54025268554688,7.1e-06,0.038645299966447055,7.051485999953002,1132.88671875
143,2,9.167938232421875,9.167938232421875,249.59344482421875,7.15e-06,0.04223879997152835,7.094318000017665,1132.88671875
144,2,8.304187774658203,8.304187774658203,249.1790008544922,7.2e-06,0.039202500018291175,7.134126199991442,1132.88671875
145,2,6.948455333709717,6.948455333709717,249.63897705078125,7.25e-06,0.050602099974639714,7.185305399936624,1132.88671875
146,2,9.837347984313965,9.837347984313965,249.9348602294922,7.2999999999999996e-06,0.03190659999381751,7.217843699967489,1132.88671875
147,2,8.398818969726562,8.398818969726562,248.99794006347656,7.35e-06,0.032217999920248985,7.250642099999823,1132.88671875
148,2,8.446414947509766,8.446414947509766,249.9785614013672,7.4e-06,0.033002200070768595,7.284239399945363,1132.88671875
149,2,8.610600471496582,8.610600471496582,249.98834228515625,7.45e-06,0.03340449999086559,7.318327000015415,1132.88671875
150,2,7.738838195800781,7.738838195800781,249.42654418945312,7.5e-06,0.040370799950324,7.359220599988475,1132.88671875
151,2,7.922614574432373,7.922614574432373,249.92922973632812,7.55e-06,0.04011150007136166,7.4013074999675155,1132.88671875
152,2,6.798003673553467,6.798003673553467,248.14462280273438,7.6e-06,0.04086239996831864,7.442817099974491,1132.88671875
153,2,7.479952812194824,7.479952812194824,249.7140655517578,7.65e-06,0.03802819992415607,7.481442600023001,1132.88671875
154,2,7.775627613067627,7.775627613067627,248.84246826171875,7.7e-06,0.033746899920515716,7.515828200033866,1132.88671875
155,2,7.446315288543701,7.446315288543701,248.37344360351562,7.75e-06,0.032738500041887164,7.549158000038005,1132.88671875
156,2,7.199737548828125,7.199737548828125,248.0950164794922,7.8e-06,0.05309360008686781,7.602807600051165,1132.88671875
157,2,8.030036926269531,8.030036926269531,249.78561401367188,7.850000000000001e-06,0.06693570001516491,7.6705992999486625,1132.88671875
158,2,8.413389205932617,8.413389205932617,249.2476348876953,7.9e-06,0.03173190006054938,7.702924899989739,1132.88671875
159,2,7.497854709625244,7.497854709625244,249.95065307617188,7.95e-06,0.031835900037549436,7.735355600016192,1132.88671875
160,2,7.459071159362793,7.459071159362793,249.8369140625,8.000000000000001e-06,0.04053110000677407,7.776464199996553,1132.88671875
161,2,5.701500415802002,5.701500415802002,247.7224884033203,8.050000000000001e-06,0.05987910006660968,7.836925899959169,1132.88671875
162,2,7.076972961425781,7.076972961425781,248.55709838867188,8.1e-06,0.053265700000338256,7.890835799975321,1132.88671875
163,2,8.196332931518555,8.196332931518555,250.8899383544922,8.15e-06,0.06343920005019754,7.95449070003815,1132.88671875
164,2,7.5177083015441895,7.5177083015441895,248.8096923828125,8.200000000000001e-06,0.06580490001942962,8.021301800035872,1132.88671875
165,2,7.262425422668457,7.262425422668457,249.71359252929688,8.25e-06,0.05199539999011904,8.073717399965972,1132.88671875
166,2,7.305866241455078,7.305866241455078,249.16258239746094,8.3e-06,0.0754870999371633,8.150330699980259,1132.88671875
167,2,6.464520454406738,6.464520454406738,250.46783447265625,8.350000000000001e-06,0.05693830002564937,8.20909290004056,1132.88671875
168,2,6.216469764709473,6.216469764709473,249.48672485351562,8.400000000000001e-06,0.06542519992217422,8.275422999984585,1132.88671875
169,2,7.104629993438721,7.104629993438721,249.2626953125,8.45e-06,0.06745500001125038,8.343987399945036,1132.88671875
170,2,7.295524597167969,7.295524597167969,249.60818481445312,8.500000000000002e-06,0.054628800018690526,8.39915019995533,1132.88671875
171,2,6.805497169494629,6.805497169494629,246.9976348876953,8.550000000000001e-06,0.07187250000424683,8.47163169994019,1132.88671875
172,2,6.508512496948242,6.508512496948242,249.4016571044922,8.599999999999999e-06,0.06305700005032122,8.536760999937542,1132.88671875
173,2,6.321902275085449,6.321902275085449,247.63619995117188,8.65e-06,0.058592200046405196,8.595875600003637,1132.88671875
174,2,6.0642476081848145,6.0642476081848145,248.42422485351562,8.7e-06,0.06376469996757805,8.66081769997254,1132.88671875
175,2,7.149440765380859,7.149440765380859,247.51535034179688,8.75e-06,0.03136690007522702,8.692848899983801,1132.88671875
176,2,6.873649597167969,6.873649597167969,249.86294555664062,8.8e-06,0.0336014999775216,8.72706930001732,1132.88671875
177,2,7.133588790893555,7.133588790893555,249.8654022216797,8.85e-06,0.03397320001386106,8.761463799979538,1132.88671875
178,2,6.413835525512695,6.413835525512695,250.27000427246094,8.9e-06,0.04015409993007779,8.8020767000271,1132.88671875
179,2,6.14151668548584,6.14151668548584,248.6806182861328,8.95e-06,0.04884649999439716,8.852265599998645,1132.88671875
180,2,6.4491119384765625,6.4491119384765625,249.83177185058594,9e-06,0.04392349999397993,8.896871899953112,1132.88671875
181,2,6.439892292022705,6.439892292022705,248.66615295410156,9.05e-06,0.04309129994362593,8.940603600000031,1132.88671875
182,2,6.786714553833008,6.786714553833008,251.60696411132812,9.100000000000001e-06,0.03254469996318221,8.97379269998055,1132.88671875
183,2,6.521132469177246,6.521132469177246,248.35833740234375,9.15e-06,0.034721899894066155,9.009148900047876,1132.88671875
184,2,6.237218856811523,6.237218856811523,249.81446838378906,9.2e-06,0.03821339993737638,9.047971999971196,1132.88671875
185,2,6.6339111328125,6.6339111328125,247.94049072265625,9.25e-06,0.039711999939754605,9.088262200006284,1132.88671875
186,2,5.980234146118164,5.980234146118164,249.7771759033203,9.3e-06,0.041495599900372326,9.130345599958673,1132.88671875
187,2,6.632033824920654,6.632033824920654,248.19357299804688,9.35e-06,0.032678699935786426,9.16372740000952,1132.88671875
188,2,6.191235542297363,6.191235542297363,248.03721618652344,9.4e-06,0.031308700097724795,9.195558200008236,1132.88671875
189,2,6.5323615074157715,6.5323615074157715,250.15139770507812,9.450000000000001e-06,0.032989999977871776,9.229157699970528,1132.88671875
190,2,6.578446865081787,6.578446865081787,249.85540771484375,9.5e-06,0.03200799995101988,9.261740599991754,1132.88671875
191,2,6.945945739746094,6.945945739746094,248.64944458007812,9.55e-06,0.03525950002949685,9.297595000010915,1132.88671875
192,2,6.136029243469238,6.136029243469238,250.1795654296875,9.600000000000001e-06,0.0361938999267295,9.334479699959047,1132.88671875
193,2,6.052911281585693,6.052911281585693,249.2770233154297,9.65e-06,0.037233600043691695,9.372334399959072,1132.88671875
194,2,6.865075588226318,6.865075588226318,249.98760986328125,9.7e-06,0.038677799981087446,9.411614099983126,1132.88671875
195,2,6.308121681213379,6.308121681213379,249.38084411621094,9.750000000000002e-06,0.044056199956685305,9.456264000036754,1132.88671875
196,2,5.888060092926025,5.888060092926025,250.01419067382812,9.800000000000001e-06,0.03441209997981787,9.491355099948123,1132.88671875
197,2,7.2263922691345215,7.2263922691345215,249.78086853027344,9.85e-06,0.039447300019674,9.5313636000501,1132.88671875
198,2,5.625925064086914,5.625925064086914,249.41807556152344,9.900000000000002e-06,0.06067080004140735,9.592609700048342,1132.88671875
199,2,6.2451558113098145,6.2451558113098145,249.82118225097656,9.950000000000001e-06,0.0720378999831155,9.665360099985264,1132.88671875
200,2,6.026037216186523,6.026037216186523,248.5948944091797,1e-05,0.04115419997833669,9.707310799974948,1132.88671875
