commit	date	title
db96e77affa66398c553427045ee040f06230c2a	2026-05-07T12:37:17Z	Upload folder using huggingface_hub
daaef14047e2c5cb11be715e337161f8a7cb0218	2026-05-07T11:10:43Z	Upload README.md with huggingface_hub
37f9bb87e55bc5532ad0a6619f453b7d02d21192	2026-05-07T11:05:37Z	Remove leftover partial and root-level upload artifacts
d7a28ebc4d0376d5c07a179e63b8c89b384bdc9f	2026-05-07T11:02:23Z	Add files using upload-large-folder tool
281c4515d354ffe86a2e2f6bf00159c9df7c1002	2026-05-07T11:02:21Z	Add files using upload-large-folder tool
171db72b34576e6ea1e097bf078a4e10d1ee1c6c	2026-05-07T09:06:28Z	Add files using upload-large-folder tool
5b758bcbcf803cc6a1c6a241ec799db9da42c956	2026-05-07T09:06:26Z	Add files using upload-large-folder tool
f67d6adb40a0108865b88bb54275e2902bc3e3c3	2026-05-07T09:06:24Z	Add files using upload-large-folder tool
303fb671c757e1a1eaab900e88418a28f843cb54	2026-05-07T08:58:05Z	Add files using upload-large-folder tool
d21c2ebdee6e494a274564f2ec17255012519b62	2026-05-07T08:58:01Z	Add files using upload-large-folder tool
b437894b8d05af9fe71a7d1e75c5fd6ca03c5f54	2026-05-07T08:57:58Z	Add files using upload-large-folder tool
88d2d80fb0ff056242364d00af5dd4765be05012	2026-05-07T07:38:18Z	Add files using upload-large-folder tool
e1b7c4d4b6416790e8087a285585cdd4623e7fca	2026-05-07T07:37:13Z	Add files using upload-large-folder tool
a088d8ded6d9c4d68a58b3e0e93b9df95b28c2c8	2026-05-07T07:35:59Z	Add files using upload-large-folder tool
cdbabba51247d6c79c84b2c13d3454f967e153b8	2026-05-07T07:34:46Z	Add files using upload-large-folder tool
418d84e474d2a7336625f78edd47656ce531fcd4	2026-05-06T22:54:08Z	Delete zarr_demo with huggingface_hub
7bbd7fbf3ae006b570b88ea5cf60d35bc9f25232	2026-05-06T22:54:07Z	Delete BenchmarkSSVEP with huggingface_hub
bcc73814f8868bbb55f1a9e481ce1c285b762b98	2026-05-06T22:54:06Z	Delete Awakening_balanced with huggingface_hub
b84f417d620442f35a2c770233204e72298f81ac	2026-05-06T22:54:05Z	Upload folder using huggingface_hub
df5bcf901e2715ebf34620ac42670b9a3d4c1f44	2026-05-06T20:29:02Z	Upload folder using huggingface_hub
584358654440f1ff30f53efcfcd5ec11830375d0	2026-05-06T20:18:19Z	Upload folder using huggingface_hub
d6ca8a04a243b1a5de04d10995225c5171e1f793	2026-05-06T19:30:36Z	initial commit
