subject,session,trial_index,true_label,transition_1_4,pred_1,prob0_1,prob1_1,entropy_1,correct_1,pred_2,prob0_2,prob1_2,entropy_2,correct_2,pred_3,prob0_3,prob1_3,entropy_3,correct_3,pred_4,prob0_4,prob1_4,entropy_4,correct_4
A01,S2,0,0,CC,0,0.683749258518219,0.3162507116794586,0.6240110397338867,True,0,0.8230529427528381,0.17694704234600067,0.4667324423789978,True,0,0.9091919660568237,0.09080799669027328,0.30440327525138855,True,0,0.9514865279197693,0.04851347953081131,0.1941147893667221,True
A01,S2,1,1,CC,1,0.28225117921829224,0.7177488207817078,0.5950669050216675,True,1,0.15996429324150085,0.8400356769561768,0.43961068987846375,True,1,0.08485052734613419,0.9151495099067688,0.2904590368270874,True,1,0.04655047133564949,0.9534494876861572,0.18823027610778809,True
A01,S2,2,1,CC,1,0.28589197993278503,0.7141080498695374,0.5984323024749756,True,1,0.16011878848075867,0.839881181716919,0.439866840839386,True,1,0.08366722613573074,0.9163327813148499,0.2876358926296234,True,1,0.0453437976539135,0.954656183719635,0.1845701038837433,True
A01,S2,3,0,CC,0,0.6798691153526306,0.3201308846473694,0.6269680261611938,True,0,0.821035623550415,0.17896440625190735,0.46981948614120483,True,0,0.9081305265426636,0.09186946600675583,0.3068419098854065,True,0,0.9509058594703674,0.04909413680434227,0.1958393007516861,True
A01,S2,4,1,WW,0,0.5808138847351074,0.4191861152648926,0.680027961730957,False,0,0.6998782753944397,0.3001216948032379,0.6109673976898193,False,0,0.811375081539154,0.18862490355968475,0.4842229187488556,False,0,0.8851620554924011,0.11483795195817947,0.356512188911438,False
A01,S2,5,0,CC,0,0.6981803774833679,0.3018196225166321,0.6123982071876526,True,0,0.8344238996505737,0.16557611525058746,0.4488016963005066,True,0,0.9159178733825684,0.08408215641975403,0.28862789273262024,True,0,0.9552859663963318,0.04471404850482941,0.18264657258987427,True
A01,S2,6,1,CW,1,0.4838721752166748,0.5161278247833252,0.6926268339157104,True,0,0.525108277797699,0.4748917520046234,0.691885769367218,False,0,0.5677722692489624,0.4322277009487152,0.6839326620101929,False,0,0.602508544921875,0.397491455078125,0.6719814538955688,False
A01,S2,7,1,CC,1,0.31146520376205444,0.6885347962379456,0.6202679872512817,True,1,0.19918276369571686,0.8008172512054443,0.4992673993110657,True,1,0.11951939761638641,0.8804805874824524,0.3659663498401642,True,1,0.07258977741003036,0.9274101853370667,0.26028698682785034,True
A01,S2,8,0,CC,0,0.5395817160606384,0.4604182541370392,0.6900105476379395,True,0,0.6021358370780945,0.3978641629219055,0.6721361875534058,True,0,0.6656270623207092,0.3343729078769684,0.6372323036193848,True,0,0.7200483679771423,0.27995163202285767,0.5929076671600342,True
A01,S2,9,1,CC,1,0.2652265727519989,0.7347733974456787,0.5784531235694885,True,1,0.14686915278434753,0.8531308770179749,0.4172396659851074,True,1,0.07583344727754593,0.9241665601730347,0.2684733271598816,True,1,0.0407237708568573,0.9592762589454651,0.17023751139640808,True
A01,S2,10,0,CC,0,0.6927502155303955,0.3072498142719269,0.6168824434280396,True,0,0.8308568000793457,0.1691431999206543,0.45452505350112915,True,0,0.9139232635498047,0.08607678860425949,0.2933656573295593,True,0,0.9541918635368347,0.04580817371606827,0.18598255515098572,True
A01,S2,11,0,CC,0,0.6851977705955505,0.31480225920677185,0.6228892803192139,True,0,0.8256485462188721,0.17435146868228912,0.4627193808555603,True,0,0.910942792892456,0.08905725181102753,0.30035117268562317,True,0,0.9524911642074585,0.0475088469684124,0.19111379981040955,True
A01,S2,12,1,CC,1,0.2728145718574524,0.7271854877471924,0.5860381722450256,True,1,0.15941603481769562,0.8405839800834656,0.43870025873184204,True,1,0.08694124966859818,0.9130587577819824,0.29540330171585083,True,1,0.04876936972141266,0.9512306451797485,0.19487565755844116,True
A01,S2,13,0,CC,0,0.6856338977813721,0.31436607241630554,0.6225496530532837,True,0,0.8260111808776855,0.17398878931999207,0.46215492486953735,True,0,0.9111607670783997,0.08883918076753616,0.2998439073562622,True,0,0.9526255130767822,0.047374434769153595,0.19071067869663239,True
A01,S2,14,0,CC,0,0.6278725266456604,0.372127503156662,0.6600782871246338,True,0,0.7655830383300781,0.23441696166992188,0.544558584690094,True,0,0.8678675293922424,0.13213244080543518,0.39042040705680847,True,0,0.9260582327842712,0.07394173741340637,0.2637177109718323,True
A01,S2,15,0,CC,0,0.6378609538078308,0.3621390759944916,0.6546390056610107,True,0,0.7748381495475769,0.2251618504524231,0.533363938331604,True,0,0.8721912503242493,0.12780879437923431,0.3821999430656433,True,0,0.9272827506065369,0.07271721214056015,0.26061153411865234,True
A01,S2,16,0,CC,0,0.6455769538879395,0.35442307591438293,0.6501418352127075,True,0,0.7930919528007507,0.20690806210041046,0.5098311305046082,True,0,0.8902133703231812,0.10978659987449646,0.34606897830963135,True,0,0.9401402473449707,0.05985980108380318,0.22658154368400574,True
A01,S2,17,1,CC,1,0.2694433033466339,0.7305566668510437,0.5827043652534485,True,1,0.15477171540260315,0.8452283143997192,0.4308975636959076,True,1,0.08259951323270798,0.9174004793167114,0.28507283329963684,True,1,0.04529153183102608,0.954708456993103,0.18441081047058105,True
A01,S2,18,0,CC,0,0.6642348170280457,0.33576521277427673,0.638186514377594,True,0,0.8091034293174744,0.19089661538600922,0.48752039670944214,True,0,0.901120662689209,0.09887930750846863,0.32261359691619873,True,0,0.9469013810157776,0.0530986525118351,0.20753984153270721,True
A01,S2,19,1,CW,1,0.48021674156188965,0.5197832584381104,0.6923642158508301,True,0,0.5434553027153015,0.4565446972846985,0.6893656849861145,False,0,0.6231319308280945,0.3768681287765503,0.6625100374221802,False,0,0.6940154433250427,0.3059845566749573,0.615850031375885,False
A01,S2,20,1,CW,1,0.47726884484291077,0.5227311253547668,0.69211345911026,True,1,0.4982248544692993,0.5017750859260559,0.6931408643722534,True,0,0.5308149456977844,0.4691850244998932,0.6912468671798706,False,0,0.5651469826698303,0.43485304713249207,0.6846346855163574,False
A01,S2,21,0,CC,0,0.6891533732414246,0.31084656715393066,0.6197763681411743,True,0,0.8282710909843445,0.17172890901565552,0.45861703157424927,True,0,0.9124197959899902,0.08758021891117096,0.2969032824039459,True,0,0.9533206820487976,0.046679288148880005,0.18861904740333557,True
A01,S2,22,1,CC,1,0.2881205081939697,0.7118794918060303,0.6004602313041687,True,1,0.1717441976070404,0.828255832195282,0.4586411118507385,True,1,0.09500587731599808,0.9049941301345825,0.31396907567977905,True,1,0.05376904085278511,0.946230947971344,0.2094668596982956,True
A01,S2,23,1,CC,1,0.4289298951625824,0.57107013463974,0.6830109357833862,True,1,0.41350165009498596,0.5864983797073364,0.6781076788902283,True,1,0.39815860986709595,0.601841390132904,0.6722580194473267,True,1,0.3821675777435303,0.6178324222564697,0.665115237236023,True
A01,S2,24,1,WW,0,0.6688982844352722,0.33110174536705017,0.6349561214447021,False,0,0.812626838684082,0.18737317621707916,0.4823915362358093,False,0,0.9032473564147949,0.09675266593694687,0.31788867712020874,False,0,0.9481390118598938,0.05186093598604202,0.203958660364151,False
A01,S2,25,0,CC,0,0.6666889190673828,0.3333110511302948,0.6364986896514893,True,0,0.8099477887153625,0.19005227088928223,0.48629868030548096,True,0,0.9011325836181641,0.09886746108531952,0.32258734107017517,True,0,0.9468322396278381,0.053167715668678284,0.20773886144161224,True
A01,S2,26,0,CC,0,0.6516370177268982,0.3483630120754242,0.6464273929595947,True,0,0.7870691418647766,0.2129308432340622,0.517814040184021,True,0,0.8809016346931458,0.11909838765859604,0.3651247024536133,True,0,0.9326165318489075,0.06738341599702835,0.24681751430034637,True
A01,S2,27,1,WW,0,0.5667839646339417,0.43321606516838074,0.6842002272605896,False,0,0.6768544912338257,0.3231455683708191,0.6292177438735962,False,0,0.7824832797050476,0.21751675009727478,0.5237469673156738,False,0,0.8549562692642212,0.14504374563694,0.4140147268772125,False
A01,S2,28,1,CC,1,0.27025166153907776,0.7297483682632446,0.5835089683532715,True,1,0.15101122856140137,0.8489887118339539,0.42445921897888184,True,1,0.07862576097249985,0.9213742613792419,0.2754001021385193,True,1,0.042438846081495285,0.9575611352920532,0.1756189614534378,True
A01,S2,29,0,CC,0,0.5095751881599426,0.4904248118400574,0.6929638385772705,True,0,0.5535327196121216,0.4464673101902008,0.6874046325683594,True,0,0.6040812134742737,0.39591875672340393,0.6713221073150635,True,0,0.6517130732536316,0.3482869863510132,0.6463797688484192,True
A01,S2,30,0,CC,0,0.6737549901008606,0.3262450098991394,0.6314874887466431,True,0,0.817288875579834,0.18271112442016602,0.47547969222068787,True,0,0.9061664938926697,0.09383345395326614,0.3113184869289398,True,0,0.949815034866333,0.050184931606054306,0.19905942678451538,True
A01,S2,31,0,WW,1,0.46742793917655945,0.5325720906257629,0.6910237669944763,False,1,0.4739590287208557,0.5260409712791443,0.6917903423309326,False,1,0.481558233499527,0.5184417366981506,0.6924668550491333,False,1,0.48670732975006104,0.5132926106452942,0.6927937865257263,False
A01,S2,32,1,WW,0,0.5248442888259888,0.47515571117401123,0.6919122338294983,False,0,0.6080293655395508,0.3919706642627716,0.6696214079856873,False,0,0.7045887112617493,0.29541128873825073,0.6069259643554688,False,0,0.7807703018188477,0.21922971308231354,0.5259313583374023,False
A01,S2,33,1,CC,1,0.43215176463127136,0.5678482055664062,0.6839119791984558,True,1,0.40036916732788086,0.5996308326721191,0.6731610298156738,True,1,0.3704218566417694,0.629578173160553,0.6591798067092896,True,1,0.34293270111083984,0.6570672392845154,0.6429616212844849,True
A01,S2,34,0,CC,0,0.6265811324119568,0.3734188973903656,0.6607502698898315,True,0,0.7628419995307922,0.23715798556804657,0.5477818250656128,True,0,0.8605510592460632,0.13944895565509796,0.4039618968963623,True,0,0.9162480235099792,0.08375200629234314,0.28783875703811646,True
A01,S2,35,0,CC,0,0.6735346913337708,0.32646533846855164,0.6316471099853516,True,0,0.817069411277771,0.1829305738210678,0.4758082628250122,True,0,0.9060076475143433,0.09399235248565674,0.3116786479949951,True,0,0.9497261047363281,0.05027385056018829,0.19932082295417786,True
A01,S2,36,0,CC,0,0.6839920282363892,0.3160080015659332,0.6238237023353577,True,0,0.8247695565223694,0.17523042857646942,0.46408355236053467,True,0,0.9104485511779785,0.08955147862434387,0.3014988601207733,True,0,0.9522271752357483,0.04777288809418678,0.19190461933612823,True
A01,S2,37,1,WW,0,0.5088798403739929,0.4911201596260071,0.6929894685745239,False,0,0.5364431142807007,0.46355685591697693,0.6904886364936829,False,0,0.5677729249000549,0.4322270154953003,0.6839325428009033,False,0,0.5963391661643982,0.4036608040332794,0.6744681596755981,False
A01,S2,38,0,CC,0,0.658949613571167,0.3410504162311554,0.6417297720909119,True,0,0.8027455806732178,0.19725443422794342,0.4965726137161255,True,0,0.8962262868881226,0.10377375036478043,0.3332964777946472,True,0,0.9437955021858215,0.05620454624295235,0.21639384329319,True
A01,S2,39,1,CC,1,0.393891304731369,0.6061086654663086,0.6704570055007935,True,1,0.34622249007225037,0.653777539730072,0.6450767517089844,True,1,0.30434364080429077,0.6956562995910645,0.6144999265670776,True,1,0.2692205309867859,0.7307794690132141,0.5824819803237915,True
A01,S2,40,1,CC,1,0.28041893243789673,0.7195810079574585,0.5933485627174377,True,1,0.1645219922065735,0.8354780077934265,0.4470928907394409,True,1,0.08937951922416687,0.9106205105781555,0.30109986662864685,True,1,0.04964132234454155,0.9503586888313293,0.19745776057243347,True
A01,S2,41,0,CC,0,0.5412466526031494,0.4587533473968506,0.6897407174110413,True,0,0.634587824344635,0.3654122054576874,0.6564687490463257,True,0,0.7311170101165771,0.26888298988342285,0.5821446776390076,True,0,0.803367018699646,0.1966329663991928,0.4956991672515869,True
A01,S2,42,1,CC,1,0.27770325541496277,0.7222967743873596,0.5907710194587708,True,1,0.1561720371246338,0.843828022480011,0.4332672953605652,True,1,0.0818391889333725,0.9181607961654663,0.2832385003566742,True,1,0.044320762157440186,0.955679178237915,0.18144069612026215,True
A01,S2,43,0,CC,0,0.6259444355964661,0.37405553460121155,0.661078929901123,True,0,0.772498369216919,0.22750155627727509,0.5362398028373718,True,0,0.8757011294364929,0.12429893016815186,0.37540364265441895,True,0,0.9306480288505554,0.06935194879770279,0.2519594132900238,True
A01,S2,44,1,CC,1,0.27404525876045227,0.7259547114372253,0.5872409343719482,True,1,0.15720519423484802,0.8427947759628296,0.4350062906742096,True,1,0.08377174288034439,0.9162282347679138,0.28788602352142334,True,1,0.04599522054195404,0.9540047645568848,0.18655017018318176,True
A01,S2,45,1,CC,1,0.3133964240550995,0.6866035461425781,0.6217913031578064,True,1,0.1987750232219696,0.801224946975708,0.4986996054649353,True,1,0.11678022146224976,0.8832197785377502,0.3604603707790375,True,1,0.06933991611003876,0.9306600689888,0.2519281804561615,True
A01,S2,46,1,CC,1,0.27525967359542847,0.7247402667999268,0.5884203910827637,True,1,0.15394222736358643,0.8460577726364136,0.42948678135871887,True,1,0.08007825165987015,0.9199217557907104,0.2789604365825653,True,1,0.04318336769938469,0.9568166732788086,0.17793229222297668,True
A01,S2,47,0,CC,0,0.6723848581314087,0.3276151716709137,0.632476806640625,True,0,0.8103324770927429,0.18966753780841827,0.4857405126094818,True,0,0.9012166857719421,0.09878328442573547,0.32240137457847595,True,0,0.9468868374824524,0.0531131811439991,0.20758172869682312,True
A01,S2,48,0,CC,0,0.6821348667144775,0.31786513328552246,0.6252497434616089,True,0,0.8232467174530029,0.17675328254699707,0.4664344787597656,True,0,0.9095834493637085,0.0904165729880333,0.30350053310394287,True,0,0.9517433643341064,0.04825664311647415,0.193349689245224,True
A01,S2,49,0,WW,1,0.26314881443977356,0.736851155757904,0.5763248205184937,False,1,0.13958218693733215,0.8604177832603455,0.4042043387889862,False,1,0.06935115158557892,0.9306488037109375,0.25195735692977905,False,1,0.036274611949920654,0.9637253880500793,0.15591831505298615,False
A01,S2,50,1,CC,1,0.30164021253585815,0.6983597278594971,0.6122477054595947,True,1,0.19026882946491241,0.8097311854362488,0.4866124987602234,True,1,0.11116944998502731,0.8888304829597473,0.3489534556865692,True,1,0.06476930528879166,0.9352307319641113,0.23989355564117432,True
A01,S2,51,0,CC,0,0.6756021976470947,0.3243978023529053,0.6301400661468506,True,0,0.8189631700515747,0.1810368150472641,0.47296205163002014,True,0,0.9070966243743896,0.09290344268083572,0.3092043101787567,True,0,0.9503136873245239,0.049686264246702194,0.19759047031402588,True
A01,S2,52,0,CC,0,0.6648494005203247,0.33515065908432007,0.6377663612365723,True,0,0.8097502589225769,0.19024977087974548,0.4865849018096924,True,0,0.9014375805854797,0.09856238216161728,0.3219127058982849,True,0,0.9471046328544617,0.052895378321409225,0.20695382356643677,True
A01,S2,53,1,CC,1,0.2995278239250183,0.7004721760749817,0.6104636788368225,True,1,0.19116824865341187,0.8088316917419434,0.4879125654697418,True,1,0.11573684960603714,0.8842630982398987,0.35834404826164246,True,1,0.07099998742341995,0.9290000200271606,0.25621795654296875,True
A01,S2,54,0,CC,0,0.6903473138809204,0.3096526265144348,0.618822455406189,True,0,0.8290185332298279,0.1709815263748169,0.4574390649795532,True,0,0.9128534197807312,0.0871465802192688,0.2958858609199524,True,0,0.9535702466964722,0.04642971232533455,0.1878654658794403,True
A01,S2,55,0,CC,0,0.6785950064659119,0.3214050233364105,0.6279239654541016,True,0,0.8208818435668945,0.17911818623542786,0.47005367279052734,True,0,0.9082299470901489,0.09177010506391525,0.3066141605377197,True,0,0.9509806632995605,0.04901939630508423,0.19561767578125,True
A01,S2,56,1,CC,1,0.36418870091438293,0.6358112692832947,0.6557902097702026,True,1,0.28977954387664795,0.7102203965187073,0.6019542217254639,True,1,0.2251078337430954,0.7748921513557434,0.5332971811294556,True,1,0.17471317946910858,0.8252868056297302,0.46328142285346985,True
A01,S2,57,0,CC,0,0.5839463472366333,0.4160536527633667,0.6789861917495728,True,0,0.7133991122245789,0.2866009473800659,0.5990800857543945,True,0,0.8302813172340393,0.1697186827659607,0.45543986558914185,True,0,0.900585412979126,0.09941461682319641,0.3237948417663574,True
A01,S2,58,1,WW,0,0.5018040537834167,0.49819591641426086,0.6931406855583191,False,0,0.5511615872383118,0.44883838295936584,0.6879030466079712,False,0,0.6037411093711853,0.3962589502334595,0.6714655160903931,False,0,0.6488965749740601,0.35110342502593994,0.6481270790100098,False
A01,S2,59,1,CC,1,0.3031086325645447,0.6968913674354553,0.6134752631187439,True,1,0.18938665091991425,0.8106133341789246,0.4853323698043823,True,1,0.11101669073104858,0.8889832496643066,0.3486357629299164,True,1,0.0659211128950119,0.9340788125991821,0.24295805394649506,True
A01,S2,60,0,CC,0,0.6889927387237549,0.31100720167160034,0.6199042201042175,True,0,0.8284260034561157,0.1715739518404007,0.45837318897247314,True,0,0.9125689268112183,0.08743112534284592,0.29655370116233826,True,0,0.9534347653388977,0.04656520113348961,0.18827474117279053,True
A01,S2,61,1,WW,0,0.5511438846588135,0.4488561749458313,0.6879066228866577,False,0,0.6605821847915649,0.3394177556037903,0.6406485438346863,False,0,0.7645296454429626,0.23547038435935974,0.5458021759986877,False,0,0.8407824039459229,0.15921759605407715,0.4383702278137207,False
A01,S2,62,0,WW,1,0.35447442531585693,0.6455256342887878,0.6501725912094116,False,1,0.26199790835380554,0.7380020618438721,0.5751363039016724,False,1,0.1851755678653717,0.8148244619369507,0.4791513681411743,False,1,0.13029542565345764,0.8697046041488647,0.386947900056839,False
A01,S2,63,0,CC,0,0.6837831139564514,0.31621691584587097,0.6239849328994751,True,0,0.8242614269256592,0.17573855817317963,0.46486973762512207,True,0,0.9101454615592957,0.08985447883605957,0.3022010624408722,True,0,0.9520629644393921,0.047937024384737015,0.19239555299282074,True
A01,S2,64,1,CC,1,0.3863152265548706,0.6136847734451294,0.6670712232589722,True,1,0.33093661069869995,0.6690633296966553,0.6348400115966797,True,1,0.28166115283966064,0.7183388471603394,0.5945153832435608,True,1,0.2407166063785553,0.7592834234237671,0.5519044995307922,True
A01,S2,65,0,CC,0,0.6876735091209412,0.31232646107673645,0.6209495067596436,True,0,0.8274613618850708,0.1725386530160904,0.459888756275177,True,0,0.9120019674301147,0.08799805492162704,0.29788142442703247,True,0,0.9531116485595703,0.0468883216381073,0.18924912810325623,True
A01,S2,66,1,CC,1,0.33293238282203674,0.6670675873756409,0.6362358927726746,True,1,0.2223941832780838,0.7776058316230774,0.5299215316772461,True,1,0.13855190575122833,0.8614481687545776,0.40232598781585693,True,1,0.08607412129640579,0.9139259457588196,0.29335933923721313,True
A01,S2,67,1,CC,1,0.35559138655662537,0.644408643245697,0.6508393287658691,True,1,0.2747785449028015,0.7252215147018433,0.5879539251327515,True,1,0.20580977201461792,0.7941902279853821,0.5083518028259277,True,1,0.1536979228258133,0.8463020920753479,0.42907023429870605,True
A01,S2,68,1,WW,0,0.5351629853248596,0.46483704447746277,0.6906722784042358,False,0,0.632468581199646,0.367531418800354,0.6576287746429443,False,0,0.7267811298370361,0.27321887016296387,0.5864341855049133,False,0,0.7989147305488586,0.20108528435230255,0.501903235912323,False
A01,S2,69,1,CC,1,0.4551934599876404,0.5448064804077148,0.6891265511512756,True,1,0.46360448002815247,0.5363954901695251,0.6904956102371216,True,1,0.47311821579933167,0.526881754398346,0.6917012333869934,True,1,0.4787568151950836,0.5212432146072388,0.692244291305542,True
A01,S2,70,1,CC,1,0.4206859767436981,0.5793140530586243,0.6805124282836914,True,1,0.39975467324256897,0.6002453565597534,0.6729120016098022,True,1,0.3847920000553131,0.6152079701423645,0.6663614511489868,True,1,0.3732670545578003,0.6267329454421997,0.660671591758728,True
A01,S2,71,0,CC,0,0.6327052116394043,0.3672947883605957,0.6575002074241638,True,0,0.7702755928039551,0.2297244369983673,0.5389431118965149,True,0,0.8696498870849609,0.13035008311271667,0.3870517313480377,True,0,0.9264600276947021,0.07353999465703964,0.26270100474357605,True
A01,S2,72,1,CC,1,0.2947290539741516,0.7052710056304932,0.6063318252563477,True,1,0.17097371816635132,0.8290262222290039,0.45742684602737427,True,1,0.09234949201345444,0.9076505303382874,0.30794021487236023,True,1,0.051314741373062134,0.9486852288246155,0.20236839354038239,True
A01,S2,73,0,CC,0,0.5234257578849792,0.47657424211502075,0.6920492649078369,True,0,0.5858902335166931,0.4141097068786621,0.6783194541931152,True,0,0.6552956104278564,0.34470435976982117,0.6441066265106201,True,0,0.7144409418106079,0.2855590283870697,0.5981273055076599,True
A01,S2,74,0,CC,0,0.5445388555526733,0.4554611146450043,0.6891745328903198,True,0,0.6361478567123413,0.36385220289230347,0.6556024551391602,True,0,0.7270503044128418,0.2729497253894806,0.5861706733703613,True,0,0.7976606488227844,0.202339306473732,0.5036283731460571,True
A01,S2,75,0,CC,0,0.6656579375267029,0.3343420922756195,0.6372110843658447,True,0,0.8098855018615723,0.19011445343494415,0.4863889217376709,True,0,0.9013069272041321,0.09869303554296494,0.32220178842544556,True,0,0.9469678997993469,0.05303215980529785,0.20734822750091553,True
A01,S2,76,1,CW,1,0.4914723038673401,0.5085276961326599,0.6930017471313477,True,0,0.5220248103141785,0.47797513008117676,0.6921766996383667,False,0,0.5561625957489014,0.44383737444877625,0.6868253946304321,False,0,0.5855172276496887,0.4144827723503113,0.6784486174583435,False
A01,S2,77,1,CW,1,0.49569976329803467,0.5043002367019653,0.6931102275848389,True,0,0.54636150598526,0.4536385238170624,0.688842236995697,False,0,0.60850989818573,0.3914901316165924,0.669409990310669,False,0,0.6666777729988098,0.3333221673965454,0.6365064978599548,False
A01,S2,78,0,WW,1,0.37016844749450684,0.6298315525054932,0.6590452194213867,False,1,0.295931875705719,0.7040680646896362,0.6073778867721558,False,1,0.22848090529441833,0.7715190649032593,0.5374342799186707,False,1,0.17412643134593964,0.8258735537528992,0.46236926317214966,False
A01,S2,79,1,CC,1,0.2655567228794098,0.7344432473182678,0.578789234161377,True,1,0.1409270316362381,0.8590729832649231,0.40664273500442505,True,1,0.06998298317193985,0.9300169944763184,0.2535949647426605,True,1,0.036567192524671555,0.9634328484535217,0.15687662363052368,True
A01,S2,80,0,WW,1,0.43827489018440247,0.5617251396179199,0.6855077743530273,False,1,0.4210268557071686,0.578973114490509,0.6806212663650513,False,1,0.41080448031425476,0.5891955494880676,0.6771500110626221,False,1,0.4060152471065521,0.5939847826957703,0.6753753423690796,False
A01,S2,81,1,CC,1,0.27262020111083984,0.7273797988891602,0.5858476161956787,True,1,0.14910820126533508,0.8508918285369873,0.421159029006958,True,1,0.0762006938457489,0.9237993359565735,0.2693905830383301,True,1,0.040571000427007675,0.9594289660453796,0.16975462436676025,True
A01,S2,82,0,WC,1,0.49326956272125244,0.5067304372787476,0.693056583404541,False,0,0.5275288820266724,0.47247111797332764,0.6916307210922241,True,0,0.5748819708824158,0.42511796951293945,0.6818902492523193,True,0,0.6201125979423523,0.37988734245300293,0.6640089750289917,True
A01,S2,83,1,CW,1,0.4637662172317505,0.5362338423728943,0.6905190944671631,True,1,0.4757380783557892,0.5242618918418884,0.6919695138931274,True,1,0.4983879625797272,0.5016120672225952,0.6931419372558594,True,0,0.5225057601928711,0.4774942398071289,0.6921337842941284,False
A01,S2,84,1,CC,1,0.42462900280952454,0.5753710269927979,0.6817421913146973,True,1,0.3857908248901367,0.6142091155052185,0.6668280363082886,True,1,0.34549856185913086,0.6545014381408691,0.6446154117584229,True,1,0.30690425634384155,0.6930957436561584,0.616601288318634,True
A01,S2,85,1,CC,1,0.27466049790382385,0.7253395318984985,0.5878393650054932,True,1,0.14649365842342377,0.8535062670707703,0.4165785312652588,True,1,0.07300452888011932,0.9269954562187195,0.26134228706359863,True,1,0.03822367638349533,0.9617763161659241,0.16225722432136536,True
A01,S2,86,0,CC,0,0.6764227747917175,0.32357728481292725,0.6295365691184998,True,0,0.8170791268348694,0.18292084336280823,0.475793719291687,True,0,0.9054899215698242,0.09451010078191757,0.3128501772880554,True,0,0.9493200778961182,0.05067989230155945,0.2005123347043991,True
A01,S2,87,0,CC,0,0.6824355721473694,0.3175643980503082,0.6250199675559998,True,0,0.8222805857658386,0.17771939933300018,0.46791762113571167,True,0,0.9088380336761475,0.09116188436746597,0.3052178621292114,True,0,0.9512686133384705,0.04873136058449745,0.19476275146007538,True
A01,S2,88,1,CC,1,0.2777082026004791,0.7222918272018433,0.590775728225708,True,1,0.15174846351146698,0.8482515215873718,0.42573004961013794,True,1,0.07667816430330276,0.9233218431472778,0.27058035135269165,True,1,0.0404190719127655,0.9595808982849121,0.1692737191915512,True
A01,S2,89,0,CC,0,0.687516450881958,0.312483549118042,0.6210733652114868,True,0,0.8271778225898743,0.17282217741012573,0.46033304929733276,True,0,0.9118189215660095,0.08818107098340988,0.2983091473579407,True,0,0.9529907703399658,0.047009192407131195,0.18961304426193237,True
A01,S2,90,1,CC,1,0.3866785168647766,0.6133214831352234,0.6672391295433044,True,1,0.31770753860473633,0.6822924017906189,0.6251294016838074,True,1,0.24905502796173096,0.750944972038269,0.5612946152687073,True,1,0.19156645238399506,0.8084335327148438,0.4884864091873169,True
A01,S2,91,1,CC,1,0.36653223633766174,0.6334677338600159,0.6570842862129211,True,1,0.2793702781200409,0.7206297516822815,0.5923575162887573,True,1,0.20217663049697876,0.7978233098983765,0.5034051537513733,True,1,0.14399492740631104,0.8560050129890442,0.41214972734451294,True
A01,S2,92,0,CC,0,0.6537929773330688,0.34620702266693115,0.6450669765472412,True,0,0.7977318167686462,0.20226818323135376,0.503530740737915,True,0,0.8923914432525635,0.1076086163520813,0.3414860963821411,True,0,0.9412879943847656,0.058712054044008255,0.22340884804725647,True
A01,S2,93,0,WC,1,0.49292758107185364,0.5070724487304688,0.6930471658706665,False,0,0.5422815680503845,0.4577183723449707,0.6895674467086792,True,0,0.6065520644187927,0.39344796538352966,0.6702654361724854,True,0,0.6694724559783936,0.33052748441696167,0.6345516443252563,True
A01,S2,94,1,CC,1,0.3624565005302429,0.6375434994697571,0.6548185348510742,True,1,0.2789786159992218,0.7210214138031006,0.5919860601425171,True,1,0.20607946813106537,0.7939205169677734,0.5087157487869263,True,1,0.15201008319854736,0.8479899168014526,0.42618000507354736,True
A01,S2,95,0,CC,0,0.6284447908401489,0.37155523896217346,0.6597781777381897,True,0,0.7536614537239075,0.24633850157260895,0.5582767724990845,True,0,0.8487493395805359,0.1512506902217865,0.42487239837646484,True,0,0.9074195027351379,0.09258048236370087,0.3084678053855896,True
A01,S2,96,1,CC,1,0.4435593783855438,0.5564405918121338,0.6867625117301941,True,1,0.42902910709381104,0.570970892906189,0.6830393075942993,True,1,0.4172102212905884,0.5827898383140564,0.6793755292892456,True,1,0.4063466191291809,0.5936533808708191,0.6755012273788452,True
A01,S2,97,0,WW,1,0.35557064414024353,0.6444293856620789,0.6508270502090454,False,1,0.2572632431983948,0.7427366971969604,0.5701749324798584,False,1,0.17757830023765564,0.822421669960022,0.46770143508911133,False,1,0.12348177284002304,0.876518189907074,0.37380528450012207,False
A01,S2,98,0,WW,1,0.3271411061286926,0.6728588342666626,0.6321355104446411,False,1,0.2216026932001114,0.7783973217010498,0.5289289951324463,False,1,0.1413070559501648,0.85869300365448,0.4073290228843689,False,1,0.08997616916894913,0.9100238680839539,0.3024826645851135,False
A01,S2,99,1,CC,1,0.26544737815856934,0.7345526218414307,0.5786778926849365,True,1,0.14062511920928955,0.8593749403953552,0.40609657764434814,True,1,0.06979040801525116,0.9302096366882324,0.25309640169143677,True,1,0.03645828738808632,0.9635417461395264,0.15652018785476685,True
A01,S2,100,0,CC,0,0.529734194278717,0.47026577591896057,0.6913778781890869,True,0,0.600222647190094,0.399777352809906,0.6729212999343872,True,0,0.6843371987342834,0.31566280126571655,0.6235568523406982,True,0,0.7638189196586609,0.23618100583553314,0.546637773513794,True
A01,S2,101,0,CC,0,0.6840382218360901,0.31596171855926514,0.6237879991531372,True,0,0.8244964480400085,0.17550352215766907,0.4645063281059265,True,0,0.9102551341056824,0.0897449254989624,0.3019472062587738,True,0,0.9520912170410156,0.04790874943137169,0.19231106340885162,True
A01,S2,102,0,CC,0,0.617719292640686,0.38228073716163635,0.6651696562767029,True,0,0.7454448938369751,0.2545551359653473,0.567284345626831,True,0,0.8530678153038025,0.1469322144985199,0.41735056042671204,True,0,0.9170657992362976,0.08293421566486359,0.28587788343429565,True
A01,S2,103,1,CC,1,0.3028235137462616,0.6971765160560608,0.6132376194000244,True,1,0.18199372291564941,0.8180062174797058,0.4744032621383667,True,1,0.10167042165994644,0.8983296155929565,0.3287377953529358,True,1,0.05788068473339081,0.9421193599700928,0.22109583020210266,True
A01,S2,104,1,CC,1,0.36229726672172546,0.6377027034759521,0.6547285318374634,True,1,0.2705439329147339,0.7294561266899109,0.5837990641593933,True,1,0.1947207748889923,0.8052791953086853,0.4929962158203125,True,1,0.14024627208709717,0.8597537875175476,0.4054102301597595,True
A01,S2,105,1,CW,1,0.4910792112350464,0.5089207291603088,0.6929880380630493,True,0,0.531775176525116,0.46822482347488403,0.6911264657974243,False,0,0.5844208002090454,0.4155791997909546,0.6788249015808105,False,0,0.6347015500068665,0.36529847979545593,0.6564059257507324,False
A01,S2,106,1,CW,1,0.49858903884887695,0.501410961151123,0.6931432485580444,True,0,0.539309024810791,0.46069100499153137,0.6900535821914673,False,0,0.5838020443916321,0.4161980152130127,0.6790350675582886,False,0,0.6229541301727295,0.3770458698272705,0.6625993847846985,False
A01,S2,107,0,CC,0,0.5737774968147278,0.4262225031852722,0.6822210550308228,True,0,0.6730595231056213,0.3269404470920563,0.6319907307624817,True,0,0.7637178301811218,0.23628215491771698,0.5467564463615417,True,0,0.8314810991287231,0.16851897537708282,0.4535300135612488,True
A01,S2,108,1,CC,1,0.2606796324253082,0.7393203973770142,0.5737665891647339,True,1,0.1376240998506546,0.8623759150505066,0.4006269872188568,True,1,0.0681680366396904,0.9318320155143738,0.24887420237064362,True,1,0.035576727241277695,0.9644232988357544,0.15362244844436646,True
A01,S2,109,1,CC,1,0.3792366683483124,0.6207633018493652,0.6636892557144165,True,1,0.29996761679649353,0.7000323534011841,0.6108368635177612,True,1,0.23103761672973633,0.7689624428749084,0.5405270457267761,True,1,0.17878827452659607,0.8212117552757263,0.46955108642578125,True
A01,S2,110,1,CC,1,0.26945674419403076,0.730543315410614,0.5827177166938782,True,1,0.1431742161512375,0.8568257689476013,0.4106840491294861,True,1,0.07118140906095505,0.9288185238838196,0.256684273481369,True,1,0.037218883633613586,0.9627811312675476,0.15900257229804993,True
A01,S2,111,0,WC,1,0.48293161392211914,0.5170683860778809,0.6925643682479858,False,1,0.4961099326610565,0.5038900971412659,0.6931169033050537,False,0,0.5216449499130249,0.4783550202846527,0.6922098398208618,True,0,0.5513355135917664,0.44866451621055603,0.6878671646118164,True
A01,S2,112,0,WW,1,0.46841445565223694,0.5315855145454407,0.6911505460739136,False,1,0.4649243652820587,0.5350756049156189,0.6906845569610596,False,1,0.46421366930007935,0.5357863306999207,0.6905837059020996,False,1,0.4631470739841461,0.5368528962135315,0.6904284358024597,False
A01,S2,113,0,WW,1,0.394837349653244,0.6051626801490784,0.6708627939224243,False,1,0.3214449882507324,0.6785550117492676,0.627953827381134,False,1,0.25337278842926025,0.7466272711753845,0.5660102367401123,False,1,0.19889646768569946,0.8011035323143005,0.49886882305145264,False
A01,S2,114,0,WW,1,0.4389389753341675,0.5610610842704773,0.6856716275215149,False,1,0.40796253085136414,0.5920374989509583,0.6761083602905273,False,1,0.37644147872924805,0.623558521270752,0.6622952222824097,False,1,0.34630295634269714,0.6536970734596252,0.6451278924942017,False
A01,S2,115,0,WW,1,0.4026219844818115,0.5973780155181885,0.6740604639053345,False,1,0.3539382517337799,0.6460617780685425,0.6498504877090454,False,1,0.3127785921096802,0.6872214078903198,0.6213058233261108,False,1,0.27812257409095764,0.7218774557113647,0.591171383857727,False
A01,S2,116,1,CC,1,0.41379687190055847,0.5862031579017639,0.6782106757164001,True,1,0.3587396740913391,0.6412603259086609,0.6526895761489868,True,1,0.3039402663707733,0.6960597038269043,0.6141660213470459,True,1,0.2558845579624176,0.74411541223526,0.5687081813812256,True
A01,S2,117,0,CC,0,0.6190723776817322,0.3809276521205902,0.6645164489746094,True,0,0.7315593361854553,0.2684406638145447,0.5817016959190369,True,0,0.8220542073249817,0.17794573307037354,0.46826422214508057,True,0,0.8827375173568726,0.11726242303848267,0.3614348769187927,True
A01,S2,118,1,CC,1,0.2691943049430847,0.7308056950569153,0.5824558734893799,True,1,0.14286689460277557,0.8571330904960632,0.41013380885124207,True,1,0.07096802443265915,0.9290319681167603,0.2561357617378235,True,1,0.037081118673086166,0.9629188179969788,0.15855422616004944,True
A01,S2,119,1,CC,1,0.3776114881038666,0.622388482093811,0.6628827452659607,True,1,0.29906392097473145,0.7009360790252686,0.6100690960884094,True,1,0.22679559886455536,0.7732044458389282,0.5353752970695496,True,1,0.17194543778896332,0.8280545473098755,0.45895761251449585,True
A01,S2,120,0,CC,0,0.5398479104042053,0.4601520895957947,0.6899681091308594,True,0,0.616355299949646,0.383644700050354,0.6658202409744263,True,0,0.6940191388130188,0.3059808313846588,0.6158470511436462,True,0,0.7596093416213989,0.24039065837860107,0.5515298247337341,True
A01,S2,121,1,CC,1,0.39668628573417664,0.6033137440681458,0.6716451644897461,True,1,0.3360890746116638,0.663910984992981,0.6384071707725525,True,1,0.27782684564590454,0.7221731543540955,0.5908890962600708,True,1,0.2290080040693283,0.7709919810295105,0.5380749702453613,True
A01,S2,122,0,CC,0,0.5490702390670776,0.45092979073524475,0.6883236169815063,True,0,0.6280872821807861,0.37191277742385864,0.6599658727645874,True,0,0.7123880982398987,0.2876119315624237,0.5999995470046997,True,0,0.7797498106956482,0.22025011479854584,0.5272243618965149,True
A01,S2,123,0,CC,0,0.6691815257072449,0.3308185040950775,0.6347568035125732,True,0,0.8111295700073242,0.1888704150915146,0.4845809042453766,True,0,0.9015212059020996,0.09847883135080338,0.3217276632785797,True,0,0.9469748139381409,0.05302521586418152,0.20732823014259338,True
A01,S2,124,1,CC,1,0.27954405546188354,0.7204559445381165,0.5925222039222717,True,1,0.1552872657775879,0.8447127342224121,0.43177181482315063,True,1,0.08029457181692123,0.9197053909301758,0.2794882655143738,True,1,0.043090201914310455,0.9569097757339478,0.17764361202716827,True
A01,S2,125,1,WW,0,0.590199887752533,0.40980014204978943,0.6767857074737549,False,0,0.7260156273841858,0.273984432220459,0.5871816873550415,False,0,0.8386816382408142,0.16131828725337982,0.4418495297431946,False,0,0.9066531658172607,0.09334685653448105,0.310213565826416,False
A01,S2,126,1,CW,1,0.48354101181030273,0.5164589881896973,0.6926052570343018,True,0,0.52968430519104,0.47031569480895996,0.6913838386535645,False,0,0.5837803483009338,0.4162196218967438,0.6790424585342407,False,0,0.6305010318756104,0.3694990277290344,0.658688485622406,False
A01,S2,127,0,CC,0,0.6590283513069153,0.34097161889076233,0.6416778564453125,True,0,0.8006076216697693,0.1993924081325531,0.4995589256286621,True,0,0.8936523199081421,0.10634766519069672,0.33881044387817383,True,0,0.9416579008102417,0.05834212154150009,0.22238120436668396,True
A01,S2,128,1,CC,1,0.26551613211631775,0.7344838976860046,0.5787479281425476,True,1,0.14082567393779755,0.859174370765686,0.4064594805240631,True,1,0.06993197649717331,0.9300680160522461,0.2534629702568054,True,1,0.036546431481838226,0.9634535312652588,0.1568087637424469,True
A01,S2,129,1,CC,1,0.2591462731361389,0.7408537268638611,0.5721620321273804,True,1,0.13672684133052826,0.8632731437683105,0.39897698163986206,True,1,0.06770439445972443,0.9322956800460815,0.24765998125076294,True,1,0.035335104912519455,0.964664876461029,0.1528243124485016,True
A01,S2,130,1,CC,1,0.4630570113658905,0.5369430184364319,0.6904151439666748,True,1,0.46610623598098755,0.5338937640190125,0.6908478736877441,True,1,0.47115716338157654,0.5288428664207458,0.691482424736023,True,1,0.4768714904785156,0.5231285095214844,0.6920769214630127,True
A01,S2,131,1,CC,1,0.3433243930339813,0.6566756367683411,0.6432158946990967,True,1,0.24001508951187134,0.7599849104881287,0.5510973334312439,True,1,0.1576675921678543,0.8423323631286621,0.43578195571899414,True,1,0.1038513258099556,0.8961486220359802,0.33346378803253174,True
A01,S2,132,1,CC,1,0.31046974658966064,0.6895302534103394,0.6194759607315063,True,1,0.19729958474636078,0.802700400352478,0.4966360032558441,True,1,0.1160772442817688,0.8839227557182312,0.3590356111526489,True,1,0.06871555745601654,0.9312844276428223,0.2503037750720978,True
A01,S2,133,0,WW,1,0.3944116532802582,0.6055883169174194,0.6706806421279907,False,1,0.3439948856830597,0.6560051441192627,0.643649697303772,False,1,0.2988991439342499,0.7011008262634277,0.6099287271499634,False,1,0.2590804100036621,0.7409195899963379,0.5720928907394409,False
A01,S2,134,1,CC,1,0.27141091227531433,0.7285890579223633,0.5846571326255798,True,1,0.1522083878517151,0.8477916121482849,0.4265207052230835,True,1,0.07974610477685928,0.9202539324760437,0.2781488001346588,True,1,0.04320584982633591,0.9567942023277283,0.17800194025039673,True
A01,S2,135,1,CC,1,0.26307082176208496,0.736929178237915,0.5762444734573364,True,1,0.14364659786224365,0.8563533425331116,0.4115283489227295,True,1,0.07307726889848709,0.9269227385520935,0.2615271210670471,True,1,0.038882553577423096,0.9611174464225769,0.16437643766403198,True
A01,S2,136,0,CC,0,0.5871180891990662,0.41288188099861145,0.6778903007507324,True,0,0.7056699395179749,0.29433000087738037,0.605983316898346,True,0,0.8137109279632568,0.18628902733325958,0.48079705238342285,True,0,0.8876646161079407,0.11233541369438171,0.3513703942298889,True
A01,S2,137,0,WC,1,0.49540165066719055,0.5045983195304871,0.6931048631668091,False,0,0.5257954597473145,0.47420451045036316,0.6918157935142517,True,0,0.5585129261016846,0.4414871335029602,0.6862839460372925,True,0,0.5885526537895203,0.41144731640815735,0.6773810386657715,True
A01,S2,138,0,WW,1,0.2672005891799927,0.7327993512153625,0.5804546475410461,False,1,0.14404679834842682,0.8559532165527344,0.4122421145439148,False,1,0.07263943552970886,0.9273605942726135,0.26041340827941895,False,1,0.038397423923015594,0.961602509021759,0.16281726956367493,False
A01,S2,139,0,WW,1,0.39896297454833984,0.6010370254516602,0.6725889444351196,False,1,0.33107393980026245,0.6689260601997375,0.6349365711212158,False,1,0.267822265625,0.7321776747703552,0.5810807943344116,False,1,0.21578815579414368,0.7842118740081787,0.5215252041816711,False
A01,S2,140,0,CC,0,0.5868136286735535,0.41318637132644653,0.677997350692749,True,0,0.7220747470855713,0.2779252827167511,0.5909831523895264,True,0,0.8328073620796204,0.16719262301921844,0.45140671730041504,True,0,0.9001071453094482,0.09989283978939056,0.3248474597930908,True
A01,S2,141,0,WW,1,0.40166833996772766,0.5983316898345947,0.6736823320388794,False,1,0.34857505559921265,0.6514250040054321,0.6465600728988647,False,1,0.29345035552978516,0.7065496444702148,0.6052122116088867,False,1,0.24363401532173157,0.7563660144805908,0.5552326440811157,False
A01,S2,142,1,CC,1,0.4110730290412903,0.5889269113540649,0.6772466897964478,True,1,0.3563288152217865,0.6436711549758911,0.6512766480445862,True,1,0.30397024750709534,0.6960297226905823,0.6141908764839172,True,1,0.2590397894382477,0.7409602403640747,0.5720500946044922,True
A01,S2,143,0,WW,1,0.4723699390888214,0.527630090713501,0.6916195154190063,False,1,0.47459426522254944,0.525405764579773,0.6918557286262512,False,1,0.47660520672798157,0.5233948230743408,0.6920521259307861,False,1,0.47569775581359863,0.5243022441864014,0.6919655203819275,False
