model,ea_mode,from_loop,to_loop,CC,CW,WC,WW,correction_rate,corruption_rate,correction_given_wrong,corruption_given_correct
neuroloop_v2_shared,paper,1,2,108,7,3,26,0.020833333333333332,0.04861111111111111,0.10344827586206896,0.06086956521739131
neuroloop_v2_shared,paper,2,3,110,1,1,32,0.006944444444444444,0.006944444444444444,0.030303030303030304,0.009009009009009009
neuroloop_v2_shared,paper,3,4,110,1,0,33,0.0,0.006944444444444444,0.0,0.009009009009009009
neuroloop_v2_shared,paper,1,4,106,9,4,25,0.027777777777777776,0.0625,0.13793103448275862,0.0782608695652174
neuroloop_v2_untied,paper,1,2,102,5,3,34,0.020833333333333332,0.034722222222222224,0.08108108108108109,0.04672897196261682
neuroloop_v2_untied,paper,2,3,98,7,3,36,0.020833333333333332,0.04861111111111111,0.07692307692307693,0.06666666666666667
neuroloop_v2_untied,paper,3,4,94,7,3,40,0.020833333333333332,0.04861111111111111,0.06976744186046512,0.06930693069306931
neuroloop_v2_untied,paper,1,4,88,19,9,28,0.0625,0.13194444444444445,0.24324324324324326,0.17757009345794392
neuroloop_v2_shared,strict,1,2,108,7,3,26,0.020833333333333332,0.04861111111111111,0.10344827586206896,0.06086956521739131
neuroloop_v2_shared,strict,2,3,110,1,1,32,0.006944444444444444,0.006944444444444444,0.030303030303030304,0.009009009009009009
neuroloop_v2_shared,strict,3,4,110,1,0,33,0.0,0.006944444444444444,0.0,0.009009009009009009
neuroloop_v2_shared,strict,1,4,106,9,4,25,0.027777777777777776,0.0625,0.13793103448275862,0.0782608695652174
neuroloop_v2_untied,strict,1,2,102,5,3,34,0.020833333333333332,0.034722222222222224,0.08108108108108109,0.04672897196261682
neuroloop_v2_untied,strict,2,3,98,7,3,36,0.020833333333333332,0.04861111111111111,0.07692307692307693,0.06666666666666667
neuroloop_v2_untied,strict,3,4,94,7,3,40,0.020833333333333332,0.04861111111111111,0.06976744186046512,0.06930693069306931
neuroloop_v2_untied,strict,1,4,88,19,9,28,0.0625,0.13194444444444445,0.24324324324324326,0.17757009345794392
