subject,session,trial_index,feature_norm_1,feature_norm_2,feature_norm_3,feature_norm_4,cos_1_2,cos_2_3,cos_3_4,logits_delta_1_2,logits_delta_2_3,logits_delta_3_4
A01,S2,0,251.73033142089844,256.0929870605469,261.1947021484375,266.46197509765625,0.997504472732544,0.9977170825004578,0.9983463287353516,0.5417364835739136,0.5420957207679749,0.47552135586738586
A01,S2,1,250.7528076171875,254.43832397460938,259.25262451171875,264.4349670410156,0.9974257349967957,0.9976573586463928,0.9983075857162476,0.5127979516983032,0.508979082107544,0.4535054862499237
A01,S2,2,251.01429748535156,254.87258911132812,259.75,264.91998291015625,0.9974432587623596,0.9976705312728882,0.9983129501342773,0.5246497392654419,0.5206468105316162,0.4621264636516571
A01,S2,3,251.65557861328125,255.92491149902344,260.9579772949219,266.1926574707031,0.9974955916404724,0.9977083206176758,0.9983407258987427,0.5446308255195618,0.5428034067153931,0.4757190942764282
A01,S2,4,252.51795959472656,257.7265625,263.3636169433594,268.7742919921875,0.9975906610488892,0.9977934956550598,0.998385488986969,0.3681424558162689,0.4329284429550171,0.41261160373687744
A01,S2,5,251.60064697265625,255.8533935546875,260.9034729003906,266.1924133300781,0.9974931478500366,0.9977084398269653,0.9983444213867188,0.5506055355072021,0.5450537204742432,0.47637686133384705
A01,S2,6,252.8709259033203,258.1609802246094,264.1295471191406,270.1629638671875,0.997602105140686,0.9978300333023071,0.9984462857246399,0.11674825847148895,0.12181859463453293,0.1017623245716095
A01,S2,7,251.5902557373047,255.99664306640625,261.37298583984375,266.95391845703125,0.9974968433380127,0.9977344870567322,0.9983689785003662,0.42295628786087036,0.42827558517456055,0.38933396339416504
A01,S2,8,252.60818481445312,257.8889465332031,263.9281311035156,269.9702453613281,0.9975969791412354,0.9978329539299011,0.9984455704689026,0.18083056807518005,0.1938382238149643,0.18144753575325012
A01,S2,9,250.69309997558594,254.4426727294922,259.29180908203125,264.4363708496094,0.9974287748336792,0.997660219669342,0.9983049035072327,0.5235650539398193,0.5240294933319092,0.4659934341907501
A01,S2,10,251.5773468017578,255.79591369628906,260.81146240234375,266.0689697265625,0.9974900484085083,0.9977046251296997,0.9983407258987427,0.5506324768066406,0.545035183429718,0.47658607363700867
A01,S2,11,251.67662048339844,255.94544982910156,260.97589111328125,266.2308654785156,0.9974959492683411,0.9977084994316101,0.9983426332473755,0.5496676564216614,0.5445464253425598,0.47593945264816284
A01,S2,12,251.06024169921875,255.12135314941406,260.23687744140625,265.62811279296875,0.9974590539932251,0.9976953268051147,0.9983378648757935,0.4824056625366211,0.4872649013996124,0.4377616345882416
A01,S2,13,251.6060028076172,255.8527069091797,260.872802734375,266.1261291503906,0.9974928498268127,0.9977059364318848,0.9983411431312561,0.5500175356864929,0.5446666479110718,0.4761328101158142
A01,S2,14,252.5455780029297,257.349365234375,262.6318664550781,267.8412780761719,0.997556209564209,0.9977551698684692,0.9983598589897156,0.4670155346393585,0.49405425786972046,0.4565027356147766
A01,S2,15,252.15643310546875,256.9234619140625,262.5633850097656,268.1400146484375,0.9975453019142151,0.9977800250053406,0.998389482498169,0.4735996127128601,0.4841127395629883,0.44223445653915405
A01,S2,16,252.10687255859375,256.4765625,261.5411376953125,266.78564453125,0.9975124597549438,0.9977209568023682,0.9983490109443665,0.5261085033416748,0.5298054814338684,0.46756693720817566
A01,S2,17,251.27493286132812,255.48226928710938,260.66741943359375,266.04864501953125,0.9974743127822876,0.9977078437805176,0.9983422756195068,0.4951407313346863,0.5020339488983154,0.45307695865631104
A01,S2,18,251.9650421142578,256.3916931152344,261.4794921875,266.71185302734375,0.9975142478942871,0.997721254825592,0.9983471035957336,0.5388087034225464,0.5413216948509216,0.47476962208747864
A01,S2,19,253.53158569335938,259.3689880371094,265.53985595703125,271.6324462890625,0.9976677894592285,0.9978711009025574,0.9984697699546814,0.17923621833324432,0.23236531019210815,0.22389070689678192
A01,S2,20,252.55685424804688,257.9797058105469,264.1675720214844,270.1986083984375,0.9976081848144531,0.9978489875793457,0.9984468221664429,0.05933519825339317,0.09236732870340347,0.09851620346307755
A01,S2,21,251.72410583496094,256.0274353027344,261.0882873535156,266.3686828613281,0.9974995851516724,0.9977124929428101,0.9983460307121277,0.549613893032074,0.5445584654808044,0.47603583335876465
A01,S2,22,251.16029357910156,255.24801635742188,260.34722900390625,265.6626281738281,0.9974632263183594,0.9976963400840759,0.9983329176902771,0.47292277216911316,0.4813796281814575,0.43402397632598877
A01,S2,23,252.34481811523438,257.3711242675781,263.2886962890625,269.3672180175781,0.9975667595863342,0.9978108406066895,0.9984393119812012,0.04477556422352791,0.045103322714567184,0.04835767298936844
A01,S2,24,251.73011779785156,256.05853271484375,261.0972595214844,266.2974548339844,0.9975018501281738,0.9977110624313354,0.9983395338058472,0.5402163863182068,0.5421168208122253,0.47532764077186584
A01,S2,25,252.3362579345703,256.7704162597656,261.8744201660156,267.11370849609375,0.9975219964981079,0.9977293610572815,0.9983525276184082,0.5348858833312988,0.5375436544418335,0.4737074375152588
A01,S2,26,251.8557891845703,256.2733459472656,261.5268859863281,266.89996337890625,0.9975109100341797,0.9977335929870605,0.9983593225479126,0.48162370920181274,0.4904836118221283,0.4431687295436859
A01,S2,27,252.67015075683594,257.8785705566406,263.3941345214844,268.80419921875,0.9975929856300354,0.9977843761444092,0.9983850717544556,0.33279308676719666,0.38243570923805237,0.34934505820274353
A01,S2,28,250.85406494140625,254.70034790039062,259.61541748046875,264.7917785644531,0.997438907623291,0.9976704120635986,0.9983116388320923,0.5185798406600952,0.5194279551506042,0.4632672667503357
A01,S2,29,252.42372131347656,257.6339111328125,263.71453857421875,269.922607421875,0.9975863695144653,0.9978323578834534,0.9984582662582397,0.12492556869983673,0.14678721129894257,0.1446482241153717
A01,S2,30,251.63800048828125,255.88076782226562,260.8391418457031,266.0321350097656,0.9974933862686157,0.9977012276649475,0.9983358383178711,0.546511173248291,0.544200599193573,0.47585684061050415
A01,S2,31,252.43612670898438,257.59503173828125,263.6675109863281,269.82537841796875,0.9975810050964355,0.9978303909301758,0.9984517097473145,0.01858518272638321,0.021821077913045883,0.017086287960410118
A01,S2,32,252.9517364501953,258.25616455078125,263.9117736816406,269.43505859375,0.9976063370704651,0.9978033304214478,0.9984005093574524,0.24014420807361603,0.3042086958885193,0.2837056815624237
A01,S2,33,252.01528930664062,256.8886413574219,262.68157958984375,268.64483642578125,0.9975470304489136,0.9977906346321106,0.9984214305877686,0.09252484142780304,0.08953864872455597,0.08505535125732422
A01,S2,34,252.19345092773438,256.7614440917969,262.1462097167969,267.7373352050781,0.9975294470787048,0.9977535605430603,0.9983853101730347,0.46016642451286316,0.4607154428958893,0.40499135851860046
A01,S2,35,251.64064025878906,255.8918914794922,260.86737060546875,266.06689453125,0.9974940419197083,0.9977028369903564,0.998336672782898,0.5461812019348145,0.543918788433075,0.47586002945899963
A01,S2,36,251.6696319580078,255.9384307861328,260.9582214355469,266.2076110839844,0.9974957704544067,0.9977072477340698,0.9983417391777039,0.549305260181427,0.5445588231086731,0.47611457109451294
A01,S2,37,252.3431396484375,257.2950439453125,262.94580078125,268.6466369628906,0.997561514377594,0.997785210609436,0.99840247631073,0.07814744114875793,0.0896887555718422,0.08344919234514236
A01,S2,38,252.24363708496094,256.77435302734375,261.99188232421875,267.3005676269531,0.9975279569625854,0.997739315032959,0.9983599185943604,0.526759684085846,0.5320529341697693,0.47027596831321716
A01,S2,39,252.18624877929688,257.37091064453125,263.4451904296875,269.603271484375,0.9975773096084595,0.9978259205818176,0.9984481334686279,0.14474698901176453,0.1351766288280487,0.12172865122556686
A01,S2,40,251.14613342285156,255.23553466796875,260.3321228027344,265.5727844238281,0.997463047504425,0.9976959824562073,0.9983264803886414,0.48268038034439087,0.492421954870224,0.44603028893470764
A01,S2,41,252.65261840820312,257.7447814941406,263.2864990234375,268.8006896972656,0.9975817203521729,0.9977841973304749,0.99839186668396,0.2733689248561859,0.31703656911849976,0.2880847156047821
A01,S2,42,250.69476318359375,254.40892028808594,259.25799560546875,264.3812255859375,0.9974266290664673,0.9976596832275391,0.9983027577400208,0.5169985890388489,0.5167074799537659,0.4619903862476349
A01,S2,43,252.787353515625,257.5731201171875,262.8172302246094,268.1842956542969,0.9975595474243164,0.9977554678916931,0.9983748197555542,0.5003809928894043,0.5160906910896301,0.4557550847530365
A01,S2,44,251.21849060058594,255.3397216796875,260.46697998046875,265.8016662597656,0.9974666833877563,0.9977002143859863,0.9983358383178711,0.49851933121681213,0.5042444467544556,0.45252174139022827
A01,S2,45,251.78517150878906,256.2842102050781,261.61956787109375,267.0841064453125,0.99750816822052,0.9977359771728516,0.998362123966217,0.4311194121837616,0.4450540840625763,0.4056031405925751
A01,S2,46,251.20594787597656,255.2320098876953,260.2209777832031,265.4369812011719,0.9974591732025146,0.9976863861083984,0.9983228445053101,0.5203951001167297,0.5214099287986755,0.46447908878326416
A01,S2,47,251.77622985839844,256.2633972167969,261.3409423828125,266.5196533203125,0.9975153207778931,0.9977181553840637,0.9983410239219666,0.5184464454650879,0.536443829536438,0.4737967848777771
A01,S2,48,251.60650634765625,255.85308837890625,260.8490905761719,266.0750732421875,0.9974930286407471,0.9977039098739624,0.9983385801315308,0.5479470491409302,0.5445136427879333,0.47610390186309814
A01,S2,49,250.98519897460938,254.76922607421875,259.5821838378906,264.7211608886719,0.9974367618560791,0.9976629018783569,0.9983078241348267,0.5579999089241028,0.5501526594161987,0.4829461872577667
A01,S2,50,252.1890106201172,257.06317138671875,262.8291931152344,268.4681091308594,0.9975472688674927,0.9977891445159912,0.99839186668396,0.43047913908958435,0.44597476720809937,0.4179874062538147
A01,S2,51,251.8186798095703,256.14630126953125,261.1866149902344,266.4403076171875,0.9975032806396484,0.9977127313613892,0.9983452558517456,0.5485163331031799,0.5440124869346619,0.47552362084388733
A01,S2,52,251.65452575683594,255.92027282714844,260.9449462890625,266.13555908203125,0.9974954128265381,0.9977074861526489,0.998336911201477,0.5398216843605042,0.5408753156661987,0.4751100242137909
A01,S2,53,251.47084045410156,255.84706115722656,261.2820129394531,266.9388427734375,0.9974920749664307,0.9977371692657471,0.9983745813369751,0.41925564408302307,0.4179784059524536,0.3804279863834381
A01,S2,54,251.65151977539062,255.9252471923828,260.9652404785156,266.234375,0.9974957704544067,0.9977088570594788,0.9983435869216919,0.5493905544281006,0.5446824431419373,0.47616487741470337
A01,S2,55,251.75247192382812,256.0047607421875,260.99542236328125,266.2174987792969,0.9974962472915649,0.9977061748504639,0.9983400106430054,0.5480257868766785,0.5443859100341797,0.47600963711738586
A01,S2,56,252.353271484375,257.5228271484375,263.6211242675781,269.7859191894531,0.9975782632827759,0.9978302121162415,0.9984503388404846,0.2398720681667328,0.24028214812278748,0.22384320199489594
A01,S2,57,252.76515197753906,257.9215087890625,263.2882385253906,268.5061340332031,0.9975907802581787,0.9977725744247437,0.9983687400817871,0.405164510011673,0.47777268290519714,0.4358179569244385
A01,S2,58,252.45460510253906,257.5968933105469,263.5310363769531,269.56597900390625,0.9975810050964355,0.9978173971176147,0.998439610004425,0.14013038575649261,0.15255552530288696,0.1368829756975174
A01,S2,59,251.3053436279297,255.52745056152344,260.81536865234375,266.317626953125,0.9974766373634338,0.9977182149887085,0.9983552098274231,0.4394597113132477,0.4430035650730133,0.403555303812027
A01,S2,60,251.4640655517578,255.62713623046875,260.60736083984375,265.8409729003906,0.9974836707115173,0.9976986050605774,0.9983361959457397,0.5509126782417297,0.5451086759567261,0.4765259325504303
A01,S2,61,252.97731018066406,258.16571044921875,263.74554443359375,269.24578857421875,0.9975969791412354,0.9977952241897583,0.9983970522880554,0.32570743560791016,0.3618904948234558,0.344094455242157
A01,S2,62,252.22982788085938,257.1994934082031,263.06201171875,269.026611328125,0.9975574016571045,0.9978011846542358,0.9984246492385864,0.3084399700164795,0.3154948949813843,0.29467836022377014
A01,S2,63,251.6546173095703,255.93002319335938,260.94775390625,266.1877746582031,0.9974962472915649,0.997707188129425,0.9983409643173218,0.5475056171417236,0.5444180369377136,0.4761900007724762
A01,S2,64,252.134033203125,257.1340637207031,262.99102783203125,268.98687744140625,0.997559666633606,0.9978004693984985,0.9984274506568909,0.17050592601299286,0.1643596887588501,0.1504015475511551
A01,S2,65,251.54673767089844,255.75875854492188,260.7640380859375,266.01129150390625,0.9974890351295471,0.9977030158042908,0.9983392953872681,0.5504716038703918,0.5448876619338989,0.47640302777290344
A01,S2,66,252.1166229248047,256.93243408203125,262.5241394042969,268.1227722167969,0.997541606426239,0.9977709054946899,0.9983851909637451,0.3937399089336395,0.4070839285850525,0.3784371018409729
A01,S2,67,251.86441040039062,256.5743713378906,262.29052734375,268.1649169921875,0.9975283741950989,0.9977765679359436,0.998407244682312,0.2658471167087555,0.26865991950035095,0.25144922733306885
A01,S2,68,253.02406311035156,258.2568054199219,264.0218505859375,269.7649230957031,0.9976014494895935,0.9978135824203491,0.9984205961227417,0.2842327356338501,0.30797016620635986,0.2838829755783081
A01,S2,69,252.70648193359375,258.0106506347656,264.04290771484375,270.1053161621094,0.9975996613502502,0.9978334903717041,0.9984472393989563,0.024065587669610977,0.02716163918375969,0.018632706254720688
A01,S2,70,252.5269012451172,257.6830139160156,263.58612060546875,269.5074462890625,0.9975820779800415,0.9978150725364685,0.9984288811683655,0.06118835136294365,0.04457470029592514,0.035652995109558105
A01,S2,71,252.5242156982422,257.2755432128906,262.7208557128906,268.1157531738281,0.9975513815879822,0.9977684020996094,0.9983761310577393,0.47097501158714294,0.48648878931999207,0.44962841272354126
A01,S2,72,251.1321563720703,255.1093292236328,260.08282470703125,265.34552001953125,0.9974543452262878,0.997683048248291,0.9983251094818115,0.4993996322154999,0.49968111515045166,0.4467645585536957
A01,S2,73,252.2028045654297,257.1939392089844,262.9103698730469,268.62945556640625,0.9975631237030029,0.9977902770042419,0.9984042644500732,0.17907193303108215,0.20889700949192047,0.19442570209503174
A01,S2,74,253.0380859375,258.3202209472656,264.2226867675781,270.17626953125,0.9976059198379517,0.9978275299072266,0.9984416365623474,0.2687705457210541,0.2977115511894226,0.27747368812561035
A01,S2,75,251.70291137695312,256.0225830078125,261.09442138671875,266.32342529296875,0.9975006580352783,0.9977133870124817,0.9983420372009277,0.5378771424293518,0.5392149686813354,0.47422686219215393
A01,S2,76,252.35546875,257.3377990722656,263.1508483886719,269.15045166015625,0.9975645542144775,0.9978011846542358,0.9984316825866699,0.08648193627595901,0.09722568839788437,0.08529765158891678
A01,S2,77,252.83340454101562,258.18194580078125,264.1474914550781,270.1860046386719,0.9976072907447815,0.9978307485580444,0.9984481334686279,0.1436842530965805,0.18038702011108398,0.1786227524280548
A01,S2,78,252.5917510986328,257.99847412109375,264.15728759765625,270.2547302246094,0.9976047873497009,0.9978442788124084,0.9984501600265503,0.23706334829330444,0.24769333004951477,0.2403145283460617
A01,S2,79,250.677490234375,254.25250244140625,258.9085388183594,263.9398193359375,0.9974161982536316,0.9976406097412109,0.9982902407646179,0.5588744282722473,0.5511513948440552,0.4839448034763336
A01,S2,80,252.6064910888672,258.15789794921875,264.5838928222656,270.95623779296875,0.9976204633712769,0.9978756904602051,0.998482882976532,0.04977836087346077,0.030136708170175552,0.01680757850408554
A01,S2,81,250.60313415527344,254.21759033203125,258.9351501464844,264.0061950683594,0.9974174499511719,0.9976450204849243,0.9982941150665283,0.537600040435791,0.5328854322433472,0.47246086597442627
A01,S2,82,252.63162231445312,257.8279724121094,263.5531311035156,269.301025390625,0.997589111328125,0.9978016018867493,0.9984145164489746,0.0969863012433052,0.13550591468811035,0.13340750336647034
A01,S2,83,252.7013397216797,258.1138916015625,264.1923828125,270.2333679199219,0.9976097941398621,0.9978399276733398,0.998447835445404,0.03403659164905548,0.06421009451150894,0.06898903846740723
A01,S2,84,252.65342712402344,258.0928955078125,264.3594665527344,270.6490478515625,0.9976098537445068,0.9978571534156799,0.9984714388847351,0.11401457339525223,0.12302929908037186,0.1245412528514862
A01,S2,85,250.56161499023438,254.08099365234375,258.7134094238281,263.7328796386719,0.9974101185798645,0.997635543346405,0.9982869029045105,0.5595389604568481,0.5509520173072815,0.48359012603759766
A01,S2,86,252.03414916992188,256.50048828125,261.64996337890625,266.9309387207031,0.9975186586380005,0.9977284073829651,0.998353123664856,0.5369210839271545,0.5395841002464294,0.4741649925708771
A01,S2,87,251.945556640625,256.4036865234375,261.5289306640625,266.814208984375,0.9975161552429199,0.9977243542671204,0.9983519315719604,0.5422824025154114,0.5428140163421631,0.47521597146987915
A01,S2,88,251.04115295410156,254.95077514648438,259.7792663574219,264.85870361328125,0.9974472522735596,0.9976677298545837,0.9983056783676147,0.5410275459289551,0.5427127480506897,0.48000800609588623
A01,S2,89,251.64627075195312,255.8998565673828,260.9182434082031,266.16864013671875,0.9974941611289978,0.9977065920829773,0.99834144115448,0.5495889782905579,0.5446792840957642,0.4761144518852234
A01,S2,90,252.9248046875,258.4573669433594,264.6665344238281,270.7347717285156,0.9976232051849365,0.9978570938110352,0.9984534978866577,0.21427735686302185,0.2400214821100235,0.23782575130462646
A01,S2,91,252.1874542236328,257.23028564453125,263.11407470703125,268.9776916503906,0.9975635409355164,0.9978040456771851,0.9984163045883179,0.2831796407699585,0.3007180094718933,0.2897779643535614
A01,S2,92,252.33164978027344,256.8377685546875,262.0754089355469,267.43927001953125,0.9975277185440063,0.9977422952651978,0.9983654618263245,0.5207483768463135,0.525540292263031,0.4662356972694397
A01,S2,93,253.04220581054688,258.62200927734375,264.8194274902344,270.8946838378906,0.9976330995559692,0.9978612661361694,0.99845951795578,0.13989777863025665,0.18621161580085754,0.1933462917804718
A01,S2,94,251.91845703125,256.7760009765625,262.5966491699219,268.5538024902344,0.9975422024726868,0.9977903366088867,0.9984185695648193,0.2721151113510132,0.2823551297187805,0.26182183623313904
A01,S2,95,252.21142578125,256.8467712402344,262.32269287109375,267.915771484375,0.9975351095199585,0.9977633953094482,0.9983878135681152,0.41910403966903687,0.42892417311668396,0.3944796621799469
A01,S2,96,252.26585388183594,257.378173828125,263.3927917480469,269.5097351074219,0.9975733757019043,0.9978209733963013,0.9984446167945862,0.04178851842880249,0.034461647272109985,0.032907634973526
A01,S2,97,251.92428588867188,256.6882629394531,262.3716735839844,268.20318603515625,0.9975338578224182,0.9977754950523376,0.998404324054718,0.32924607396125793,0.33427146077156067,0.3019772469997406
A01,S2,98,252.3923797607422,257.7235412597656,263.7796936035156,269.7176513671875,0.9975929856300354,0.9978291392326355,0.9984301924705505,0.37846311926841736,0.3876708745956421,0.36025470495224
A01,S2,99,250.46412658691406,253.94012451171875,258.54931640625,263.5622863769531,0.9974050521850586,0.9976309537887573,0.9982842206954956,0.5602452754974365,0.5514839887619019,0.48403894901275635
A01,S2,100,253.1031951904297,258.70782470703125,265.01263427734375,271.0456237792969,0.9976369142532349,0.9978737831115723,0.9984588623046875,0.20318327844142914,0.25979170203208923,0.2831001877784729
A01,S2,101,251.74745178222656,256.07647705078125,261.1243591308594,266.3855285644531,0.9975020289421082,0.9977121353149414,0.998344898223877,0.5478214621543884,0.5442177653312683,0.47569045424461365
A01,S2,102,252.36944580078125,257.4336853027344,262.7826843261719,267.8683776855469,0.9975751638412476,0.9977627396583557,0.9983519315719604,0.420446515083313,0.4839473068714142,0.4556814730167389
A01,S2,103,251.39727783203125,255.63441467285156,260.8481750488281,266.22930908203125,0.9974794387817383,0.9977133870124817,0.9983448386192322,0.4730848968029022,0.4780162572860718,0.4320078194141388
A01,S2,104,252.35264587402344,257.64227294921875,263.774658203125,269.9059753417969,0.9975887537002563,0.9978353381156921,0.9984484910964966,0.3015590012073517,0.3025531470775604,0.2783864140510559
A01,S2,105,252.804931640625,258.0845031738281,263.942138671875,269.7796936035156,0.9976001977920532,0.9978187680244446,0.9984272718429565,0.11524048447608948,0.15112219750881195,0.14988411962985992
A01,S2,106,252.85179138183594,258.2393493652344,264.3200378417969,270.49072265625,0.9976106882095337,0.9978423118591309,0.9984614253044128,0.1154136210680008,0.12791959941387177,0.11615036427974701
A01,S2,107,252.2474822998047,257.1051330566406,262.7124938964844,268.4423522949219,0.9975535273551941,0.9977792501449585,0.9984039664268494,0.30037564039230347,0.3189917206764221,0.2992754578590393
A01,S2,108,250.38357543945312,253.8249053955078,258.42095947265625,263.43133544921875,0.9974011182785034,0.9976277351379395,0.9982820153236389,0.5605756640434265,0.5516328811645508,0.48412972688674927
A01,S2,109,251.8595733642578,256.5642395019531,262.1783447265625,267.9810791015625,0.9975281953811646,0.9977670907974243,0.9983996152877808,0.25078970193862915,0.2511051297187805,0.2278297394514084
A01,S2,110,250.46627807617188,253.92481994628906,258.5241394042969,263.52325439453125,0.9974040985107422,0.9976300001144409,0.9982827305793762,0.5599124431610107,0.5512743592262268,0.4838932156562805
A01,S2,111,252.83982849121094,258.52752685546875,264.8996887207031,271.0925598144531,0.9976388216018677,0.997876763343811,0.9984705448150635,0.03731290251016617,0.07238133251667023,0.08503668755292892
A01,S2,112,252.04379272460938,256.8393249511719,262.5337219238281,268.40264892578125,0.9975414276123047,0.9977806806564331,0.9984116554260254,0.009930627420544624,0.004443177953362465,0.008316155523061752
A01,S2,113,252.1527862548828,257.1120300292969,262.9641418457031,268.8819274902344,0.9975558519363403,0.9977991580963135,0.9984195232391357,0.22636747360229492,0.2359631508588791,0.221032053232193
A01,S2,114,252.0038604736328,256.78106689453125,262.44073486328125,268.2720947265625,0.9975384473800659,0.9977759718894958,0.9984064698219299,0.08975017070770264,0.09365582466125488,0.09263768792152405
A01,S2,115,252.283935546875,257.5152587890625,263.6380310058594,269.8561096191406,0.9975835084915161,0.9978333711624146,0.9984562993049622,0.14653106033802032,0.1312238872051239,0.11807108670473099
A01,S2,116,252.43894958496094,257.5953063964844,263.549072265625,269.4637756347656,0.9975795745849609,0.997817873954773,0.9984266757965088,0.16443577408790588,0.17526687681674957,0.1690298318862915
A01,S2,117,251.9316864013672,256.5782165527344,262.1632995605469,267.8684387207031,0.9975299835205078,0.9977684020996094,0.9983953237533569,0.3655414879322052,0.37319815158843994,0.34542179107666016
A01,S2,118,250.3218536376953,253.6961669921875,258.2295227050781,263.1844177246094,0.9973957538604736,0.9976205229759216,0.9982752799987793,0.5607380270957947,0.551777720451355,0.48433127999305725
A01,S2,119,252.19534301757812,257.1272277832031,262.7824401855469,268.56298828125,0.9975540041923523,0.9977806806564331,0.9984049797058105,0.2489531934261322,0.26506397128105164,0.2442905157804489
A01,S2,120,252.64059448242188,257.8125915527344,263.6422119140625,269.4248352050781,0.997588038444519,0.9978117942810059,0.9984192848205566,0.22231346368789673,0.24386999011039734,0.2346695065498352
A01,S2,121,252.22457885742188,257.1570739746094,262.91632080078125,268.7757263183594,0.9975550174713135,0.9977912306785583,0.9984139204025269,0.18489600718021393,0.1941719353199005,0.18299740552902222
A01,S2,122,252.4140625,257.5265197753906,263.2054443359375,268.8124694824219,0.9975786209106445,0.9977929592132568,0.9983987212181091,0.23131351172924042,0.2708219885826111,0.25278037786483765
A01,S2,123,251.76417541503906,256.1427001953125,261.31201171875,266.6087646484375,0.9975066184997559,0.9977239966392517,0.9983502626419067,0.5323833227157593,0.5351916551589966,0.47263103723526
A01,S2,124,251.03128051757812,254.9352264404297,259.84979248046875,265.00616455078125,0.9974467754364014,0.9976748824119568,0.9983130693435669,0.5282337069511414,0.5266132950782776,0.46814867854118347
A01,S2,125,252.6710968017578,257.64776611328125,263.02392578125,268.2452392578125,0.9975731372833252,0.9977684617042542,0.9983656406402588,0.43115636706352234,0.4765557646751404,0.44209203124046326
A01,S2,126,253.00424194335938,258.5199890136719,264.46917724609375,270.4433898925781,0.9976261258125305,0.9978345632553101,0.9984452724456787,0.1306583732366562,0.15517905354499817,0.13903963565826416
A01,S2,127,252.2633514404297,256.8540954589844,262.1833801269531,267.64508056640625,0.9975333213806152,0.9977505207061768,0.9983748197555542,0.5170077681541443,0.5222034454345703,0.4616648554801941
A01,S2,128,250.56048583984375,254.08102416992188,258.7066345214844,263.7297058105469,0.9974100589752197,0.9976348876953125,0.9982868432998657,0.5593225955963135,0.551118016242981,0.4838070869445801
A01,S2,129,250.4320068359375,253.90982055664062,258.53448486328125,263.5687561035156,0.9974045157432556,0.9976317286491394,0.9982855916023254,0.5602980852127075,0.5514484643936157,0.48394760489463806
A01,S2,130,252.2919921875,257.4155578613281,263.4068908691406,269.4977722167969,0.9975749254226685,0.997819185256958,0.998442530632019,0.008794900961220264,0.014705337584018707,0.018447551876306534
A01,S2,131,251.54685974121094,255.99900817871094,261.3491516113281,266.84686279296875,0.997500479221344,0.9977326393127441,0.9983619451522827,0.3564508259296417,0.3699498772621155,0.33904507756233215
A01,S2,132,252.04672241210938,256.8438415527344,262.4380798339844,268.0185241699219,0.997538149356842,0.9977692365646362,0.9983819723129272,0.4280497133731842,0.4433273375034332,0.40763789415359497
A01,S2,133,252.60690307617188,258.0824890136719,264.3324890136719,270.4927673339844,0.997612476348877,0.9978556632995605,0.998458981513977,0.1532580703496933,0.14648835361003876,0.14034368097782135
A01,S2,134,250.66648864746094,254.37646484375,259.24847412109375,264.4104309082031,0.9974254369735718,0.997660756111145,0.9983056783676147,0.5161536931991577,0.51515132188797,0.46089959144592285
A01,S2,135,251.07650756835938,255.04335021972656,260.00250244140625,265.2354431152344,0.9974521398544312,0.9976803064346313,0.9983211755752563,0.5340699553489685,0.5339531302452087,0.4717804789543152
A01,S2,136,252.5113525390625,257.6736145019531,263.48919677734375,268.8996276855469,0.9975860118865967,0.997809648513794,0.9983870387077332,0.36939164996147156,0.4241676330566406,0.4193360507488251
A01,S2,137,252.23129272460938,257.1661682128906,263.0209045410156,269.1018371582031,0.9975577592849731,0.997802197933197,0.9984375834465027,0.08604171127080917,0.09329979866743088,0.08732303231954575
A01,S2,138,251.01791381835938,254.94125366210938,259.8584899902344,265.0751953125,0.9974473714828491,0.9976747632026672,0.9983179569244385,0.546771228313446,0.5408501029014587,0.4764319360256195
A01,S2,139,252.56158447265625,257.7792053222656,263.7799072265625,269.78228759765625,0.9975870847702026,0.9978252053260803,0.9984374046325684,0.20757189393043518,0.21390146017074585,0.20139536261558533
A01,S2,140,252.80465698242188,257.7547302246094,263.1137390136719,268.55322265625,0.9975734949111938,0.9977685809135437,0.9983846545219421,0.4270976185798645,0.4602412283420563,0.41931435465812683
A01,S2,141,252.47317504882812,257.8177795410156,264.0339660644531,270.23828125,0.9975972771644592,0.9978473782539368,0.9984591007232666,0.1603662520647049,0.17926326394081116,0.17986096441745758
A01,S2,142,251.96856689453125,256.74725341796875,262.4681701660156,268.3541259765625,0.9975372552871704,0.9977809190750122,0.998411238193512,0.16391097009181976,0.16775812208652496,0.15747514367103577
A01,S2,143,252.01736450195312,256.7909240722656,262.47216796875,268.3467102050781,0.997539222240448,0.9977786540985107,0.9984113574028015,0.0063360934145748615,0.0069180866703391075,0.008206119760870934
