model,ea_mode,loop,input_tensor_sha256,accuracy,balanced_accuracy,macro_f1,nll,ece
source_only_sinc,paper,0,f95b2766c6a46b03c4c49fa6926372633b09b0922ff9bbb2c9175ab538d8d8cd,0.8472222222222222,0.8472222222222222,0.8457643622200585,0.6426443457603455,0.3175681949489646
neuroloop_v2_shared,paper,1,f95b2766c6a46b03c4c49fa6926372633b09b0922ff9bbb2c9175ab538d8d8cd,0.7986111111111112,0.7986111111111112,0.7974290565122484,0.5325137376785278,0.16618293192651534
neuroloop_v2_shared,paper,2,f95b2766c6a46b03c4c49fa6926372633b09b0922ff9bbb2c9175ab538d8d8cd,0.7708333333333334,0.7708333333333333,0.7708222811671088,0.4640209972858429,0.09593593080838522
neuroloop_v2_shared,paper,3,f95b2766c6a46b03c4c49fa6926372633b09b0922ff9bbb2c9175ab538d8d8cd,0.7708333333333334,0.7708333333333333,0.7708222811671088,0.44754675030708313,0.0701335560944345
neuroloop_v2_shared,paper,4,f95b2766c6a46b03c4c49fa6926372633b09b0922ff9bbb2c9175ab538d8d8cd,0.7638888888888888,0.7638888888888888,0.7638433339764614,0.4627286493778229,0.07932107895612717
neuroloop_v2_untied,paper,1,f95b2766c6a46b03c4c49fa6926372633b09b0922ff9bbb2c9175ab538d8d8cd,0.7430555555555556,0.7430555555555556,0.7415474169294203,0.5746864676475525,0.15361240837309095
neuroloop_v2_untied,paper,2,f95b2766c6a46b03c4c49fa6926372633b09b0922ff9bbb2c9175ab538d8d8cd,0.7291666666666666,0.7291666666666667,0.7243680981595092,0.5446550846099854,0.08235225909286076
neuroloop_v2_untied,paper,3,f95b2766c6a46b03c4c49fa6926372633b09b0922ff9bbb2c9175ab538d8d8cd,0.7013888888888888,0.7013888888888888,0.6887660216134708,0.5411342978477478,0.10528264939785004
neuroloop_v2_untied,paper,4,f95b2766c6a46b03c4c49fa6926372633b09b0922ff9bbb2c9175ab538d8d8cd,0.6736111111111112,0.6736111111111112,0.6477751756440282,0.6051653623580933,0.1496491568783919
source_only_sinc,strict,0,df77881e7c4bb7b7f58ad3dd08a797de5c641d4ee33ca42d4ad1e7bfbcc45110,0.8472222222222222,0.8472222222222222,0.8457643622200585,0.6426444053649902,0.3175681949489646
neuroloop_v2_shared,strict,1,df77881e7c4bb7b7f58ad3dd08a797de5c641d4ee33ca42d4ad1e7bfbcc45110,0.7986111111111112,0.7986111111111112,0.7974290565122484,0.5325137376785278,0.16618293192651534
neuroloop_v2_shared,strict,2,df77881e7c4bb7b7f58ad3dd08a797de5c641d4ee33ca42d4ad1e7bfbcc45110,0.7708333333333334,0.7708333333333333,0.7708222811671088,0.46402105689048767,0.09593591963251433
neuroloop_v2_shared,strict,3,df77881e7c4bb7b7f58ad3dd08a797de5c641d4ee33ca42d4ad1e7bfbcc45110,0.7708333333333334,0.7708333333333333,0.7708222811671088,0.44754675030708313,0.07013355236914422
neuroloop_v2_shared,strict,4,df77881e7c4bb7b7f58ad3dd08a797de5c641d4ee33ca42d4ad1e7bfbcc45110,0.7638888888888888,0.7638888888888888,0.7638433339764614,0.46272870898246765,0.07932105039556821
neuroloop_v2_untied,strict,1,df77881e7c4bb7b7f58ad3dd08a797de5c641d4ee33ca42d4ad1e7bfbcc45110,0.7430555555555556,0.7430555555555556,0.7415474169294203,0.5746863484382629,0.1536124348640442
neuroloop_v2_untied,strict,2,df77881e7c4bb7b7f58ad3dd08a797de5c641d4ee33ca42d4ad1e7bfbcc45110,0.7291666666666666,0.7291666666666667,0.7243680981595092,0.5446550846099854,0.08235224253601499
neuroloop_v2_untied,strict,3,df77881e7c4bb7b7f58ad3dd08a797de5c641d4ee33ca42d4ad1e7bfbcc45110,0.7013888888888888,0.7013888888888888,0.6887660216134708,0.5411342978477478,0.10528262083729106
neuroloop_v2_untied,strict,4,df77881e7c4bb7b7f58ad3dd08a797de5c641d4ee33ca42d4ad1e7bfbcc45110,0.6736111111111112,0.6736111111111112,0.6477751756440282,0.6051653027534485,0.14964914363291526
