epoch,train_loss,source_validation_ba
1,0.7255058586597443,0.5
2,0.7060742005705833,0.5
3,0.698359876871109,0.5
4,0.6954975947737694,0.5
5,0.6966496706008911,0.5
6,0.6992085799574852,0.5
7,0.6913490444421768,0.5
8,0.6911905631422997,0.5
9,0.6912331357598305,0.5
10,0.6922152563929558,0.5
11,0.6892760470509529,0.5
12,0.689498670399189,0.5
13,0.6943920701742172,0.5
14,0.6848956495523453,0.5416666666666666
15,0.7020189166069031,0.5
16,0.6883460730314255,0.5
17,0.682539239525795,0.5
18,0.6744561344385147,0.5
19,0.6556275635957718,0.7083333333333333
20,0.6028998121619225,0.7083333333333333
21,0.5159550681710243,0.6666666666666666
22,0.47124583274126053,0.7916666666666666
23,0.40810272842645645,0.8333333333333334
24,0.38479723036289215,0.7916666666666667
25,0.4566950686275959,0.7916666666666667
26,0.7541969306766987,0.75
27,0.4317483715713024,0.75
28,0.416794890537858,0.7083333333333333
29,0.3643723726272583,0.7916666666666666
30,0.35733803920447826,0.7916666666666667
31,0.3495538476854563,0.7916666666666667
32,0.31216904520988464,0.8333333333333333
33,0.3365502394735813,0.7083333333333333
34,0.39919854141771793,0.7916666666666666
35,0.29095336329191923,0.7916666666666666
36,0.27808231487870216,0.7916666666666666
37,0.32949999533593655,0.75
38,0.3086749501526356,0.7916666666666666
39,0.23685249127447605,0.7916666666666667
40,0.23505145590752363,0.7916666666666666
