split,reasoning_depth,accuracy,n,unique_choice_fraction
iid,all,1.0,10000,1.0
iid,1,1.0,2500,1.0
iid,2,1.0,2500,1.0
iid,3,1.0,2500,1.0
iid,4,1.0,2500,1.0
ood_12,all,1.0,5000,1.0
ood_12,12,1.0,5000,1.0
ood_6,all,1.0,5000,1.0
ood_6,6,1.0,5000,1.0
ood_8,all,1.0,5000,1.0
ood_8,8,1.0,5000,1.0
train,all,1.0,100000,1.0
train,1,1.0,25000,1.0
train,2,1.0,25000,1.0
train,3,1.0,25000,1.0
train,4,1.0,25000,1.0
validation,all,1.0,10000,1.0
validation,1,1.0,2500,1.0
validation,2,1.0,2500,1.0
validation,3,1.0,2500,1.0
validation,4,1.0,2500,1.0
