model,seed,split,reasoning_depth,budget,nfe,planned_nfe,solver,schedule,status,accuracy,nll,brier,flip_rate_vs_8,harmful_flip_vs_8,recovery_flip_vs_8,js_vs_8,hidden_endpoint_distance_vs_8,latency_mean_ms,latency_p95_ms,peak_vram_mb
vanilla_loop,0,iid,all,0,NA,0,bypass,none,NOT_RUN_INVALID_DATA,NA,NA,NA,NA,NA,NA,NA,NA,NA,NA,NA
vanilla_loop,0,iid,all,3,NA,3,loop,uniform,NOT_RUN_INVALID_DATA,NA,NA,NA,NA,NA,NA,NA,NA,NA,NA,NA
vanilla_loop,0,iid,all,4,NA,4,loop,uniform,NOT_RUN_INVALID_DATA,NA,NA,NA,NA,NA,NA,NA,NA,NA,NA,NA
vanilla_loop,0,iid,all,5,NA,5,loop,uniform,NOT_RUN_INVALID_DATA,NA,NA,NA,NA,NA,NA,NA,NA,NA,NA,NA
vanilla_loop,0,iid,all,7,NA,7,loop,uniform,NOT_RUN_INVALID_DATA,NA,NA,NA,NA,NA,NA,NA,NA,NA,NA,NA
vanilla_loop,0,iid,all,8,NA,8,loop,uniform,NOT_RUN_INVALID_DATA,NA,NA,NA,NA,NA,NA,NA,NA,NA,NA,NA
vanilla_loop,0,iid,all,12,NA,12,loop,uniform,NOT_RUN_INVALID_DATA,NA,NA,NA,NA,NA,NA,NA,NA,NA,NA,NA
vanilla_loop,0,iid,all,16,NA,16,loop,uniform,NOT_RUN_INVALID_DATA,NA,NA,NA,NA,NA,NA,NA,NA,NA,NA,NA
vanilla_loop,0,iid,1,0,NA,0,bypass,none,NOT_RUN_INVALID_DATA,NA,NA,NA,NA,NA,NA,NA,NA,NA,NA,NA
vanilla_loop,0,iid,1,3,NA,3,loop,uniform,NOT_RUN_INVALID_DATA,NA,NA,NA,NA,NA,NA,NA,NA,NA,NA,NA
vanilla_loop,0,iid,1,4,NA,4,loop,uniform,NOT_RUN_INVALID_DATA,NA,NA,NA,NA,NA,NA,NA,NA,NA,NA,NA
vanilla_loop,0,iid,1,5,NA,5,loop,uniform,NOT_RUN_INVALID_DATA,NA,NA,NA,NA,NA,NA,NA,NA,NA,NA,NA
vanilla_loop,0,iid,1,7,NA,7,loop,uniform,NOT_RUN_INVALID_DATA,NA,NA,NA,NA,NA,NA,NA,NA,NA,NA,NA
vanilla_loop,0,iid,1,8,NA,8,loop,uniform,NOT_RUN_INVALID_DATA,NA,NA,NA,NA,NA,NA,NA,NA,NA,NA,NA
vanilla_loop,0,iid,1,12,NA,12,loop,uniform,NOT_RUN_INVALID_DATA,NA,NA,NA,NA,NA,NA,NA,NA,NA,NA,NA
vanilla_loop,0,iid,1,16,NA,16,loop,uniform,NOT_RUN_INVALID_DATA,NA,NA,NA,NA,NA,NA,NA,NA,NA,NA,NA
vanilla_loop,0,iid,2,0,NA,0,bypass,none,NOT_RUN_INVALID_DATA,NA,NA,NA,NA,NA,NA,NA,NA,NA,NA,NA
vanilla_loop,0,iid,2,3,NA,3,loop,uniform,NOT_RUN_INVALID_DATA,NA,NA,NA,NA,NA,NA,NA,NA,NA,NA,NA
vanilla_loop,0,iid,2,4,NA,4,loop,uniform,NOT_RUN_INVALID_DATA,NA,NA,NA,NA,NA,NA,NA,NA,NA,NA,NA
vanilla_loop,0,iid,2,5,NA,5,loop,uniform,NOT_RUN_INVALID_DATA,NA,NA,NA,NA,NA,NA,NA,NA,NA,NA,NA
vanilla_loop,0,iid,2,7,NA,7,loop,uniform,NOT_RUN_INVALID_DATA,NA,NA,NA,NA,NA,NA,NA,NA,NA,NA,NA
vanilla_loop,0,iid,2,8,NA,8,loop,uniform,NOT_RUN_INVALID_DATA,NA,NA,NA,NA,NA,NA,NA,NA,NA,NA,NA
vanilla_loop,0,iid,2,12,NA,12,loop,uniform,NOT_RUN_INVALID_DATA,NA,NA,NA,NA,NA,NA,NA,NA,NA,NA,NA
vanilla_loop,0,iid,2,16,NA,16,loop,uniform,NOT_RUN_INVALID_DATA,NA,NA,NA,NA,NA,NA,NA,NA,NA,NA,NA
vanilla_loop,0,iid,3,0,NA,0,bypass,none,NOT_RUN_INVALID_DATA,NA,NA,NA,NA,NA,NA,NA,NA,NA,NA,NA
vanilla_loop,0,iid,3,3,NA,3,loop,uniform,NOT_RUN_INVALID_DATA,NA,NA,NA,NA,NA,NA,NA,NA,NA,NA,NA
vanilla_loop,0,iid,3,4,NA,4,loop,uniform,NOT_RUN_INVALID_DATA,NA,NA,NA,NA,NA,NA,NA,NA,NA,NA,NA
vanilla_loop,0,iid,3,5,NA,5,loop,uniform,NOT_RUN_INVALID_DATA,NA,NA,NA,NA,NA,NA,NA,NA,NA,NA,NA
vanilla_loop,0,iid,3,7,NA,7,loop,uniform,NOT_RUN_INVALID_DATA,NA,NA,NA,NA,NA,NA,NA,NA,NA,NA,NA
vanilla_loop,0,iid,3,8,NA,8,loop,uniform,NOT_RUN_INVALID_DATA,NA,NA,NA,NA,NA,NA,NA,NA,NA,NA,NA
vanilla_loop,0,iid,3,12,NA,12,loop,uniform,NOT_RUN_INVALID_DATA,NA,NA,NA,NA,NA,NA,NA,NA,NA,NA,NA
vanilla_loop,0,iid,3,16,NA,16,loop,uniform,NOT_RUN_INVALID_DATA,NA,NA,NA,NA,NA,NA,NA,NA,NA,NA,NA
vanilla_loop,0,iid,4,0,NA,0,bypass,none,NOT_RUN_INVALID_DATA,NA,NA,NA,NA,NA,NA,NA,NA,NA,NA,NA
vanilla_loop,0,iid,4,3,NA,3,loop,uniform,NOT_RUN_INVALID_DATA,NA,NA,NA,NA,NA,NA,NA,NA,NA,NA,NA
vanilla_loop,0,iid,4,4,NA,4,loop,uniform,NOT_RUN_INVALID_DATA,NA,NA,NA,NA,NA,NA,NA,NA,NA,NA,NA
vanilla_loop,0,iid,4,5,NA,5,loop,uniform,NOT_RUN_INVALID_DATA,NA,NA,NA,NA,NA,NA,NA,NA,NA,NA,NA
vanilla_loop,0,iid,4,7,NA,7,loop,uniform,NOT_RUN_INVALID_DATA,NA,NA,NA,NA,NA,NA,NA,NA,NA,NA,NA
vanilla_loop,0,iid,4,8,NA,8,loop,uniform,NOT_RUN_INVALID_DATA,NA,NA,NA,NA,NA,NA,NA,NA,NA,NA,NA
vanilla_loop,0,iid,4,12,NA,12,loop,uniform,NOT_RUN_INVALID_DATA,NA,NA,NA,NA,NA,NA,NA,NA,NA,NA,NA
vanilla_loop,0,iid,4,16,NA,16,loop,uniform,NOT_RUN_INVALID_DATA,NA,NA,NA,NA,NA,NA,NA,NA,NA,NA,NA
vanilla_loop,0,ood_6,all,0,NA,0,bypass,none,NOT_RUN_INVALID_DATA,NA,NA,NA,NA,NA,NA,NA,NA,NA,NA,NA
vanilla_loop,0,ood_6,all,3,NA,3,loop,uniform,NOT_RUN_INVALID_DATA,NA,NA,NA,NA,NA,NA,NA,NA,NA,NA,NA
vanilla_loop,0,ood_6,all,4,NA,4,loop,uniform,NOT_RUN_INVALID_DATA,NA,NA,NA,NA,NA,NA,NA,NA,NA,NA,NA
vanilla_loop,0,ood_6,all,5,NA,5,loop,uniform,NOT_RUN_INVALID_DATA,NA,NA,NA,NA,NA,NA,NA,NA,NA,NA,NA
vanilla_loop,0,ood_6,all,7,NA,7,loop,uniform,NOT_RUN_INVALID_DATA,NA,NA,NA,NA,NA,NA,NA,NA,NA,NA,NA
vanilla_loop,0,ood_6,all,8,NA,8,loop,uniform,NOT_RUN_INVALID_DATA,NA,NA,NA,NA,NA,NA,NA,NA,NA,NA,NA
vanilla_loop,0,ood_6,all,12,NA,12,loop,uniform,NOT_RUN_INVALID_DATA,NA,NA,NA,NA,NA,NA,NA,NA,NA,NA,NA
vanilla_loop,0,ood_6,all,16,NA,16,loop,uniform,NOT_RUN_INVALID_DATA,NA,NA,NA,NA,NA,NA,NA,NA,NA,NA,NA
vanilla_loop,0,ood_6,6,0,NA,0,bypass,none,NOT_RUN_INVALID_DATA,NA,NA,NA,NA,NA,NA,NA,NA,NA,NA,NA
vanilla_loop,0,ood_6,6,3,NA,3,loop,uniform,NOT_RUN_INVALID_DATA,NA,NA,NA,NA,NA,NA,NA,NA,NA,NA,NA
vanilla_loop,0,ood_6,6,4,NA,4,loop,uniform,NOT_RUN_INVALID_DATA,NA,NA,NA,NA,NA,NA,NA,NA,NA,NA,NA
vanilla_loop,0,ood_6,6,5,NA,5,loop,uniform,NOT_RUN_INVALID_DATA,NA,NA,NA,NA,NA,NA,NA,NA,NA,NA,NA
vanilla_loop,0,ood_6,6,7,NA,7,loop,uniform,NOT_RUN_INVALID_DATA,NA,NA,NA,NA,NA,NA,NA,NA,NA,NA,NA
vanilla_loop,0,ood_6,6,8,NA,8,loop,uniform,NOT_RUN_INVALID_DATA,NA,NA,NA,NA,NA,NA,NA,NA,NA,NA,NA
vanilla_loop,0,ood_6,6,12,NA,12,loop,uniform,NOT_RUN_INVALID_DATA,NA,NA,NA,NA,NA,NA,NA,NA,NA,NA,NA
vanilla_loop,0,ood_6,6,16,NA,16,loop,uniform,NOT_RUN_INVALID_DATA,NA,NA,NA,NA,NA,NA,NA,NA,NA,NA,NA
vanilla_loop,0,ood_8,all,0,NA,0,bypass,none,NOT_RUN_INVALID_DATA,NA,NA,NA,NA,NA,NA,NA,NA,NA,NA,NA
vanilla_loop,0,ood_8,all,3,NA,3,loop,uniform,NOT_RUN_INVALID_DATA,NA,NA,NA,NA,NA,NA,NA,NA,NA,NA,NA
vanilla_loop,0,ood_8,all,4,NA,4,loop,uniform,NOT_RUN_INVALID_DATA,NA,NA,NA,NA,NA,NA,NA,NA,NA,NA,NA
vanilla_loop,0,ood_8,all,5,NA,5,loop,uniform,NOT_RUN_INVALID_DATA,NA,NA,NA,NA,NA,NA,NA,NA,NA,NA,NA
vanilla_loop,0,ood_8,all,7,NA,7,loop,uniform,NOT_RUN_INVALID_DATA,NA,NA,NA,NA,NA,NA,NA,NA,NA,NA,NA
vanilla_loop,0,ood_8,all,8,NA,8,loop,uniform,NOT_RUN_INVALID_DATA,NA,NA,NA,NA,NA,NA,NA,NA,NA,NA,NA
vanilla_loop,0,ood_8,all,12,NA,12,loop,uniform,NOT_RUN_INVALID_DATA,NA,NA,NA,NA,NA,NA,NA,NA,NA,NA,NA
vanilla_loop,0,ood_8,all,16,NA,16,loop,uniform,NOT_RUN_INVALID_DATA,NA,NA,NA,NA,NA,NA,NA,NA,NA,NA,NA
vanilla_loop,0,ood_8,8,0,NA,0,bypass,none,NOT_RUN_INVALID_DATA,NA,NA,NA,NA,NA,NA,NA,NA,NA,NA,NA
vanilla_loop,0,ood_8,8,3,NA,3,loop,uniform,NOT_RUN_INVALID_DATA,NA,NA,NA,NA,NA,NA,NA,NA,NA,NA,NA
vanilla_loop,0,ood_8,8,4,NA,4,loop,uniform,NOT_RUN_INVALID_DATA,NA,NA,NA,NA,NA,NA,NA,NA,NA,NA,NA
vanilla_loop,0,ood_8,8,5,NA,5,loop,uniform,NOT_RUN_INVALID_DATA,NA,NA,NA,NA,NA,NA,NA,NA,NA,NA,NA
vanilla_loop,0,ood_8,8,7,NA,7,loop,uniform,NOT_RUN_INVALID_DATA,NA,NA,NA,NA,NA,NA,NA,NA,NA,NA,NA
vanilla_loop,0,ood_8,8,8,NA,8,loop,uniform,NOT_RUN_INVALID_DATA,NA,NA,NA,NA,NA,NA,NA,NA,NA,NA,NA
vanilla_loop,0,ood_8,8,12,NA,12,loop,uniform,NOT_RUN_INVALID_DATA,NA,NA,NA,NA,NA,NA,NA,NA,NA,NA,NA
vanilla_loop,0,ood_8,8,16,NA,16,loop,uniform,NOT_RUN_INVALID_DATA,NA,NA,NA,NA,NA,NA,NA,NA,NA,NA,NA
vanilla_loop,0,ood_12,all,0,NA,0,bypass,none,NOT_RUN_INVALID_DATA,NA,NA,NA,NA,NA,NA,NA,NA,NA,NA,NA
vanilla_loop,0,ood_12,all,3,NA,3,loop,uniform,NOT_RUN_INVALID_DATA,NA,NA,NA,NA,NA,NA,NA,NA,NA,NA,NA
vanilla_loop,0,ood_12,all,4,NA,4,loop,uniform,NOT_RUN_INVALID_DATA,NA,NA,NA,NA,NA,NA,NA,NA,NA,NA,NA
vanilla_loop,0,ood_12,all,5,NA,5,loop,uniform,NOT_RUN_INVALID_DATA,NA,NA,NA,NA,NA,NA,NA,NA,NA,NA,NA
vanilla_loop,0,ood_12,all,7,NA,7,loop,uniform,NOT_RUN_INVALID_DATA,NA,NA,NA,NA,NA,NA,NA,NA,NA,NA,NA
vanilla_loop,0,ood_12,all,8,NA,8,loop,uniform,NOT_RUN_INVALID_DATA,NA,NA,NA,NA,NA,NA,NA,NA,NA,NA,NA
vanilla_loop,0,ood_12,all,12,NA,12,loop,uniform,NOT_RUN_INVALID_DATA,NA,NA,NA,NA,NA,NA,NA,NA,NA,NA,NA
vanilla_loop,0,ood_12,all,16,NA,16,loop,uniform,NOT_RUN_INVALID_DATA,NA,NA,NA,NA,NA,NA,NA,NA,NA,NA,NA
vanilla_loop,0,ood_12,12,0,NA,0,bypass,none,NOT_RUN_INVALID_DATA,NA,NA,NA,NA,NA,NA,NA,NA,NA,NA,NA
vanilla_loop,0,ood_12,12,3,NA,3,loop,uniform,NOT_RUN_INVALID_DATA,NA,NA,NA,NA,NA,NA,NA,NA,NA,NA,NA
vanilla_loop,0,ood_12,12,4,NA,4,loop,uniform,NOT_RUN_INVALID_DATA,NA,NA,NA,NA,NA,NA,NA,NA,NA,NA,NA
vanilla_loop,0,ood_12,12,5,NA,5,loop,uniform,NOT_RUN_INVALID_DATA,NA,NA,NA,NA,NA,NA,NA,NA,NA,NA,NA
vanilla_loop,0,ood_12,12,7,NA,7,loop,uniform,NOT_RUN_INVALID_DATA,NA,NA,NA,NA,NA,NA,NA,NA,NA,NA,NA
vanilla_loop,0,ood_12,12,8,NA,8,loop,uniform,NOT_RUN_INVALID_DATA,NA,NA,NA,NA,NA,NA,NA,NA,NA,NA,NA
vanilla_loop,0,ood_12,12,12,NA,12,loop,uniform,NOT_RUN_INVALID_DATA,NA,NA,NA,NA,NA,NA,NA,NA,NA,NA,NA
vanilla_loop,0,ood_12,12,16,NA,16,loop,uniform,NOT_RUN_INVALID_DATA,NA,NA,NA,NA,NA,NA,NA,NA,NA,NA,NA
step_conditioned_loop,0,iid,all,0,NA,0,bypass,none,NOT_RUN_INVALID_DATA,NA,NA,NA,NA,NA,NA,NA,NA,NA,NA,NA
step_conditioned_loop,0,iid,all,3,NA,3,loop,uniform,NOT_RUN_INVALID_DATA,NA,NA,NA,NA,NA,NA,NA,NA,NA,NA,NA
step_conditioned_loop,0,iid,all,4,NA,4,loop,uniform,NOT_RUN_INVALID_DATA,NA,NA,NA,NA,NA,NA,NA,NA,NA,NA,NA
step_conditioned_loop,0,iid,all,5,NA,5,loop,uniform,NOT_RUN_INVALID_DATA,NA,NA,NA,NA,NA,NA,NA,NA,NA,NA,NA
step_conditioned_loop,0,iid,all,7,NA,7,loop,uniform,NOT_RUN_INVALID_DATA,NA,NA,NA,NA,NA,NA,NA,NA,NA,NA,NA
step_conditioned_loop,0,iid,all,8,NA,8,loop,uniform,NOT_RUN_INVALID_DATA,NA,NA,NA,NA,NA,NA,NA,NA,NA,NA,NA
step_conditioned_loop,0,iid,all,12,NA,12,loop,uniform,NOT_RUN_INVALID_DATA,NA,NA,NA,NA,NA,NA,NA,NA,NA,NA,NA
step_conditioned_loop,0,iid,all,16,NA,16,loop,uniform,NOT_RUN_INVALID_DATA,NA,NA,NA,NA,NA,NA,NA,NA,NA,NA,NA
step_conditioned_loop,0,iid,all,3,NA,3,loop,front-loaded,NOT_RUN_INVALID_DATA,NA,NA,NA,NA,NA,NA,NA,NA,NA,NA,NA
step_conditioned_loop,0,iid,all,3,NA,3,loop,back-loaded,NOT_RUN_INVALID_DATA,NA,NA,NA,NA,NA,NA,NA,NA,NA,NA,NA
step_conditioned_loop,0,iid,all,4,NA,4,loop,front-loaded,NOT_RUN_INVALID_DATA,NA,NA,NA,NA,NA,NA,NA,NA,NA,NA,NA
step_conditioned_loop,0,iid,all,4,NA,4,loop,back-loaded,NOT_RUN_INVALID_DATA,NA,NA,NA,NA,NA,NA,NA,NA,NA,NA,NA
step_conditioned_loop,0,iid,all,5,NA,5,loop,front-loaded,NOT_RUN_INVALID_DATA,NA,NA,NA,NA,NA,NA,NA,NA,NA,NA,NA
step_conditioned_loop,0,iid,all,5,NA,5,loop,back-loaded,NOT_RUN_INVALID_DATA,NA,NA,NA,NA,NA,NA,NA,NA,NA,NA,NA
step_conditioned_loop,0,iid,all,7,NA,7,loop,front-loaded,NOT_RUN_INVALID_DATA,NA,NA,NA,NA,NA,NA,NA,NA,NA,NA,NA
step_conditioned_loop,0,iid,all,7,NA,7,loop,back-loaded,NOT_RUN_INVALID_DATA,NA,NA,NA,NA,NA,NA,NA,NA,NA,NA,NA
step_conditioned_loop,0,iid,all,8,NA,8,loop,front-loaded,NOT_RUN_INVALID_DATA,NA,NA,NA,NA,NA,NA,NA,NA,NA,NA,NA
step_conditioned_loop,0,iid,all,8,NA,8,loop,back-loaded,NOT_RUN_INVALID_DATA,NA,NA,NA,NA,NA,NA,NA,NA,NA,NA,NA
step_conditioned_loop,0,iid,all,12,NA,12,loop,front-loaded,NOT_RUN_INVALID_DATA,NA,NA,NA,NA,NA,NA,NA,NA,NA,NA,NA
step_conditioned_loop,0,iid,all,12,NA,12,loop,back-loaded,NOT_RUN_INVALID_DATA,NA,NA,NA,NA,NA,NA,NA,NA,NA,NA,NA
step_conditioned_loop,0,iid,all,16,NA,16,loop,front-loaded,NOT_RUN_INVALID_DATA,NA,NA,NA,NA,NA,NA,NA,NA,NA,NA,NA
step_conditioned_loop,0,iid,all,16,NA,16,loop,back-loaded,NOT_RUN_INVALID_DATA,NA,NA,NA,NA,NA,NA,NA,NA,NA,NA,NA
step_conditioned_loop,0,iid,1,0,NA,0,bypass,none,NOT_RUN_INVALID_DATA,NA,NA,NA,NA,NA,NA,NA,NA,NA,NA,NA
step_conditioned_loop,0,iid,1,3,NA,3,loop,uniform,NOT_RUN_INVALID_DATA,NA,NA,NA,NA,NA,NA,NA,NA,NA,NA,NA
step_conditioned_loop,0,iid,1,4,NA,4,loop,uniform,NOT_RUN_INVALID_DATA,NA,NA,NA,NA,NA,NA,NA,NA,NA,NA,NA
step_conditioned_loop,0,iid,1,5,NA,5,loop,uniform,NOT_RUN_INVALID_DATA,NA,NA,NA,NA,NA,NA,NA,NA,NA,NA,NA
step_conditioned_loop,0,iid,1,7,NA,7,loop,uniform,NOT_RUN_INVALID_DATA,NA,NA,NA,NA,NA,NA,NA,NA,NA,NA,NA
step_conditioned_loop,0,iid,1,8,NA,8,loop,uniform,NOT_RUN_INVALID_DATA,NA,NA,NA,NA,NA,NA,NA,NA,NA,NA,NA
step_conditioned_loop,0,iid,1,12,NA,12,loop,uniform,NOT_RUN_INVALID_DATA,NA,NA,NA,NA,NA,NA,NA,NA,NA,NA,NA
step_conditioned_loop,0,iid,1,16,NA,16,loop,uniform,NOT_RUN_INVALID_DATA,NA,NA,NA,NA,NA,NA,NA,NA,NA,NA,NA
step_conditioned_loop,0,iid,1,3,NA,3,loop,front-loaded,NOT_RUN_INVALID_DATA,NA,NA,NA,NA,NA,NA,NA,NA,NA,NA,NA
step_conditioned_loop,0,iid,1,3,NA,3,loop,back-loaded,NOT_RUN_INVALID_DATA,NA,NA,NA,NA,NA,NA,NA,NA,NA,NA,NA
step_conditioned_loop,0,iid,1,4,NA,4,loop,front-loaded,NOT_RUN_INVALID_DATA,NA,NA,NA,NA,NA,NA,NA,NA,NA,NA,NA
step_conditioned_loop,0,iid,1,4,NA,4,loop,back-loaded,NOT_RUN_INVALID_DATA,NA,NA,NA,NA,NA,NA,NA,NA,NA,NA,NA
step_conditioned_loop,0,iid,1,5,NA,5,loop,front-loaded,NOT_RUN_INVALID_DATA,NA,NA,NA,NA,NA,NA,NA,NA,NA,NA,NA
step_conditioned_loop,0,iid,1,5,NA,5,loop,back-loaded,NOT_RUN_INVALID_DATA,NA,NA,NA,NA,NA,NA,NA,NA,NA,NA,NA
step_conditioned_loop,0,iid,1,7,NA,7,loop,front-loaded,NOT_RUN_INVALID_DATA,NA,NA,NA,NA,NA,NA,NA,NA,NA,NA,NA
step_conditioned_loop,0,iid,1,7,NA,7,loop,back-loaded,NOT_RUN_INVALID_DATA,NA,NA,NA,NA,NA,NA,NA,NA,NA,NA,NA
step_conditioned_loop,0,iid,1,8,NA,8,loop,front-loaded,NOT_RUN_INVALID_DATA,NA,NA,NA,NA,NA,NA,NA,NA,NA,NA,NA
step_conditioned_loop,0,iid,1,8,NA,8,loop,back-loaded,NOT_RUN_INVALID_DATA,NA,NA,NA,NA,NA,NA,NA,NA,NA,NA,NA
step_conditioned_loop,0,iid,1,12,NA,12,loop,front-loaded,NOT_RUN_INVALID_DATA,NA,NA,NA,NA,NA,NA,NA,NA,NA,NA,NA
step_conditioned_loop,0,iid,1,12,NA,12,loop,back-loaded,NOT_RUN_INVALID_DATA,NA,NA,NA,NA,NA,NA,NA,NA,NA,NA,NA
step_conditioned_loop,0,iid,1,16,NA,16,loop,front-loaded,NOT_RUN_INVALID_DATA,NA,NA,NA,NA,NA,NA,NA,NA,NA,NA,NA
step_conditioned_loop,0,iid,1,16,NA,16,loop,back-loaded,NOT_RUN_INVALID_DATA,NA,NA,NA,NA,NA,NA,NA,NA,NA,NA,NA
step_conditioned_loop,0,iid,2,0,NA,0,bypass,none,NOT_RUN_INVALID_DATA,NA,NA,NA,NA,NA,NA,NA,NA,NA,NA,NA
step_conditioned_loop,0,iid,2,3,NA,3,loop,uniform,NOT_RUN_INVALID_DATA,NA,NA,NA,NA,NA,NA,NA,NA,NA,NA,NA
step_conditioned_loop,0,iid,2,4,NA,4,loop,uniform,NOT_RUN_INVALID_DATA,NA,NA,NA,NA,NA,NA,NA,NA,NA,NA,NA
step_conditioned_loop,0,iid,2,5,NA,5,loop,uniform,NOT_RUN_INVALID_DATA,NA,NA,NA,NA,NA,NA,NA,NA,NA,NA,NA
step_conditioned_loop,0,iid,2,7,NA,7,loop,uniform,NOT_RUN_INVALID_DATA,NA,NA,NA,NA,NA,NA,NA,NA,NA,NA,NA
step_conditioned_loop,0,iid,2,8,NA,8,loop,uniform,NOT_RUN_INVALID_DATA,NA,NA,NA,NA,NA,NA,NA,NA,NA,NA,NA
step_conditioned_loop,0,iid,2,12,NA,12,loop,uniform,NOT_RUN_INVALID_DATA,NA,NA,NA,NA,NA,NA,NA,NA,NA,NA,NA
step_conditioned_loop,0,iid,2,16,NA,16,loop,uniform,NOT_RUN_INVALID_DATA,NA,NA,NA,NA,NA,NA,NA,NA,NA,NA,NA
step_conditioned_loop,0,iid,2,3,NA,3,loop,front-loaded,NOT_RUN_INVALID_DATA,NA,NA,NA,NA,NA,NA,NA,NA,NA,NA,NA
step_conditioned_loop,0,iid,2,3,NA,3,loop,back-loaded,NOT_RUN_INVALID_DATA,NA,NA,NA,NA,NA,NA,NA,NA,NA,NA,NA
step_conditioned_loop,0,iid,2,4,NA,4,loop,front-loaded,NOT_RUN_INVALID_DATA,NA,NA,NA,NA,NA,NA,NA,NA,NA,NA,NA
step_conditioned_loop,0,iid,2,4,NA,4,loop,back-loaded,NOT_RUN_INVALID_DATA,NA,NA,NA,NA,NA,NA,NA,NA,NA,NA,NA
step_conditioned_loop,0,iid,2,5,NA,5,loop,front-loaded,NOT_RUN_INVALID_DATA,NA,NA,NA,NA,NA,NA,NA,NA,NA,NA,NA
step_conditioned_loop,0,iid,2,5,NA,5,loop,back-loaded,NOT_RUN_INVALID_DATA,NA,NA,NA,NA,NA,NA,NA,NA,NA,NA,NA
step_conditioned_loop,0,iid,2,7,NA,7,loop,front-loaded,NOT_RUN_INVALID_DATA,NA,NA,NA,NA,NA,NA,NA,NA,NA,NA,NA
step_conditioned_loop,0,iid,2,7,NA,7,loop,back-loaded,NOT_RUN_INVALID_DATA,NA,NA,NA,NA,NA,NA,NA,NA,NA,NA,NA
step_conditioned_loop,0,iid,2,8,NA,8,loop,front-loaded,NOT_RUN_INVALID_DATA,NA,NA,NA,NA,NA,NA,NA,NA,NA,NA,NA
step_conditioned_loop,0,iid,2,8,NA,8,loop,back-loaded,NOT_RUN_INVALID_DATA,NA,NA,NA,NA,NA,NA,NA,NA,NA,NA,NA
step_conditioned_loop,0,iid,2,12,NA,12,loop,front-loaded,NOT_RUN_INVALID_DATA,NA,NA,NA,NA,NA,NA,NA,NA,NA,NA,NA
step_conditioned_loop,0,iid,2,12,NA,12,loop,back-loaded,NOT_RUN_INVALID_DATA,NA,NA,NA,NA,NA,NA,NA,NA,NA,NA,NA
step_conditioned_loop,0,iid,2,16,NA,16,loop,front-loaded,NOT_RUN_INVALID_DATA,NA,NA,NA,NA,NA,NA,NA,NA,NA,NA,NA
step_conditioned_loop,0,iid,2,16,NA,16,loop,back-loaded,NOT_RUN_INVALID_DATA,NA,NA,NA,NA,NA,NA,NA,NA,NA,NA,NA
step_conditioned_loop,0,iid,3,0,NA,0,bypass,none,NOT_RUN_INVALID_DATA,NA,NA,NA,NA,NA,NA,NA,NA,NA,NA,NA
step_conditioned_loop,0,iid,3,3,NA,3,loop,uniform,NOT_RUN_INVALID_DATA,NA,NA,NA,NA,NA,NA,NA,NA,NA,NA,NA
step_conditioned_loop,0,iid,3,4,NA,4,loop,uniform,NOT_RUN_INVALID_DATA,NA,NA,NA,NA,NA,NA,NA,NA,NA,NA,NA
step_conditioned_loop,0,iid,3,5,NA,5,loop,uniform,NOT_RUN_INVALID_DATA,NA,NA,NA,NA,NA,NA,NA,NA,NA,NA,NA
step_conditioned_loop,0,iid,3,7,NA,7,loop,uniform,NOT_RUN_INVALID_DATA,NA,NA,NA,NA,NA,NA,NA,NA,NA,NA,NA
step_conditioned_loop,0,iid,3,8,NA,8,loop,uniform,NOT_RUN_INVALID_DATA,NA,NA,NA,NA,NA,NA,NA,NA,NA,NA,NA
step_conditioned_loop,0,iid,3,12,NA,12,loop,uniform,NOT_RUN_INVALID_DATA,NA,NA,NA,NA,NA,NA,NA,NA,NA,NA,NA
step_conditioned_loop,0,iid,3,16,NA,16,loop,uniform,NOT_RUN_INVALID_DATA,NA,NA,NA,NA,NA,NA,NA,NA,NA,NA,NA
step_conditioned_loop,0,iid,3,3,NA,3,loop,front-loaded,NOT_RUN_INVALID_DATA,NA,NA,NA,NA,NA,NA,NA,NA,NA,NA,NA
step_conditioned_loop,0,iid,3,3,NA,3,loop,back-loaded,NOT_RUN_INVALID_DATA,NA,NA,NA,NA,NA,NA,NA,NA,NA,NA,NA
step_conditioned_loop,0,iid,3,4,NA,4,loop,front-loaded,NOT_RUN_INVALID_DATA,NA,NA,NA,NA,NA,NA,NA,NA,NA,NA,NA
step_conditioned_loop,0,iid,3,4,NA,4,loop,back-loaded,NOT_RUN_INVALID_DATA,NA,NA,NA,NA,NA,NA,NA,NA,NA,NA,NA
step_conditioned_loop,0,iid,3,5,NA,5,loop,front-loaded,NOT_RUN_INVALID_DATA,NA,NA,NA,NA,NA,NA,NA,NA,NA,NA,NA
step_conditioned_loop,0,iid,3,5,NA,5,loop,back-loaded,NOT_RUN_INVALID_DATA,NA,NA,NA,NA,NA,NA,NA,NA,NA,NA,NA
step_conditioned_loop,0,iid,3,7,NA,7,loop,front-loaded,NOT_RUN_INVALID_DATA,NA,NA,NA,NA,NA,NA,NA,NA,NA,NA,NA
step_conditioned_loop,0,iid,3,7,NA,7,loop,back-loaded,NOT_RUN_INVALID_DATA,NA,NA,NA,NA,NA,NA,NA,NA,NA,NA,NA
step_conditioned_loop,0,iid,3,8,NA,8,loop,front-loaded,NOT_RUN_INVALID_DATA,NA,NA,NA,NA,NA,NA,NA,NA,NA,NA,NA
step_conditioned_loop,0,iid,3,8,NA,8,loop,back-loaded,NOT_RUN_INVALID_DATA,NA,NA,NA,NA,NA,NA,NA,NA,NA,NA,NA
step_conditioned_loop,0,iid,3,12,NA,12,loop,front-loaded,NOT_RUN_INVALID_DATA,NA,NA,NA,NA,NA,NA,NA,NA,NA,NA,NA
step_conditioned_loop,0,iid,3,12,NA,12,loop,back-loaded,NOT_RUN_INVALID_DATA,NA,NA,NA,NA,NA,NA,NA,NA,NA,NA,NA
step_conditioned_loop,0,iid,3,16,NA,16,loop,front-loaded,NOT_RUN_INVALID_DATA,NA,NA,NA,NA,NA,NA,NA,NA,NA,NA,NA
step_conditioned_loop,0,iid,3,16,NA,16,loop,back-loaded,NOT_RUN_INVALID_DATA,NA,NA,NA,NA,NA,NA,NA,NA,NA,NA,NA
step_conditioned_loop,0,iid,4,0,NA,0,bypass,none,NOT_RUN_INVALID_DATA,NA,NA,NA,NA,NA,NA,NA,NA,NA,NA,NA
step_conditioned_loop,0,iid,4,3,NA,3,loop,uniform,NOT_RUN_INVALID_DATA,NA,NA,NA,NA,NA,NA,NA,NA,NA,NA,NA
step_conditioned_loop,0,iid,4,4,NA,4,loop,uniform,NOT_RUN_INVALID_DATA,NA,NA,NA,NA,NA,NA,NA,NA,NA,NA,NA
step_conditioned_loop,0,iid,4,5,NA,5,loop,uniform,NOT_RUN_INVALID_DATA,NA,NA,NA,NA,NA,NA,NA,NA,NA,NA,NA
step_conditioned_loop,0,iid,4,7,NA,7,loop,uniform,NOT_RUN_INVALID_DATA,NA,NA,NA,NA,NA,NA,NA,NA,NA,NA,NA
step_conditioned_loop,0,iid,4,8,NA,8,loop,uniform,NOT_RUN_INVALID_DATA,NA,NA,NA,NA,NA,NA,NA,NA,NA,NA,NA
step_conditioned_loop,0,iid,4,12,NA,12,loop,uniform,NOT_RUN_INVALID_DATA,NA,NA,NA,NA,NA,NA,NA,NA,NA,NA,NA
step_conditioned_loop,0,iid,4,16,NA,16,loop,uniform,NOT_RUN_INVALID_DATA,NA,NA,NA,NA,NA,NA,NA,NA,NA,NA,NA
step_conditioned_loop,0,iid,4,3,NA,3,loop,front-loaded,NOT_RUN_INVALID_DATA,NA,NA,NA,NA,NA,NA,NA,NA,NA,NA,NA
step_conditioned_loop,0,iid,4,3,NA,3,loop,back-loaded,NOT_RUN_INVALID_DATA,NA,NA,NA,NA,NA,NA,NA,NA,NA,NA,NA
step_conditioned_loop,0,iid,4,4,NA,4,loop,front-loaded,NOT_RUN_INVALID_DATA,NA,NA,NA,NA,NA,NA,NA,NA,NA,NA,NA
step_conditioned_loop,0,iid,4,4,NA,4,loop,back-loaded,NOT_RUN_INVALID_DATA,NA,NA,NA,NA,NA,NA,NA,NA,NA,NA,NA
step_conditioned_loop,0,iid,4,5,NA,5,loop,front-loaded,NOT_RUN_INVALID_DATA,NA,NA,NA,NA,NA,NA,NA,NA,NA,NA,NA
step_conditioned_loop,0,iid,4,5,NA,5,loop,back-loaded,NOT_RUN_INVALID_DATA,NA,NA,NA,NA,NA,NA,NA,NA,NA,NA,NA
step_conditioned_loop,0,iid,4,7,NA,7,loop,front-loaded,NOT_RUN_INVALID_DATA,NA,NA,NA,NA,NA,NA,NA,NA,NA,NA,NA
step_conditioned_loop,0,iid,4,7,NA,7,loop,back-loaded,NOT_RUN_INVALID_DATA,NA,NA,NA,NA,NA,NA,NA,NA,NA,NA,NA
step_conditioned_loop,0,iid,4,8,NA,8,loop,front-loaded,NOT_RUN_INVALID_DATA,NA,NA,NA,NA,NA,NA,NA,NA,NA,NA,NA
step_conditioned_loop,0,iid,4,8,NA,8,loop,back-loaded,NOT_RUN_INVALID_DATA,NA,NA,NA,NA,NA,NA,NA,NA,NA,NA,NA
step_conditioned_loop,0,iid,4,12,NA,12,loop,front-loaded,NOT_RUN_INVALID_DATA,NA,NA,NA,NA,NA,NA,NA,NA,NA,NA,NA
step_conditioned_loop,0,iid,4,12,NA,12,loop,back-loaded,NOT_RUN_INVALID_DATA,NA,NA,NA,NA,NA,NA,NA,NA,NA,NA,NA
step_conditioned_loop,0,iid,4,16,NA,16,loop,front-loaded,NOT_RUN_INVALID_DATA,NA,NA,NA,NA,NA,NA,NA,NA,NA,NA,NA
step_conditioned_loop,0,iid,4,16,NA,16,loop,back-loaded,NOT_RUN_INVALID_DATA,NA,NA,NA,NA,NA,NA,NA,NA,NA,NA,NA
step_conditioned_loop,0,ood_6,all,0,NA,0,bypass,none,NOT_RUN_INVALID_DATA,NA,NA,NA,NA,NA,NA,NA,NA,NA,NA,NA
step_conditioned_loop,0,ood_6,all,3,NA,3,loop,uniform,NOT_RUN_INVALID_DATA,NA,NA,NA,NA,NA,NA,NA,NA,NA,NA,NA
step_conditioned_loop,0,ood_6,all,4,NA,4,loop,uniform,NOT_RUN_INVALID_DATA,NA,NA,NA,NA,NA,NA,NA,NA,NA,NA,NA
step_conditioned_loop,0,ood_6,all,5,NA,5,loop,uniform,NOT_RUN_INVALID_DATA,NA,NA,NA,NA,NA,NA,NA,NA,NA,NA,NA
step_conditioned_loop,0,ood_6,all,7,NA,7,loop,uniform,NOT_RUN_INVALID_DATA,NA,NA,NA,NA,NA,NA,NA,NA,NA,NA,NA
step_conditioned_loop,0,ood_6,all,8,NA,8,loop,uniform,NOT_RUN_INVALID_DATA,NA,NA,NA,NA,NA,NA,NA,NA,NA,NA,NA
step_conditioned_loop,0,ood_6,all,12,NA,12,loop,uniform,NOT_RUN_INVALID_DATA,NA,NA,NA,NA,NA,NA,NA,NA,NA,NA,NA
step_conditioned_loop,0,ood_6,all,16,NA,16,loop,uniform,NOT_RUN_INVALID_DATA,NA,NA,NA,NA,NA,NA,NA,NA,NA,NA,NA
step_conditioned_loop,0,ood_6,all,3,NA,3,loop,front-loaded,NOT_RUN_INVALID_DATA,NA,NA,NA,NA,NA,NA,NA,NA,NA,NA,NA
step_conditioned_loop,0,ood_6,all,3,NA,3,loop,back-loaded,NOT_RUN_INVALID_DATA,NA,NA,NA,NA,NA,NA,NA,NA,NA,NA,NA
step_conditioned_loop,0,ood_6,all,4,NA,4,loop,front-loaded,NOT_RUN_INVALID_DATA,NA,NA,NA,NA,NA,NA,NA,NA,NA,NA,NA
step_conditioned_loop,0,ood_6,all,4,NA,4,loop,back-loaded,NOT_RUN_INVALID_DATA,NA,NA,NA,NA,NA,NA,NA,NA,NA,NA,NA
step_conditioned_loop,0,ood_6,all,5,NA,5,loop,front-loaded,NOT_RUN_INVALID_DATA,NA,NA,NA,NA,NA,NA,NA,NA,NA,NA,NA
step_conditioned_loop,0,ood_6,all,5,NA,5,loop,back-loaded,NOT_RUN_INVALID_DATA,NA,NA,NA,NA,NA,NA,NA,NA,NA,NA,NA
step_conditioned_loop,0,ood_6,all,7,NA,7,loop,front-loaded,NOT_RUN_INVALID_DATA,NA,NA,NA,NA,NA,NA,NA,NA,NA,NA,NA
step_conditioned_loop,0,ood_6,all,7,NA,7,loop,back-loaded,NOT_RUN_INVALID_DATA,NA,NA,NA,NA,NA,NA,NA,NA,NA,NA,NA
step_conditioned_loop,0,ood_6,all,8,NA,8,loop,front-loaded,NOT_RUN_INVALID_DATA,NA,NA,NA,NA,NA,NA,NA,NA,NA,NA,NA
step_conditioned_loop,0,ood_6,all,8,NA,8,loop,back-loaded,NOT_RUN_INVALID_DATA,NA,NA,NA,NA,NA,NA,NA,NA,NA,NA,NA
step_conditioned_loop,0,ood_6,all,12,NA,12,loop,front-loaded,NOT_RUN_INVALID_DATA,NA,NA,NA,NA,NA,NA,NA,NA,NA,NA,NA
step_conditioned_loop,0,ood_6,all,12,NA,12,loop,back-loaded,NOT_RUN_INVALID_DATA,NA,NA,NA,NA,NA,NA,NA,NA,NA,NA,NA
step_conditioned_loop,0,ood_6,all,16,NA,16,loop,front-loaded,NOT_RUN_INVALID_DATA,NA,NA,NA,NA,NA,NA,NA,NA,NA,NA,NA
step_conditioned_loop,0,ood_6,all,16,NA,16,loop,back-loaded,NOT_RUN_INVALID_DATA,NA,NA,NA,NA,NA,NA,NA,NA,NA,NA,NA
step_conditioned_loop,0,ood_6,6,0,NA,0,bypass,none,NOT_RUN_INVALID_DATA,NA,NA,NA,NA,NA,NA,NA,NA,NA,NA,NA
step_conditioned_loop,0,ood_6,6,3,NA,3,loop,uniform,NOT_RUN_INVALID_DATA,NA,NA,NA,NA,NA,NA,NA,NA,NA,NA,NA
step_conditioned_loop,0,ood_6,6,4,NA,4,loop,uniform,NOT_RUN_INVALID_DATA,NA,NA,NA,NA,NA,NA,NA,NA,NA,NA,NA
step_conditioned_loop,0,ood_6,6,5,NA,5,loop,uniform,NOT_RUN_INVALID_DATA,NA,NA,NA,NA,NA,NA,NA,NA,NA,NA,NA
step_conditioned_loop,0,ood_6,6,7,NA,7,loop,uniform,NOT_RUN_INVALID_DATA,NA,NA,NA,NA,NA,NA,NA,NA,NA,NA,NA
step_conditioned_loop,0,ood_6,6,8,NA,8,loop,uniform,NOT_RUN_INVALID_DATA,NA,NA,NA,NA,NA,NA,NA,NA,NA,NA,NA
step_conditioned_loop,0,ood_6,6,12,NA,12,loop,uniform,NOT_RUN_INVALID_DATA,NA,NA,NA,NA,NA,NA,NA,NA,NA,NA,NA
step_conditioned_loop,0,ood_6,6,16,NA,16,loop,uniform,NOT_RUN_INVALID_DATA,NA,NA,NA,NA,NA,NA,NA,NA,NA,NA,NA
step_conditioned_loop,0,ood_6,6,3,NA,3,loop,front-loaded,NOT_RUN_INVALID_DATA,NA,NA,NA,NA,NA,NA,NA,NA,NA,NA,NA
step_conditioned_loop,0,ood_6,6,3,NA,3,loop,back-loaded,NOT_RUN_INVALID_DATA,NA,NA,NA,NA,NA,NA,NA,NA,NA,NA,NA
step_conditioned_loop,0,ood_6,6,4,NA,4,loop,front-loaded,NOT_RUN_INVALID_DATA,NA,NA,NA,NA,NA,NA,NA,NA,NA,NA,NA
step_conditioned_loop,0,ood_6,6,4,NA,4,loop,back-loaded,NOT_RUN_INVALID_DATA,NA,NA,NA,NA,NA,NA,NA,NA,NA,NA,NA
step_conditioned_loop,0,ood_6,6,5,NA,5,loop,front-loaded,NOT_RUN_INVALID_DATA,NA,NA,NA,NA,NA,NA,NA,NA,NA,NA,NA
step_conditioned_loop,0,ood_6,6,5,NA,5,loop,back-loaded,NOT_RUN_INVALID_DATA,NA,NA,NA,NA,NA,NA,NA,NA,NA,NA,NA
step_conditioned_loop,0,ood_6,6,7,NA,7,loop,front-loaded,NOT_RUN_INVALID_DATA,NA,NA,NA,NA,NA,NA,NA,NA,NA,NA,NA
step_conditioned_loop,0,ood_6,6,7,NA,7,loop,back-loaded,NOT_RUN_INVALID_DATA,NA,NA,NA,NA,NA,NA,NA,NA,NA,NA,NA
step_conditioned_loop,0,ood_6,6,8,NA,8,loop,front-loaded,NOT_RUN_INVALID_DATA,NA,NA,NA,NA,NA,NA,NA,NA,NA,NA,NA
step_conditioned_loop,0,ood_6,6,8,NA,8,loop,back-loaded,NOT_RUN_INVALID_DATA,NA,NA,NA,NA,NA,NA,NA,NA,NA,NA,NA
step_conditioned_loop,0,ood_6,6,12,NA,12,loop,front-loaded,NOT_RUN_INVALID_DATA,NA,NA,NA,NA,NA,NA,NA,NA,NA,NA,NA
step_conditioned_loop,0,ood_6,6,12,NA,12,loop,back-loaded,NOT_RUN_INVALID_DATA,NA,NA,NA,NA,NA,NA,NA,NA,NA,NA,NA
step_conditioned_loop,0,ood_6,6,16,NA,16,loop,front-loaded,NOT_RUN_INVALID_DATA,NA,NA,NA,NA,NA,NA,NA,NA,NA,NA,NA
step_conditioned_loop,0,ood_6,6,16,NA,16,loop,back-loaded,NOT_RUN_INVALID_DATA,NA,NA,NA,NA,NA,NA,NA,NA,NA,NA,NA
step_conditioned_loop,0,ood_8,all,0,NA,0,bypass,none,NOT_RUN_INVALID_DATA,NA,NA,NA,NA,NA,NA,NA,NA,NA,NA,NA
step_conditioned_loop,0,ood_8,all,3,NA,3,loop,uniform,NOT_RUN_INVALID_DATA,NA,NA,NA,NA,NA,NA,NA,NA,NA,NA,NA
step_conditioned_loop,0,ood_8,all,4,NA,4,loop,uniform,NOT_RUN_INVALID_DATA,NA,NA,NA,NA,NA,NA,NA,NA,NA,NA,NA
step_conditioned_loop,0,ood_8,all,5,NA,5,loop,uniform,NOT_RUN_INVALID_DATA,NA,NA,NA,NA,NA,NA,NA,NA,NA,NA,NA
step_conditioned_loop,0,ood_8,all,7,NA,7,loop,uniform,NOT_RUN_INVALID_DATA,NA,NA,NA,NA,NA,NA,NA,NA,NA,NA,NA
step_conditioned_loop,0,ood_8,all,8,NA,8,loop,uniform,NOT_RUN_INVALID_DATA,NA,NA,NA,NA,NA,NA,NA,NA,NA,NA,NA
step_conditioned_loop,0,ood_8,all,12,NA,12,loop,uniform,NOT_RUN_INVALID_DATA,NA,NA,NA,NA,NA,NA,NA,NA,NA,NA,NA
step_conditioned_loop,0,ood_8,all,16,NA,16,loop,uniform,NOT_RUN_INVALID_DATA,NA,NA,NA,NA,NA,NA,NA,NA,NA,NA,NA
step_conditioned_loop,0,ood_8,all,3,NA,3,loop,front-loaded,NOT_RUN_INVALID_DATA,NA,NA,NA,NA,NA,NA,NA,NA,NA,NA,NA
step_conditioned_loop,0,ood_8,all,3,NA,3,loop,back-loaded,NOT_RUN_INVALID_DATA,NA,NA,NA,NA,NA,NA,NA,NA,NA,NA,NA
step_conditioned_loop,0,ood_8,all,4,NA,4,loop,front-loaded,NOT_RUN_INVALID_DATA,NA,NA,NA,NA,NA,NA,NA,NA,NA,NA,NA
step_conditioned_loop,0,ood_8,all,4,NA,4,loop,back-loaded,NOT_RUN_INVALID_DATA,NA,NA,NA,NA,NA,NA,NA,NA,NA,NA,NA
step_conditioned_loop,0,ood_8,all,5,NA,5,loop,front-loaded,NOT_RUN_INVALID_DATA,NA,NA,NA,NA,NA,NA,NA,NA,NA,NA,NA
step_conditioned_loop,0,ood_8,all,5,NA,5,loop,back-loaded,NOT_RUN_INVALID_DATA,NA,NA,NA,NA,NA,NA,NA,NA,NA,NA,NA
step_conditioned_loop,0,ood_8,all,7,NA,7,loop,front-loaded,NOT_RUN_INVALID_DATA,NA,NA,NA,NA,NA,NA,NA,NA,NA,NA,NA
step_conditioned_loop,0,ood_8,all,7,NA,7,loop,back-loaded,NOT_RUN_INVALID_DATA,NA,NA,NA,NA,NA,NA,NA,NA,NA,NA,NA
step_conditioned_loop,0,ood_8,all,8,NA,8,loop,front-loaded,NOT_RUN_INVALID_DATA,NA,NA,NA,NA,NA,NA,NA,NA,NA,NA,NA
step_conditioned_loop,0,ood_8,all,8,NA,8,loop,back-loaded,NOT_RUN_INVALID_DATA,NA,NA,NA,NA,NA,NA,NA,NA,NA,NA,NA
step_conditioned_loop,0,ood_8,all,12,NA,12,loop,front-loaded,NOT_RUN_INVALID_DATA,NA,NA,NA,NA,NA,NA,NA,NA,NA,NA,NA
step_conditioned_loop,0,ood_8,all,12,NA,12,loop,back-loaded,NOT_RUN_INVALID_DATA,NA,NA,NA,NA,NA,NA,NA,NA,NA,NA,NA
step_conditioned_loop,0,ood_8,all,16,NA,16,loop,front-loaded,NOT_RUN_INVALID_DATA,NA,NA,NA,NA,NA,NA,NA,NA,NA,NA,NA
step_conditioned_loop,0,ood_8,all,16,NA,16,loop,back-loaded,NOT_RUN_INVALID_DATA,NA,NA,NA,NA,NA,NA,NA,NA,NA,NA,NA
step_conditioned_loop,0,ood_8,8,0,NA,0,bypass,none,NOT_RUN_INVALID_DATA,NA,NA,NA,NA,NA,NA,NA,NA,NA,NA,NA
step_conditioned_loop,0,ood_8,8,3,NA,3,loop,uniform,NOT_RUN_INVALID_DATA,NA,NA,NA,NA,NA,NA,NA,NA,NA,NA,NA
step_conditioned_loop,0,ood_8,8,4,NA,4,loop,uniform,NOT_RUN_INVALID_DATA,NA,NA,NA,NA,NA,NA,NA,NA,NA,NA,NA
step_conditioned_loop,0,ood_8,8,5,NA,5,loop,uniform,NOT_RUN_INVALID_DATA,NA,NA,NA,NA,NA,NA,NA,NA,NA,NA,NA
step_conditioned_loop,0,ood_8,8,7,NA,7,loop,uniform,NOT_RUN_INVALID_DATA,NA,NA,NA,NA,NA,NA,NA,NA,NA,NA,NA
step_conditioned_loop,0,ood_8,8,8,NA,8,loop,uniform,NOT_RUN_INVALID_DATA,NA,NA,NA,NA,NA,NA,NA,NA,NA,NA,NA
step_conditioned_loop,0,ood_8,8,12,NA,12,loop,uniform,NOT_RUN_INVALID_DATA,NA,NA,NA,NA,NA,NA,NA,NA,NA,NA,NA
step_conditioned_loop,0,ood_8,8,16,NA,16,loop,uniform,NOT_RUN_INVALID_DATA,NA,NA,NA,NA,NA,NA,NA,NA,NA,NA,NA
step_conditioned_loop,0,ood_8,8,3,NA,3,loop,front-loaded,NOT_RUN_INVALID_DATA,NA,NA,NA,NA,NA,NA,NA,NA,NA,NA,NA
step_conditioned_loop,0,ood_8,8,3,NA,3,loop,back-loaded,NOT_RUN_INVALID_DATA,NA,NA,NA,NA,NA,NA,NA,NA,NA,NA,NA
step_conditioned_loop,0,ood_8,8,4,NA,4,loop,front-loaded,NOT_RUN_INVALID_DATA,NA,NA,NA,NA,NA,NA,NA,NA,NA,NA,NA
step_conditioned_loop,0,ood_8,8,4,NA,4,loop,back-loaded,NOT_RUN_INVALID_DATA,NA,NA,NA,NA,NA,NA,NA,NA,NA,NA,NA
step_conditioned_loop,0,ood_8,8,5,NA,5,loop,front-loaded,NOT_RUN_INVALID_DATA,NA,NA,NA,NA,NA,NA,NA,NA,NA,NA,NA
step_conditioned_loop,0,ood_8,8,5,NA,5,loop,back-loaded,NOT_RUN_INVALID_DATA,NA,NA,NA,NA,NA,NA,NA,NA,NA,NA,NA
step_conditioned_loop,0,ood_8,8,7,NA,7,loop,front-loaded,NOT_RUN_INVALID_DATA,NA,NA,NA,NA,NA,NA,NA,NA,NA,NA,NA
step_conditioned_loop,0,ood_8,8,7,NA,7,loop,back-loaded,NOT_RUN_INVALID_DATA,NA,NA,NA,NA,NA,NA,NA,NA,NA,NA,NA
step_conditioned_loop,0,ood_8,8,8,NA,8,loop,front-loaded,NOT_RUN_INVALID_DATA,NA,NA,NA,NA,NA,NA,NA,NA,NA,NA,NA
step_conditioned_loop,0,ood_8,8,8,NA,8,loop,back-loaded,NOT_RUN_INVALID_DATA,NA,NA,NA,NA,NA,NA,NA,NA,NA,NA,NA
step_conditioned_loop,0,ood_8,8,12,NA,12,loop,front-loaded,NOT_RUN_INVALID_DATA,NA,NA,NA,NA,NA,NA,NA,NA,NA,NA,NA
step_conditioned_loop,0,ood_8,8,12,NA,12,loop,back-loaded,NOT_RUN_INVALID_DATA,NA,NA,NA,NA,NA,NA,NA,NA,NA,NA,NA
step_conditioned_loop,0,ood_8,8,16,NA,16,loop,front-loaded,NOT_RUN_INVALID_DATA,NA,NA,NA,NA,NA,NA,NA,NA,NA,NA,NA
step_conditioned_loop,0,ood_8,8,16,NA,16,loop,back-loaded,NOT_RUN_INVALID_DATA,NA,NA,NA,NA,NA,NA,NA,NA,NA,NA,NA
step_conditioned_loop,0,ood_12,all,0,NA,0,bypass,none,NOT_RUN_INVALID_DATA,NA,NA,NA,NA,NA,NA,NA,NA,NA,NA,NA
step_conditioned_loop,0,ood_12,all,3,NA,3,loop,uniform,NOT_RUN_INVALID_DATA,NA,NA,NA,NA,NA,NA,NA,NA,NA,NA,NA
step_conditioned_loop,0,ood_12,all,4,NA,4,loop,uniform,NOT_RUN_INVALID_DATA,NA,NA,NA,NA,NA,NA,NA,NA,NA,NA,NA
step_conditioned_loop,0,ood_12,all,5,NA,5,loop,uniform,NOT_RUN_INVALID_DATA,NA,NA,NA,NA,NA,NA,NA,NA,NA,NA,NA
step_conditioned_loop,0,ood_12,all,7,NA,7,loop,uniform,NOT_RUN_INVALID_DATA,NA,NA,NA,NA,NA,NA,NA,NA,NA,NA,NA
step_conditioned_loop,0,ood_12,all,8,NA,8,loop,uniform,NOT_RUN_INVALID_DATA,NA,NA,NA,NA,NA,NA,NA,NA,NA,NA,NA
step_conditioned_loop,0,ood_12,all,12,NA,12,loop,uniform,NOT_RUN_INVALID_DATA,NA,NA,NA,NA,NA,NA,NA,NA,NA,NA,NA
step_conditioned_loop,0,ood_12,all,16,NA,16,loop,uniform,NOT_RUN_INVALID_DATA,NA,NA,NA,NA,NA,NA,NA,NA,NA,NA,NA
step_conditioned_loop,0,ood_12,all,3,NA,3,loop,front-loaded,NOT_RUN_INVALID_DATA,NA,NA,NA,NA,NA,NA,NA,NA,NA,NA,NA
step_conditioned_loop,0,ood_12,all,3,NA,3,loop,back-loaded,NOT_RUN_INVALID_DATA,NA,NA,NA,NA,NA,NA,NA,NA,NA,NA,NA
step_conditioned_loop,0,ood_12,all,4,NA,4,loop,front-loaded,NOT_RUN_INVALID_DATA,NA,NA,NA,NA,NA,NA,NA,NA,NA,NA,NA
step_conditioned_loop,0,ood_12,all,4,NA,4,loop,back-loaded,NOT_RUN_INVALID_DATA,NA,NA,NA,NA,NA,NA,NA,NA,NA,NA,NA
step_conditioned_loop,0,ood_12,all,5,NA,5,loop,front-loaded,NOT_RUN_INVALID_DATA,NA,NA,NA,NA,NA,NA,NA,NA,NA,NA,NA
step_conditioned_loop,0,ood_12,all,5,NA,5,loop,back-loaded,NOT_RUN_INVALID_DATA,NA,NA,NA,NA,NA,NA,NA,NA,NA,NA,NA
step_conditioned_loop,0,ood_12,all,7,NA,7,loop,front-loaded,NOT_RUN_INVALID_DATA,NA,NA,NA,NA,NA,NA,NA,NA,NA,NA,NA
step_conditioned_loop,0,ood_12,all,7,NA,7,loop,back-loaded,NOT_RUN_INVALID_DATA,NA,NA,NA,NA,NA,NA,NA,NA,NA,NA,NA
step_conditioned_loop,0,ood_12,all,8,NA,8,loop,front-loaded,NOT_RUN_INVALID_DATA,NA,NA,NA,NA,NA,NA,NA,NA,NA,NA,NA
step_conditioned_loop,0,ood_12,all,8,NA,8,loop,back-loaded,NOT_RUN_INVALID_DATA,NA,NA,NA,NA,NA,NA,NA,NA,NA,NA,NA
step_conditioned_loop,0,ood_12,all,12,NA,12,loop,front-loaded,NOT_RUN_INVALID_DATA,NA,NA,NA,NA,NA,NA,NA,NA,NA,NA,NA
step_conditioned_loop,0,ood_12,all,12,NA,12,loop,back-loaded,NOT_RUN_INVALID_DATA,NA,NA,NA,NA,NA,NA,NA,NA,NA,NA,NA
step_conditioned_loop,0,ood_12,all,16,NA,16,loop,front-loaded,NOT_RUN_INVALID_DATA,NA,NA,NA,NA,NA,NA,NA,NA,NA,NA,NA
step_conditioned_loop,0,ood_12,all,16,NA,16,loop,back-loaded,NOT_RUN_INVALID_DATA,NA,NA,NA,NA,NA,NA,NA,NA,NA,NA,NA
step_conditioned_loop,0,ood_12,12,0,NA,0,bypass,none,NOT_RUN_INVALID_DATA,NA,NA,NA,NA,NA,NA,NA,NA,NA,NA,NA
step_conditioned_loop,0,ood_12,12,3,NA,3,loop,uniform,NOT_RUN_INVALID_DATA,NA,NA,NA,NA,NA,NA,NA,NA,NA,NA,NA
step_conditioned_loop,0,ood_12,12,4,NA,4,loop,uniform,NOT_RUN_INVALID_DATA,NA,NA,NA,NA,NA,NA,NA,NA,NA,NA,NA
step_conditioned_loop,0,ood_12,12,5,NA,5,loop,uniform,NOT_RUN_INVALID_DATA,NA,NA,NA,NA,NA,NA,NA,NA,NA,NA,NA
step_conditioned_loop,0,ood_12,12,7,NA,7,loop,uniform,NOT_RUN_INVALID_DATA,NA,NA,NA,NA,NA,NA,NA,NA,NA,NA,NA
step_conditioned_loop,0,ood_12,12,8,NA,8,loop,uniform,NOT_RUN_INVALID_DATA,NA,NA,NA,NA,NA,NA,NA,NA,NA,NA,NA
step_conditioned_loop,0,ood_12,12,12,NA,12,loop,uniform,NOT_RUN_INVALID_DATA,NA,NA,NA,NA,NA,NA,NA,NA,NA,NA,NA
step_conditioned_loop,0,ood_12,12,16,NA,16,loop,uniform,NOT_RUN_INVALID_DATA,NA,NA,NA,NA,NA,NA,NA,NA,NA,NA,NA
step_conditioned_loop,0,ood_12,12,3,NA,3,loop,front-loaded,NOT_RUN_INVALID_DATA,NA,NA,NA,NA,NA,NA,NA,NA,NA,NA,NA
step_conditioned_loop,0,ood_12,12,3,NA,3,loop,back-loaded,NOT_RUN_INVALID_DATA,NA,NA,NA,NA,NA,NA,NA,NA,NA,NA,NA
step_conditioned_loop,0,ood_12,12,4,NA,4,loop,front-loaded,NOT_RUN_INVALID_DATA,NA,NA,NA,NA,NA,NA,NA,NA,NA,NA,NA
step_conditioned_loop,0,ood_12,12,4,NA,4,loop,back-loaded,NOT_RUN_INVALID_DATA,NA,NA,NA,NA,NA,NA,NA,NA,NA,NA,NA
step_conditioned_loop,0,ood_12,12,5,NA,5,loop,front-loaded,NOT_RUN_INVALID_DATA,NA,NA,NA,NA,NA,NA,NA,NA,NA,NA,NA
step_conditioned_loop,0,ood_12,12,5,NA,5,loop,back-loaded,NOT_RUN_INVALID_DATA,NA,NA,NA,NA,NA,NA,NA,NA,NA,NA,NA
step_conditioned_loop,0,ood_12,12,7,NA,7,loop,front-loaded,NOT_RUN_INVALID_DATA,NA,NA,NA,NA,NA,NA,NA,NA,NA,NA,NA
step_conditioned_loop,0,ood_12,12,7,NA,7,loop,back-loaded,NOT_RUN_INVALID_DATA,NA,NA,NA,NA,NA,NA,NA,NA,NA,NA,NA
step_conditioned_loop,0,ood_12,12,8,NA,8,loop,front-loaded,NOT_RUN_INVALID_DATA,NA,NA,NA,NA,NA,NA,NA,NA,NA,NA,NA
step_conditioned_loop,0,ood_12,12,8,NA,8,loop,back-loaded,NOT_RUN_INVALID_DATA,NA,NA,NA,NA,NA,NA,NA,NA,NA,NA,NA
step_conditioned_loop,0,ood_12,12,12,NA,12,loop,front-loaded,NOT_RUN_INVALID_DATA,NA,NA,NA,NA,NA,NA,NA,NA,NA,NA,NA
step_conditioned_loop,0,ood_12,12,12,NA,12,loop,back-loaded,NOT_RUN_INVALID_DATA,NA,NA,NA,NA,NA,NA,NA,NA,NA,NA,NA
step_conditioned_loop,0,ood_12,12,16,NA,16,loop,front-loaded,NOT_RUN_INVALID_DATA,NA,NA,NA,NA,NA,NA,NA,NA,NA,NA,NA
step_conditioned_loop,0,ood_12,12,16,NA,16,loop,back-loaded,NOT_RUN_INVALID_DATA,NA,NA,NA,NA,NA,NA,NA,NA,NA,NA,NA
vector_field,0,iid,all,0,NA,0,bypass,none,NOT_RUN_INVALID_DATA,NA,NA,NA,NA,NA,NA,NA,NA,NA,NA,NA
vector_field,0,iid,all,3,NA,3,euler,uniform,NOT_RUN_INVALID_DATA,NA,NA,NA,NA,NA,NA,NA,NA,NA,NA,NA
vector_field,0,iid,all,4,NA,4,euler,uniform,NOT_RUN_INVALID_DATA,NA,NA,NA,NA,NA,NA,NA,NA,NA,NA,NA
vector_field,0,iid,all,5,NA,5,euler,uniform,NOT_RUN_INVALID_DATA,NA,NA,NA,NA,NA,NA,NA,NA,NA,NA,NA
vector_field,0,iid,all,7,NA,7,euler,uniform,NOT_RUN_INVALID_DATA,NA,NA,NA,NA,NA,NA,NA,NA,NA,NA,NA
vector_field,0,iid,all,8,NA,8,euler,uniform,NOT_RUN_INVALID_DATA,NA,NA,NA,NA,NA,NA,NA,NA,NA,NA,NA
vector_field,0,iid,all,12,NA,12,euler,uniform,NOT_RUN_INVALID_DATA,NA,NA,NA,NA,NA,NA,NA,NA,NA,NA,NA
vector_field,0,iid,all,16,NA,16,euler,uniform,NOT_RUN_INVALID_DATA,NA,NA,NA,NA,NA,NA,NA,NA,NA,NA,NA
vector_field,0,iid,all,3,NA,3,euler,front-loaded,NOT_RUN_INVALID_DATA,NA,NA,NA,NA,NA,NA,NA,NA,NA,NA,NA
vector_field,0,iid,all,3,NA,3,euler,back-loaded,NOT_RUN_INVALID_DATA,NA,NA,NA,NA,NA,NA,NA,NA,NA,NA,NA
vector_field,0,iid,all,4,NA,4,euler,front-loaded,NOT_RUN_INVALID_DATA,NA,NA,NA,NA,NA,NA,NA,NA,NA,NA,NA
vector_field,0,iid,all,4,NA,4,euler,back-loaded,NOT_RUN_INVALID_DATA,NA,NA,NA,NA,NA,NA,NA,NA,NA,NA,NA
vector_field,0,iid,all,5,NA,5,euler,front-loaded,NOT_RUN_INVALID_DATA,NA,NA,NA,NA,NA,NA,NA,NA,NA,NA,NA
vector_field,0,iid,all,5,NA,5,euler,back-loaded,NOT_RUN_INVALID_DATA,NA,NA,NA,NA,NA,NA,NA,NA,NA,NA,NA
vector_field,0,iid,all,7,NA,7,euler,front-loaded,NOT_RUN_INVALID_DATA,NA,NA,NA,NA,NA,NA,NA,NA,NA,NA,NA
vector_field,0,iid,all,7,NA,7,euler,back-loaded,NOT_RUN_INVALID_DATA,NA,NA,NA,NA,NA,NA,NA,NA,NA,NA,NA
vector_field,0,iid,all,8,NA,8,euler,front-loaded,NOT_RUN_INVALID_DATA,NA,NA,NA,NA,NA,NA,NA,NA,NA,NA,NA
vector_field,0,iid,all,8,NA,8,euler,back-loaded,NOT_RUN_INVALID_DATA,NA,NA,NA,NA,NA,NA,NA,NA,NA,NA,NA
vector_field,0,iid,all,12,NA,12,euler,front-loaded,NOT_RUN_INVALID_DATA,NA,NA,NA,NA,NA,NA,NA,NA,NA,NA,NA
vector_field,0,iid,all,12,NA,12,euler,back-loaded,NOT_RUN_INVALID_DATA,NA,NA,NA,NA,NA,NA,NA,NA,NA,NA,NA
vector_field,0,iid,all,16,NA,16,euler,front-loaded,NOT_RUN_INVALID_DATA,NA,NA,NA,NA,NA,NA,NA,NA,NA,NA,NA
vector_field,0,iid,all,16,NA,16,euler,back-loaded,NOT_RUN_INVALID_DATA,NA,NA,NA,NA,NA,NA,NA,NA,NA,NA,NA
vector_field,0,iid,all,4,NA,4,heun,uniform,NOT_RUN_INVALID_DATA,NA,NA,NA,NA,NA,NA,NA,NA,NA,NA,NA
vector_field,0,iid,all,4,NA,4,rk4,uniform,NOT_RUN_INVALID_DATA,NA,NA,NA,NA,NA,NA,NA,NA,NA,NA,NA
vector_field,0,iid,all,8,NA,8,heun,uniform,NOT_RUN_INVALID_DATA,NA,NA,NA,NA,NA,NA,NA,NA,NA,NA,NA
vector_field,0,iid,all,8,NA,8,rk4,uniform,NOT_RUN_INVALID_DATA,NA,NA,NA,NA,NA,NA,NA,NA,NA,NA,NA
vector_field,0,iid,all,12,NA,12,heun,uniform,NOT_RUN_INVALID_DATA,NA,NA,NA,NA,NA,NA,NA,NA,NA,NA,NA
vector_field,0,iid,all,12,NA,12,rk4,uniform,NOT_RUN_INVALID_DATA,NA,NA,NA,NA,NA,NA,NA,NA,NA,NA,NA
vector_field,0,iid,all,16,NA,16,heun,uniform,NOT_RUN_INVALID_DATA,NA,NA,NA,NA,NA,NA,NA,NA,NA,NA,NA
vector_field,0,iid,all,16,NA,16,rk4,uniform,NOT_RUN_INVALID_DATA,NA,NA,NA,NA,NA,NA,NA,NA,NA,NA,NA
vector_field,0,iid,1,0,NA,0,bypass,none,NOT_RUN_INVALID_DATA,NA,NA,NA,NA,NA,NA,NA,NA,NA,NA,NA
vector_field,0,iid,1,3,NA,3,euler,uniform,NOT_RUN_INVALID_DATA,NA,NA,NA,NA,NA,NA,NA,NA,NA,NA,NA
vector_field,0,iid,1,4,NA,4,euler,uniform,NOT_RUN_INVALID_DATA,NA,NA,NA,NA,NA,NA,NA,NA,NA,NA,NA
vector_field,0,iid,1,5,NA,5,euler,uniform,NOT_RUN_INVALID_DATA,NA,NA,NA,NA,NA,NA,NA,NA,NA,NA,NA
vector_field,0,iid,1,7,NA,7,euler,uniform,NOT_RUN_INVALID_DATA,NA,NA,NA,NA,NA,NA,NA,NA,NA,NA,NA
vector_field,0,iid,1,8,NA,8,euler,uniform,NOT_RUN_INVALID_DATA,NA,NA,NA,NA,NA,NA,NA,NA,NA,NA,NA
vector_field,0,iid,1,12,NA,12,euler,uniform,NOT_RUN_INVALID_DATA,NA,NA,NA,NA,NA,NA,NA,NA,NA,NA,NA
vector_field,0,iid,1,16,NA,16,euler,uniform,NOT_RUN_INVALID_DATA,NA,NA,NA,NA,NA,NA,NA,NA,NA,NA,NA
vector_field,0,iid,1,3,NA,3,euler,front-loaded,NOT_RUN_INVALID_DATA,NA,NA,NA,NA,NA,NA,NA,NA,NA,NA,NA
vector_field,0,iid,1,3,NA,3,euler,back-loaded,NOT_RUN_INVALID_DATA,NA,NA,NA,NA,NA,NA,NA,NA,NA,NA,NA
vector_field,0,iid,1,4,NA,4,euler,front-loaded,NOT_RUN_INVALID_DATA,NA,NA,NA,NA,NA,NA,NA,NA,NA,NA,NA
vector_field,0,iid,1,4,NA,4,euler,back-loaded,NOT_RUN_INVALID_DATA,NA,NA,NA,NA,NA,NA,NA,NA,NA,NA,NA
vector_field,0,iid,1,5,NA,5,euler,front-loaded,NOT_RUN_INVALID_DATA,NA,NA,NA,NA,NA,NA,NA,NA,NA,NA,NA
vector_field,0,iid,1,5,NA,5,euler,back-loaded,NOT_RUN_INVALID_DATA,NA,NA,NA,NA,NA,NA,NA,NA,NA,NA,NA
vector_field,0,iid,1,7,NA,7,euler,front-loaded,NOT_RUN_INVALID_DATA,NA,NA,NA,NA,NA,NA,NA,NA,NA,NA,NA
vector_field,0,iid,1,7,NA,7,euler,back-loaded,NOT_RUN_INVALID_DATA,NA,NA,NA,NA,NA,NA,NA,NA,NA,NA,NA
vector_field,0,iid,1,8,NA,8,euler,front-loaded,NOT_RUN_INVALID_DATA,NA,NA,NA,NA,NA,NA,NA,NA,NA,NA,NA
vector_field,0,iid,1,8,NA,8,euler,back-loaded,NOT_RUN_INVALID_DATA,NA,NA,NA,NA,NA,NA,NA,NA,NA,NA,NA
vector_field,0,iid,1,12,NA,12,euler,front-loaded,NOT_RUN_INVALID_DATA,NA,NA,NA,NA,NA,NA,NA,NA,NA,NA,NA
vector_field,0,iid,1,12,NA,12,euler,back-loaded,NOT_RUN_INVALID_DATA,NA,NA,NA,NA,NA,NA,NA,NA,NA,NA,NA
vector_field,0,iid,1,16,NA,16,euler,front-loaded,NOT_RUN_INVALID_DATA,NA,NA,NA,NA,NA,NA,NA,NA,NA,NA,NA
vector_field,0,iid,1,16,NA,16,euler,back-loaded,NOT_RUN_INVALID_DATA,NA,NA,NA,NA,NA,NA,NA,NA,NA,NA,NA
vector_field,0,iid,1,4,NA,4,heun,uniform,NOT_RUN_INVALID_DATA,NA,NA,NA,NA,NA,NA,NA,NA,NA,NA,NA
vector_field,0,iid,1,4,NA,4,rk4,uniform,NOT_RUN_INVALID_DATA,NA,NA,NA,NA,NA,NA,NA,NA,NA,NA,NA
vector_field,0,iid,1,8,NA,8,heun,uniform,NOT_RUN_INVALID_DATA,NA,NA,NA,NA,NA,NA,NA,NA,NA,NA,NA
vector_field,0,iid,1,8,NA,8,rk4,uniform,NOT_RUN_INVALID_DATA,NA,NA,NA,NA,NA,NA,NA,NA,NA,NA,NA
vector_field,0,iid,1,12,NA,12,heun,uniform,NOT_RUN_INVALID_DATA,NA,NA,NA,NA,NA,NA,NA,NA,NA,NA,NA
vector_field,0,iid,1,12,NA,12,rk4,uniform,NOT_RUN_INVALID_DATA,NA,NA,NA,NA,NA,NA,NA,NA,NA,NA,NA
vector_field,0,iid,1,16,NA,16,heun,uniform,NOT_RUN_INVALID_DATA,NA,NA,NA,NA,NA,NA,NA,NA,NA,NA,NA
vector_field,0,iid,1,16,NA,16,rk4,uniform,NOT_RUN_INVALID_DATA,NA,NA,NA,NA,NA,NA,NA,NA,NA,NA,NA
vector_field,0,iid,2,0,NA,0,bypass,none,NOT_RUN_INVALID_DATA,NA,NA,NA,NA,NA,NA,NA,NA,NA,NA,NA
vector_field,0,iid,2,3,NA,3,euler,uniform,NOT_RUN_INVALID_DATA,NA,NA,NA,NA,NA,NA,NA,NA,NA,NA,NA
vector_field,0,iid,2,4,NA,4,euler,uniform,NOT_RUN_INVALID_DATA,NA,NA,NA,NA,NA,NA,NA,NA,NA,NA,NA
vector_field,0,iid,2,5,NA,5,euler,uniform,NOT_RUN_INVALID_DATA,NA,NA,NA,NA,NA,NA,NA,NA,NA,NA,NA
vector_field,0,iid,2,7,NA,7,euler,uniform,NOT_RUN_INVALID_DATA,NA,NA,NA,NA,NA,NA,NA,NA,NA,NA,NA
vector_field,0,iid,2,8,NA,8,euler,uniform,NOT_RUN_INVALID_DATA,NA,NA,NA,NA,NA,NA,NA,NA,NA,NA,NA
vector_field,0,iid,2,12,NA,12,euler,uniform,NOT_RUN_INVALID_DATA,NA,NA,NA,NA,NA,NA,NA,NA,NA,NA,NA
vector_field,0,iid,2,16,NA,16,euler,uniform,NOT_RUN_INVALID_DATA,NA,NA,NA,NA,NA,NA,NA,NA,NA,NA,NA
vector_field,0,iid,2,3,NA,3,euler,front-loaded,NOT_RUN_INVALID_DATA,NA,NA,NA,NA,NA,NA,NA,NA,NA,NA,NA
vector_field,0,iid,2,3,NA,3,euler,back-loaded,NOT_RUN_INVALID_DATA,NA,NA,NA,NA,NA,NA,NA,NA,NA,NA,NA
vector_field,0,iid,2,4,NA,4,euler,front-loaded,NOT_RUN_INVALID_DATA,NA,NA,NA,NA,NA,NA,NA,NA,NA,NA,NA
vector_field,0,iid,2,4,NA,4,euler,back-loaded,NOT_RUN_INVALID_DATA,NA,NA,NA,NA,NA,NA,NA,NA,NA,NA,NA
vector_field,0,iid,2,5,NA,5,euler,front-loaded,NOT_RUN_INVALID_DATA,NA,NA,NA,NA,NA,NA,NA,NA,NA,NA,NA
vector_field,0,iid,2,5,NA,5,euler,back-loaded,NOT_RUN_INVALID_DATA,NA,NA,NA,NA,NA,NA,NA,NA,NA,NA,NA
vector_field,0,iid,2,7,NA,7,euler,front-loaded,NOT_RUN_INVALID_DATA,NA,NA,NA,NA,NA,NA,NA,NA,NA,NA,NA
vector_field,0,iid,2,7,NA,7,euler,back-loaded,NOT_RUN_INVALID_DATA,NA,NA,NA,NA,NA,NA,NA,NA,NA,NA,NA
vector_field,0,iid,2,8,NA,8,euler,front-loaded,NOT_RUN_INVALID_DATA,NA,NA,NA,NA,NA,NA,NA,NA,NA,NA,NA
vector_field,0,iid,2,8,NA,8,euler,back-loaded,NOT_RUN_INVALID_DATA,NA,NA,NA,NA,NA,NA,NA,NA,NA,NA,NA
vector_field,0,iid,2,12,NA,12,euler,front-loaded,NOT_RUN_INVALID_DATA,NA,NA,NA,NA,NA,NA,NA,NA,NA,NA,NA
vector_field,0,iid,2,12,NA,12,euler,back-loaded,NOT_RUN_INVALID_DATA,NA,NA,NA,NA,NA,NA,NA,NA,NA,NA,NA
vector_field,0,iid,2,16,NA,16,euler,front-loaded,NOT_RUN_INVALID_DATA,NA,NA,NA,NA,NA,NA,NA,NA,NA,NA,NA
vector_field,0,iid,2,16,NA,16,euler,back-loaded,NOT_RUN_INVALID_DATA,NA,NA,NA,NA,NA,NA,NA,NA,NA,NA,NA
vector_field,0,iid,2,4,NA,4,heun,uniform,NOT_RUN_INVALID_DATA,NA,NA,NA,NA,NA,NA,NA,NA,NA,NA,NA
vector_field,0,iid,2,4,NA,4,rk4,uniform,NOT_RUN_INVALID_DATA,NA,NA,NA,NA,NA,NA,NA,NA,NA,NA,NA
vector_field,0,iid,2,8,NA,8,heun,uniform,NOT_RUN_INVALID_DATA,NA,NA,NA,NA,NA,NA,NA,NA,NA,NA,NA
vector_field,0,iid,2,8,NA,8,rk4,uniform,NOT_RUN_INVALID_DATA,NA,NA,NA,NA,NA,NA,NA,NA,NA,NA,NA
vector_field,0,iid,2,12,NA,12,heun,uniform,NOT_RUN_INVALID_DATA,NA,NA,NA,NA,NA,NA,NA,NA,NA,NA,NA
vector_field,0,iid,2,12,NA,12,rk4,uniform,NOT_RUN_INVALID_DATA,NA,NA,NA,NA,NA,NA,NA,NA,NA,NA,NA
vector_field,0,iid,2,16,NA,16,heun,uniform,NOT_RUN_INVALID_DATA,NA,NA,NA,NA,NA,NA,NA,NA,NA,NA,NA
vector_field,0,iid,2,16,NA,16,rk4,uniform,NOT_RUN_INVALID_DATA,NA,NA,NA,NA,NA,NA,NA,NA,NA,NA,NA
vector_field,0,iid,3,0,NA,0,bypass,none,NOT_RUN_INVALID_DATA,NA,NA,NA,NA,NA,NA,NA,NA,NA,NA,NA
vector_field,0,iid,3,3,NA,3,euler,uniform,NOT_RUN_INVALID_DATA,NA,NA,NA,NA,NA,NA,NA,NA,NA,NA,NA
vector_field,0,iid,3,4,NA,4,euler,uniform,NOT_RUN_INVALID_DATA,NA,NA,NA,NA,NA,NA,NA,NA,NA,NA,NA
vector_field,0,iid,3,5,NA,5,euler,uniform,NOT_RUN_INVALID_DATA,NA,NA,NA,NA,NA,NA,NA,NA,NA,NA,NA
vector_field,0,iid,3,7,NA,7,euler,uniform,NOT_RUN_INVALID_DATA,NA,NA,NA,NA,NA,NA,NA,NA,NA,NA,NA
vector_field,0,iid,3,8,NA,8,euler,uniform,NOT_RUN_INVALID_DATA,NA,NA,NA,NA,NA,NA,NA,NA,NA,NA,NA
vector_field,0,iid,3,12,NA,12,euler,uniform,NOT_RUN_INVALID_DATA,NA,NA,NA,NA,NA,NA,NA,NA,NA,NA,NA
vector_field,0,iid,3,16,NA,16,euler,uniform,NOT_RUN_INVALID_DATA,NA,NA,NA,NA,NA,NA,NA,NA,NA,NA,NA
vector_field,0,iid,3,3,NA,3,euler,front-loaded,NOT_RUN_INVALID_DATA,NA,NA,NA,NA,NA,NA,NA,NA,NA,NA,NA
vector_field,0,iid,3,3,NA,3,euler,back-loaded,NOT_RUN_INVALID_DATA,NA,NA,NA,NA,NA,NA,NA,NA,NA,NA,NA
vector_field,0,iid,3,4,NA,4,euler,front-loaded,NOT_RUN_INVALID_DATA,NA,NA,NA,NA,NA,NA,NA,NA,NA,NA,NA
vector_field,0,iid,3,4,NA,4,euler,back-loaded,NOT_RUN_INVALID_DATA,NA,NA,NA,NA,NA,NA,NA,NA,NA,NA,NA
vector_field,0,iid,3,5,NA,5,euler,front-loaded,NOT_RUN_INVALID_DATA,NA,NA,NA,NA,NA,NA,NA,NA,NA,NA,NA
vector_field,0,iid,3,5,NA,5,euler,back-loaded,NOT_RUN_INVALID_DATA,NA,NA,NA,NA,NA,NA,NA,NA,NA,NA,NA
vector_field,0,iid,3,7,NA,7,euler,front-loaded,NOT_RUN_INVALID_DATA,NA,NA,NA,NA,NA,NA,NA,NA,NA,NA,NA
vector_field,0,iid,3,7,NA,7,euler,back-loaded,NOT_RUN_INVALID_DATA,NA,NA,NA,NA,NA,NA,NA,NA,NA,NA,NA
vector_field,0,iid,3,8,NA,8,euler,front-loaded,NOT_RUN_INVALID_DATA,NA,NA,NA,NA,NA,NA,NA,NA,NA,NA,NA
vector_field,0,iid,3,8,NA,8,euler,back-loaded,NOT_RUN_INVALID_DATA,NA,NA,NA,NA,NA,NA,NA,NA,NA,NA,NA
vector_field,0,iid,3,12,NA,12,euler,front-loaded,NOT_RUN_INVALID_DATA,NA,NA,NA,NA,NA,NA,NA,NA,NA,NA,NA
vector_field,0,iid,3,12,NA,12,euler,back-loaded,NOT_RUN_INVALID_DATA,NA,NA,NA,NA,NA,NA,NA,NA,NA,NA,NA
vector_field,0,iid,3,16,NA,16,euler,front-loaded,NOT_RUN_INVALID_DATA,NA,NA,NA,NA,NA,NA,NA,NA,NA,NA,NA
vector_field,0,iid,3,16,NA,16,euler,back-loaded,NOT_RUN_INVALID_DATA,NA,NA,NA,NA,NA,NA,NA,NA,NA,NA,NA
vector_field,0,iid,3,4,NA,4,heun,uniform,NOT_RUN_INVALID_DATA,NA,NA,NA,NA,NA,NA,NA,NA,NA,NA,NA
vector_field,0,iid,3,4,NA,4,rk4,uniform,NOT_RUN_INVALID_DATA,NA,NA,NA,NA,NA,NA,NA,NA,NA,NA,NA
vector_field,0,iid,3,8,NA,8,heun,uniform,NOT_RUN_INVALID_DATA,NA,NA,NA,NA,NA,NA,NA,NA,NA,NA,NA
vector_field,0,iid,3,8,NA,8,rk4,uniform,NOT_RUN_INVALID_DATA,NA,NA,NA,NA,NA,NA,NA,NA,NA,NA,NA
vector_field,0,iid,3,12,NA,12,heun,uniform,NOT_RUN_INVALID_DATA,NA,NA,NA,NA,NA,NA,NA,NA,NA,NA,NA
vector_field,0,iid,3,12,NA,12,rk4,uniform,NOT_RUN_INVALID_DATA,NA,NA,NA,NA,NA,NA,NA,NA,NA,NA,NA
vector_field,0,iid,3,16,NA,16,heun,uniform,NOT_RUN_INVALID_DATA,NA,NA,NA,NA,NA,NA,NA,NA,NA,NA,NA
vector_field,0,iid,3,16,NA,16,rk4,uniform,NOT_RUN_INVALID_DATA,NA,NA,NA,NA,NA,NA,NA,NA,NA,NA,NA
vector_field,0,iid,4,0,NA,0,bypass,none,NOT_RUN_INVALID_DATA,NA,NA,NA,NA,NA,NA,NA,NA,NA,NA,NA
vector_field,0,iid,4,3,NA,3,euler,uniform,NOT_RUN_INVALID_DATA,NA,NA,NA,NA,NA,NA,NA,NA,NA,NA,NA
vector_field,0,iid,4,4,NA,4,euler,uniform,NOT_RUN_INVALID_DATA,NA,NA,NA,NA,NA,NA,NA,NA,NA,NA,NA
vector_field,0,iid,4,5,NA,5,euler,uniform,NOT_RUN_INVALID_DATA,NA,NA,NA,NA,NA,NA,NA,NA,NA,NA,NA
vector_field,0,iid,4,7,NA,7,euler,uniform,NOT_RUN_INVALID_DATA,NA,NA,NA,NA,NA,NA,NA,NA,NA,NA,NA
vector_field,0,iid,4,8,NA,8,euler,uniform,NOT_RUN_INVALID_DATA,NA,NA,NA,NA,NA,NA,NA,NA,NA,NA,NA
vector_field,0,iid,4,12,NA,12,euler,uniform,NOT_RUN_INVALID_DATA,NA,NA,NA,NA,NA,NA,NA,NA,NA,NA,NA
vector_field,0,iid,4,16,NA,16,euler,uniform,NOT_RUN_INVALID_DATA,NA,NA,NA,NA,NA,NA,NA,NA,NA,NA,NA
vector_field,0,iid,4,3,NA,3,euler,front-loaded,NOT_RUN_INVALID_DATA,NA,NA,NA,NA,NA,NA,NA,NA,NA,NA,NA
vector_field,0,iid,4,3,NA,3,euler,back-loaded,NOT_RUN_INVALID_DATA,NA,NA,NA,NA,NA,NA,NA,NA,NA,NA,NA
vector_field,0,iid,4,4,NA,4,euler,front-loaded,NOT_RUN_INVALID_DATA,NA,NA,NA,NA,NA,NA,NA,NA,NA,NA,NA
vector_field,0,iid,4,4,NA,4,euler,back-loaded,NOT_RUN_INVALID_DATA,NA,NA,NA,NA,NA,NA,NA,NA,NA,NA,NA
vector_field,0,iid,4,5,NA,5,euler,front-loaded,NOT_RUN_INVALID_DATA,NA,NA,NA,NA,NA,NA,NA,NA,NA,NA,NA
vector_field,0,iid,4,5,NA,5,euler,back-loaded,NOT_RUN_INVALID_DATA,NA,NA,NA,NA,NA,NA,NA,NA,NA,NA,NA
vector_field,0,iid,4,7,NA,7,euler,front-loaded,NOT_RUN_INVALID_DATA,NA,NA,NA,NA,NA,NA,NA,NA,NA,NA,NA
vector_field,0,iid,4,7,NA,7,euler,back-loaded,NOT_RUN_INVALID_DATA,NA,NA,NA,NA,NA,NA,NA,NA,NA,NA,NA
vector_field,0,iid,4,8,NA,8,euler,front-loaded,NOT_RUN_INVALID_DATA,NA,NA,NA,NA,NA,NA,NA,NA,NA,NA,NA
vector_field,0,iid,4,8,NA,8,euler,back-loaded,NOT_RUN_INVALID_DATA,NA,NA,NA,NA,NA,NA,NA,NA,NA,NA,NA
vector_field,0,iid,4,12,NA,12,euler,front-loaded,NOT_RUN_INVALID_DATA,NA,NA,NA,NA,NA,NA,NA,NA,NA,NA,NA
vector_field,0,iid,4,12,NA,12,euler,back-loaded,NOT_RUN_INVALID_DATA,NA,NA,NA,NA,NA,NA,NA,NA,NA,NA,NA
vector_field,0,iid,4,16,NA,16,euler,front-loaded,NOT_RUN_INVALID_DATA,NA,NA,NA,NA,NA,NA,NA,NA,NA,NA,NA
vector_field,0,iid,4,16,NA,16,euler,back-loaded,NOT_RUN_INVALID_DATA,NA,NA,NA,NA,NA,NA,NA,NA,NA,NA,NA
vector_field,0,iid,4,4,NA,4,heun,uniform,NOT_RUN_INVALID_DATA,NA,NA,NA,NA,NA,NA,NA,NA,NA,NA,NA
vector_field,0,iid,4,4,NA,4,rk4,uniform,NOT_RUN_INVALID_DATA,NA,NA,NA,NA,NA,NA,NA,NA,NA,NA,NA
vector_field,0,iid,4,8,NA,8,heun,uniform,NOT_RUN_INVALID_DATA,NA,NA,NA,NA,NA,NA,NA,NA,NA,NA,NA
vector_field,0,iid,4,8,NA,8,rk4,uniform,NOT_RUN_INVALID_DATA,NA,NA,NA,NA,NA,NA,NA,NA,NA,NA,NA
vector_field,0,iid,4,12,NA,12,heun,uniform,NOT_RUN_INVALID_DATA,NA,NA,NA,NA,NA,NA,NA,NA,NA,NA,NA
vector_field,0,iid,4,12,NA,12,rk4,uniform,NOT_RUN_INVALID_DATA,NA,NA,NA,NA,NA,NA,NA,NA,NA,NA,NA
vector_field,0,iid,4,16,NA,16,heun,uniform,NOT_RUN_INVALID_DATA,NA,NA,NA,NA,NA,NA,NA,NA,NA,NA,NA
vector_field,0,iid,4,16,NA,16,rk4,uniform,NOT_RUN_INVALID_DATA,NA,NA,NA,NA,NA,NA,NA,NA,NA,NA,NA
vector_field,0,ood_6,all,0,NA,0,bypass,none,NOT_RUN_INVALID_DATA,NA,NA,NA,NA,NA,NA,NA,NA,NA,NA,NA
vector_field,0,ood_6,all,3,NA,3,euler,uniform,NOT_RUN_INVALID_DATA,NA,NA,NA,NA,NA,NA,NA,NA,NA,NA,NA
vector_field,0,ood_6,all,4,NA,4,euler,uniform,NOT_RUN_INVALID_DATA,NA,NA,NA,NA,NA,NA,NA,NA,NA,NA,NA
vector_field,0,ood_6,all,5,NA,5,euler,uniform,NOT_RUN_INVALID_DATA,NA,NA,NA,NA,NA,NA,NA,NA,NA,NA,NA
vector_field,0,ood_6,all,7,NA,7,euler,uniform,NOT_RUN_INVALID_DATA,NA,NA,NA,NA,NA,NA,NA,NA,NA,NA,NA
vector_field,0,ood_6,all,8,NA,8,euler,uniform,NOT_RUN_INVALID_DATA,NA,NA,NA,NA,NA,NA,NA,NA,NA,NA,NA
vector_field,0,ood_6,all,12,NA,12,euler,uniform,NOT_RUN_INVALID_DATA,NA,NA,NA,NA,NA,NA,NA,NA,NA,NA,NA
vector_field,0,ood_6,all,16,NA,16,euler,uniform,NOT_RUN_INVALID_DATA,NA,NA,NA,NA,NA,NA,NA,NA,NA,NA,NA
vector_field,0,ood_6,all,3,NA,3,euler,front-loaded,NOT_RUN_INVALID_DATA,NA,NA,NA,NA,NA,NA,NA,NA,NA,NA,NA
vector_field,0,ood_6,all,3,NA,3,euler,back-loaded,NOT_RUN_INVALID_DATA,NA,NA,NA,NA,NA,NA,NA,NA,NA,NA,NA
vector_field,0,ood_6,all,4,NA,4,euler,front-loaded,NOT_RUN_INVALID_DATA,NA,NA,NA,NA,NA,NA,NA,NA,NA,NA,NA
vector_field,0,ood_6,all,4,NA,4,euler,back-loaded,NOT_RUN_INVALID_DATA,NA,NA,NA,NA,NA,NA,NA,NA,NA,NA,NA
vector_field,0,ood_6,all,5,NA,5,euler,front-loaded,NOT_RUN_INVALID_DATA,NA,NA,NA,NA,NA,NA,NA,NA,NA,NA,NA
vector_field,0,ood_6,all,5,NA,5,euler,back-loaded,NOT_RUN_INVALID_DATA,NA,NA,NA,NA,NA,NA,NA,NA,NA,NA,NA
vector_field,0,ood_6,all,7,NA,7,euler,front-loaded,NOT_RUN_INVALID_DATA,NA,NA,NA,NA,NA,NA,NA,NA,NA,NA,NA
vector_field,0,ood_6,all,7,NA,7,euler,back-loaded,NOT_RUN_INVALID_DATA,NA,NA,NA,NA,NA,NA,NA,NA,NA,NA,NA
vector_field,0,ood_6,all,8,NA,8,euler,front-loaded,NOT_RUN_INVALID_DATA,NA,NA,NA,NA,NA,NA,NA,NA,NA,NA,NA
vector_field,0,ood_6,all,8,NA,8,euler,back-loaded,NOT_RUN_INVALID_DATA,NA,NA,NA,NA,NA,NA,NA,NA,NA,NA,NA
vector_field,0,ood_6,all,12,NA,12,euler,front-loaded,NOT_RUN_INVALID_DATA,NA,NA,NA,NA,NA,NA,NA,NA,NA,NA,NA
vector_field,0,ood_6,all,12,NA,12,euler,back-loaded,NOT_RUN_INVALID_DATA,NA,NA,NA,NA,NA,NA,NA,NA,NA,NA,NA
vector_field,0,ood_6,all,16,NA,16,euler,front-loaded,NOT_RUN_INVALID_DATA,NA,NA,NA,NA,NA,NA,NA,NA,NA,NA,NA
vector_field,0,ood_6,all,16,NA,16,euler,back-loaded,NOT_RUN_INVALID_DATA,NA,NA,NA,NA,NA,NA,NA,NA,NA,NA,NA
vector_field,0,ood_6,all,4,NA,4,heun,uniform,NOT_RUN_INVALID_DATA,NA,NA,NA,NA,NA,NA,NA,NA,NA,NA,NA
vector_field,0,ood_6,all,4,NA,4,rk4,uniform,NOT_RUN_INVALID_DATA,NA,NA,NA,NA,NA,NA,NA,NA,NA,NA,NA
vector_field,0,ood_6,all,8,NA,8,heun,uniform,NOT_RUN_INVALID_DATA,NA,NA,NA,NA,NA,NA,NA,NA,NA,NA,NA
vector_field,0,ood_6,all,8,NA,8,rk4,uniform,NOT_RUN_INVALID_DATA,NA,NA,NA,NA,NA,NA,NA,NA,NA,NA,NA
vector_field,0,ood_6,all,12,NA,12,heun,uniform,NOT_RUN_INVALID_DATA,NA,NA,NA,NA,NA,NA,NA,NA,NA,NA,NA
vector_field,0,ood_6,all,12,NA,12,rk4,uniform,NOT_RUN_INVALID_DATA,NA,NA,NA,NA,NA,NA,NA,NA,NA,NA,NA
vector_field,0,ood_6,all,16,NA,16,heun,uniform,NOT_RUN_INVALID_DATA,NA,NA,NA,NA,NA,NA,NA,NA,NA,NA,NA
vector_field,0,ood_6,all,16,NA,16,rk4,uniform,NOT_RUN_INVALID_DATA,NA,NA,NA,NA,NA,NA,NA,NA,NA,NA,NA
vector_field,0,ood_6,6,0,NA,0,bypass,none,NOT_RUN_INVALID_DATA,NA,NA,NA,NA,NA,NA,NA,NA,NA,NA,NA
vector_field,0,ood_6,6,3,NA,3,euler,uniform,NOT_RUN_INVALID_DATA,NA,NA,NA,NA,NA,NA,NA,NA,NA,NA,NA
vector_field,0,ood_6,6,4,NA,4,euler,uniform,NOT_RUN_INVALID_DATA,NA,NA,NA,NA,NA,NA,NA,NA,NA,NA,NA
vector_field,0,ood_6,6,5,NA,5,euler,uniform,NOT_RUN_INVALID_DATA,NA,NA,NA,NA,NA,NA,NA,NA,NA,NA,NA
vector_field,0,ood_6,6,7,NA,7,euler,uniform,NOT_RUN_INVALID_DATA,NA,NA,NA,NA,NA,NA,NA,NA,NA,NA,NA
vector_field,0,ood_6,6,8,NA,8,euler,uniform,NOT_RUN_INVALID_DATA,NA,NA,NA,NA,NA,NA,NA,NA,NA,NA,NA
vector_field,0,ood_6,6,12,NA,12,euler,uniform,NOT_RUN_INVALID_DATA,NA,NA,NA,NA,NA,NA,NA,NA,NA,NA,NA
vector_field,0,ood_6,6,16,NA,16,euler,uniform,NOT_RUN_INVALID_DATA,NA,NA,NA,NA,NA,NA,NA,NA,NA,NA,NA
vector_field,0,ood_6,6,3,NA,3,euler,front-loaded,NOT_RUN_INVALID_DATA,NA,NA,NA,NA,NA,NA,NA,NA,NA,NA,NA
vector_field,0,ood_6,6,3,NA,3,euler,back-loaded,NOT_RUN_INVALID_DATA,NA,NA,NA,NA,NA,NA,NA,NA,NA,NA,NA
vector_field,0,ood_6,6,4,NA,4,euler,front-loaded,NOT_RUN_INVALID_DATA,NA,NA,NA,NA,NA,NA,NA,NA,NA,NA,NA
vector_field,0,ood_6,6,4,NA,4,euler,back-loaded,NOT_RUN_INVALID_DATA,NA,NA,NA,NA,NA,NA,NA,NA,NA,NA,NA
vector_field,0,ood_6,6,5,NA,5,euler,front-loaded,NOT_RUN_INVALID_DATA,NA,NA,NA,NA,NA,NA,NA,NA,NA,NA,NA
vector_field,0,ood_6,6,5,NA,5,euler,back-loaded,NOT_RUN_INVALID_DATA,NA,NA,NA,NA,NA,NA,NA,NA,NA,NA,NA
vector_field,0,ood_6,6,7,NA,7,euler,front-loaded,NOT_RUN_INVALID_DATA,NA,NA,NA,NA,NA,NA,NA,NA,NA,NA,NA
vector_field,0,ood_6,6,7,NA,7,euler,back-loaded,NOT_RUN_INVALID_DATA,NA,NA,NA,NA,NA,NA,NA,NA,NA,NA,NA
vector_field,0,ood_6,6,8,NA,8,euler,front-loaded,NOT_RUN_INVALID_DATA,NA,NA,NA,NA,NA,NA,NA,NA,NA,NA,NA
vector_field,0,ood_6,6,8,NA,8,euler,back-loaded,NOT_RUN_INVALID_DATA,NA,NA,NA,NA,NA,NA,NA,NA,NA,NA,NA
vector_field,0,ood_6,6,12,NA,12,euler,front-loaded,NOT_RUN_INVALID_DATA,NA,NA,NA,NA,NA,NA,NA,NA,NA,NA,NA
vector_field,0,ood_6,6,12,NA,12,euler,back-loaded,NOT_RUN_INVALID_DATA,NA,NA,NA,NA,NA,NA,NA,NA,NA,NA,NA
vector_field,0,ood_6,6,16,NA,16,euler,front-loaded,NOT_RUN_INVALID_DATA,NA,NA,NA,NA,NA,NA,NA,NA,NA,NA,NA
vector_field,0,ood_6,6,16,NA,16,euler,back-loaded,NOT_RUN_INVALID_DATA,NA,NA,NA,NA,NA,NA,NA,NA,NA,NA,NA
vector_field,0,ood_6,6,4,NA,4,heun,uniform,NOT_RUN_INVALID_DATA,NA,NA,NA,NA,NA,NA,NA,NA,NA,NA,NA
vector_field,0,ood_6,6,4,NA,4,rk4,uniform,NOT_RUN_INVALID_DATA,NA,NA,NA,NA,NA,NA,NA,NA,NA,NA,NA
vector_field,0,ood_6,6,8,NA,8,heun,uniform,NOT_RUN_INVALID_DATA,NA,NA,NA,NA,NA,NA,NA,NA,NA,NA,NA
vector_field,0,ood_6,6,8,NA,8,rk4,uniform,NOT_RUN_INVALID_DATA,NA,NA,NA,NA,NA,NA,NA,NA,NA,NA,NA
vector_field,0,ood_6,6,12,NA,12,heun,uniform,NOT_RUN_INVALID_DATA,NA,NA,NA,NA,NA,NA,NA,NA,NA,NA,NA
vector_field,0,ood_6,6,12,NA,12,rk4,uniform,NOT_RUN_INVALID_DATA,NA,NA,NA,NA,NA,NA,NA,NA,NA,NA,NA
vector_field,0,ood_6,6,16,NA,16,heun,uniform,NOT_RUN_INVALID_DATA,NA,NA,NA,NA,NA,NA,NA,NA,NA,NA,NA
vector_field,0,ood_6,6,16,NA,16,rk4,uniform,NOT_RUN_INVALID_DATA,NA,NA,NA,NA,NA,NA,NA,NA,NA,NA,NA
vector_field,0,ood_8,all,0,NA,0,bypass,none,NOT_RUN_INVALID_DATA,NA,NA,NA,NA,NA,NA,NA,NA,NA,NA,NA
vector_field,0,ood_8,all,3,NA,3,euler,uniform,NOT_RUN_INVALID_DATA,NA,NA,NA,NA,NA,NA,NA,NA,NA,NA,NA
vector_field,0,ood_8,all,4,NA,4,euler,uniform,NOT_RUN_INVALID_DATA,NA,NA,NA,NA,NA,NA,NA,NA,NA,NA,NA
vector_field,0,ood_8,all,5,NA,5,euler,uniform,NOT_RUN_INVALID_DATA,NA,NA,NA,NA,NA,NA,NA,NA,NA,NA,NA
vector_field,0,ood_8,all,7,NA,7,euler,uniform,NOT_RUN_INVALID_DATA,NA,NA,NA,NA,NA,NA,NA,NA,NA,NA,NA
vector_field,0,ood_8,all,8,NA,8,euler,uniform,NOT_RUN_INVALID_DATA,NA,NA,NA,NA,NA,NA,NA,NA,NA,NA,NA
vector_field,0,ood_8,all,12,NA,12,euler,uniform,NOT_RUN_INVALID_DATA,NA,NA,NA,NA,NA,NA,NA,NA,NA,NA,NA
vector_field,0,ood_8,all,16,NA,16,euler,uniform,NOT_RUN_INVALID_DATA,NA,NA,NA,NA,NA,NA,NA,NA,NA,NA,NA
vector_field,0,ood_8,all,3,NA,3,euler,front-loaded,NOT_RUN_INVALID_DATA,NA,NA,NA,NA,NA,NA,NA,NA,NA,NA,NA
vector_field,0,ood_8,all,3,NA,3,euler,back-loaded,NOT_RUN_INVALID_DATA,NA,NA,NA,NA,NA,NA,NA,NA,NA,NA,NA
vector_field,0,ood_8,all,4,NA,4,euler,front-loaded,NOT_RUN_INVALID_DATA,NA,NA,NA,NA,NA,NA,NA,NA,NA,NA,NA
vector_field,0,ood_8,all,4,NA,4,euler,back-loaded,NOT_RUN_INVALID_DATA,NA,NA,NA,NA,NA,NA,NA,NA,NA,NA,NA
vector_field,0,ood_8,all,5,NA,5,euler,front-loaded,NOT_RUN_INVALID_DATA,NA,NA,NA,NA,NA,NA,NA,NA,NA,NA,NA
vector_field,0,ood_8,all,5,NA,5,euler,back-loaded,NOT_RUN_INVALID_DATA,NA,NA,NA,NA,NA,NA,NA,NA,NA,NA,NA
vector_field,0,ood_8,all,7,NA,7,euler,front-loaded,NOT_RUN_INVALID_DATA,NA,NA,NA,NA,NA,NA,NA,NA,NA,NA,NA
vector_field,0,ood_8,all,7,NA,7,euler,back-loaded,NOT_RUN_INVALID_DATA,NA,NA,NA,NA,NA,NA,NA,NA,NA,NA,NA
vector_field,0,ood_8,all,8,NA,8,euler,front-loaded,NOT_RUN_INVALID_DATA,NA,NA,NA,NA,NA,NA,NA,NA,NA,NA,NA
vector_field,0,ood_8,all,8,NA,8,euler,back-loaded,NOT_RUN_INVALID_DATA,NA,NA,NA,NA,NA,NA,NA,NA,NA,NA,NA
vector_field,0,ood_8,all,12,NA,12,euler,front-loaded,NOT_RUN_INVALID_DATA,NA,NA,NA,NA,NA,NA,NA,NA,NA,NA,NA
vector_field,0,ood_8,all,12,NA,12,euler,back-loaded,NOT_RUN_INVALID_DATA,NA,NA,NA,NA,NA,NA,NA,NA,NA,NA,NA
vector_field,0,ood_8,all,16,NA,16,euler,front-loaded,NOT_RUN_INVALID_DATA,NA,NA,NA,NA,NA,NA,NA,NA,NA,NA,NA
vector_field,0,ood_8,all,16,NA,16,euler,back-loaded,NOT_RUN_INVALID_DATA,NA,NA,NA,NA,NA,NA,NA,NA,NA,NA,NA
vector_field,0,ood_8,all,4,NA,4,heun,uniform,NOT_RUN_INVALID_DATA,NA,NA,NA,NA,NA,NA,NA,NA,NA,NA,NA
vector_field,0,ood_8,all,4,NA,4,rk4,uniform,NOT_RUN_INVALID_DATA,NA,NA,NA,NA,NA,NA,NA,NA,NA,NA,NA
vector_field,0,ood_8,all,8,NA,8,heun,uniform,NOT_RUN_INVALID_DATA,NA,NA,NA,NA,NA,NA,NA,NA,NA,NA,NA
vector_field,0,ood_8,all,8,NA,8,rk4,uniform,NOT_RUN_INVALID_DATA,NA,NA,NA,NA,NA,NA,NA,NA,NA,NA,NA
vector_field,0,ood_8,all,12,NA,12,heun,uniform,NOT_RUN_INVALID_DATA,NA,NA,NA,NA,NA,NA,NA,NA,NA,NA,NA
vector_field,0,ood_8,all,12,NA,12,rk4,uniform,NOT_RUN_INVALID_DATA,NA,NA,NA,NA,NA,NA,NA,NA,NA,NA,NA
vector_field,0,ood_8,all,16,NA,16,heun,uniform,NOT_RUN_INVALID_DATA,NA,NA,NA,NA,NA,NA,NA,NA,NA,NA,NA
vector_field,0,ood_8,all,16,NA,16,rk4,uniform,NOT_RUN_INVALID_DATA,NA,NA,NA,NA,NA,NA,NA,NA,NA,NA,NA
vector_field,0,ood_8,8,0,NA,0,bypass,none,NOT_RUN_INVALID_DATA,NA,NA,NA,NA,NA,NA,NA,NA,NA,NA,NA
vector_field,0,ood_8,8,3,NA,3,euler,uniform,NOT_RUN_INVALID_DATA,NA,NA,NA,NA,NA,NA,NA,NA,NA,NA,NA
vector_field,0,ood_8,8,4,NA,4,euler,uniform,NOT_RUN_INVALID_DATA,NA,NA,NA,NA,NA,NA,NA,NA,NA,NA,NA
vector_field,0,ood_8,8,5,NA,5,euler,uniform,NOT_RUN_INVALID_DATA,NA,NA,NA,NA,NA,NA,NA,NA,NA,NA,NA
vector_field,0,ood_8,8,7,NA,7,euler,uniform,NOT_RUN_INVALID_DATA,NA,NA,NA,NA,NA,NA,NA,NA,NA,NA,NA
vector_field,0,ood_8,8,8,NA,8,euler,uniform,NOT_RUN_INVALID_DATA,NA,NA,NA,NA,NA,NA,NA,NA,NA,NA,NA
vector_field,0,ood_8,8,12,NA,12,euler,uniform,NOT_RUN_INVALID_DATA,NA,NA,NA,NA,NA,NA,NA,NA,NA,NA,NA
vector_field,0,ood_8,8,16,NA,16,euler,uniform,NOT_RUN_INVALID_DATA,NA,NA,NA,NA,NA,NA,NA,NA,NA,NA,NA
vector_field,0,ood_8,8,3,NA,3,euler,front-loaded,NOT_RUN_INVALID_DATA,NA,NA,NA,NA,NA,NA,NA,NA,NA,NA,NA
vector_field,0,ood_8,8,3,NA,3,euler,back-loaded,NOT_RUN_INVALID_DATA,NA,NA,NA,NA,NA,NA,NA,NA,NA,NA,NA
vector_field,0,ood_8,8,4,NA,4,euler,front-loaded,NOT_RUN_INVALID_DATA,NA,NA,NA,NA,NA,NA,NA,NA,NA,NA,NA
vector_field,0,ood_8,8,4,NA,4,euler,back-loaded,NOT_RUN_INVALID_DATA,NA,NA,NA,NA,NA,NA,NA,NA,NA,NA,NA
vector_field,0,ood_8,8,5,NA,5,euler,front-loaded,NOT_RUN_INVALID_DATA,NA,NA,NA,NA,NA,NA,NA,NA,NA,NA,NA
vector_field,0,ood_8,8,5,NA,5,euler,back-loaded,NOT_RUN_INVALID_DATA,NA,NA,NA,NA,NA,NA,NA,NA,NA,NA,NA
vector_field,0,ood_8,8,7,NA,7,euler,front-loaded,NOT_RUN_INVALID_DATA,NA,NA,NA,NA,NA,NA,NA,NA,NA,NA,NA
vector_field,0,ood_8,8,7,NA,7,euler,back-loaded,NOT_RUN_INVALID_DATA,NA,NA,NA,NA,NA,NA,NA,NA,NA,NA,NA
vector_field,0,ood_8,8,8,NA,8,euler,front-loaded,NOT_RUN_INVALID_DATA,NA,NA,NA,NA,NA,NA,NA,NA,NA,NA,NA
vector_field,0,ood_8,8,8,NA,8,euler,back-loaded,NOT_RUN_INVALID_DATA,NA,NA,NA,NA,NA,NA,NA,NA,NA,NA,NA
vector_field,0,ood_8,8,12,NA,12,euler,front-loaded,NOT_RUN_INVALID_DATA,NA,NA,NA,NA,NA,NA,NA,NA,NA,NA,NA
vector_field,0,ood_8,8,12,NA,12,euler,back-loaded,NOT_RUN_INVALID_DATA,NA,NA,NA,NA,NA,NA,NA,NA,NA,NA,NA
vector_field,0,ood_8,8,16,NA,16,euler,front-loaded,NOT_RUN_INVALID_DATA,NA,NA,NA,NA,NA,NA,NA,NA,NA,NA,NA
vector_field,0,ood_8,8,16,NA,16,euler,back-loaded,NOT_RUN_INVALID_DATA,NA,NA,NA,NA,NA,NA,NA,NA,NA,NA,NA
vector_field,0,ood_8,8,4,NA,4,heun,uniform,NOT_RUN_INVALID_DATA,NA,NA,NA,NA,NA,NA,NA,NA,NA,NA,NA
vector_field,0,ood_8,8,4,NA,4,rk4,uniform,NOT_RUN_INVALID_DATA,NA,NA,NA,NA,NA,NA,NA,NA,NA,NA,NA
vector_field,0,ood_8,8,8,NA,8,heun,uniform,NOT_RUN_INVALID_DATA,NA,NA,NA,NA,NA,NA,NA,NA,NA,NA,NA
vector_field,0,ood_8,8,8,NA,8,rk4,uniform,NOT_RUN_INVALID_DATA,NA,NA,NA,NA,NA,NA,NA,NA,NA,NA,NA
vector_field,0,ood_8,8,12,NA,12,heun,uniform,NOT_RUN_INVALID_DATA,NA,NA,NA,NA,NA,NA,NA,NA,NA,NA,NA
vector_field,0,ood_8,8,12,NA,12,rk4,uniform,NOT_RUN_INVALID_DATA,NA,NA,NA,NA,NA,NA,NA,NA,NA,NA,NA
vector_field,0,ood_8,8,16,NA,16,heun,uniform,NOT_RUN_INVALID_DATA,NA,NA,NA,NA,NA,NA,NA,NA,NA,NA,NA
vector_field,0,ood_8,8,16,NA,16,rk4,uniform,NOT_RUN_INVALID_DATA,NA,NA,NA,NA,NA,NA,NA,NA,NA,NA,NA
vector_field,0,ood_12,all,0,NA,0,bypass,none,NOT_RUN_INVALID_DATA,NA,NA,NA,NA,NA,NA,NA,NA,NA,NA,NA
vector_field,0,ood_12,all,3,NA,3,euler,uniform,NOT_RUN_INVALID_DATA,NA,NA,NA,NA,NA,NA,NA,NA,NA,NA,NA
vector_field,0,ood_12,all,4,NA,4,euler,uniform,NOT_RUN_INVALID_DATA,NA,NA,NA,NA,NA,NA,NA,NA,NA,NA,NA
vector_field,0,ood_12,all,5,NA,5,euler,uniform,NOT_RUN_INVALID_DATA,NA,NA,NA,NA,NA,NA,NA,NA,NA,NA,NA
vector_field,0,ood_12,all,7,NA,7,euler,uniform,NOT_RUN_INVALID_DATA,NA,NA,NA,NA,NA,NA,NA,NA,NA,NA,NA
vector_field,0,ood_12,all,8,NA,8,euler,uniform,NOT_RUN_INVALID_DATA,NA,NA,NA,NA,NA,NA,NA,NA,NA,NA,NA
vector_field,0,ood_12,all,12,NA,12,euler,uniform,NOT_RUN_INVALID_DATA,NA,NA,NA,NA,NA,NA,NA,NA,NA,NA,NA
vector_field,0,ood_12,all,16,NA,16,euler,uniform,NOT_RUN_INVALID_DATA,NA,NA,NA,NA,NA,NA,NA,NA,NA,NA,NA
vector_field,0,ood_12,all,3,NA,3,euler,front-loaded,NOT_RUN_INVALID_DATA,NA,NA,NA,NA,NA,NA,NA,NA,NA,NA,NA
vector_field,0,ood_12,all,3,NA,3,euler,back-loaded,NOT_RUN_INVALID_DATA,NA,NA,NA,NA,NA,NA,NA,NA,NA,NA,NA
vector_field,0,ood_12,all,4,NA,4,euler,front-loaded,NOT_RUN_INVALID_DATA,NA,NA,NA,NA,NA,NA,NA,NA,NA,NA,NA
vector_field,0,ood_12,all,4,NA,4,euler,back-loaded,NOT_RUN_INVALID_DATA,NA,NA,NA,NA,NA,NA,NA,NA,NA,NA,NA
vector_field,0,ood_12,all,5,NA,5,euler,front-loaded,NOT_RUN_INVALID_DATA,NA,NA,NA,NA,NA,NA,NA,NA,NA,NA,NA
vector_field,0,ood_12,all,5,NA,5,euler,back-loaded,NOT_RUN_INVALID_DATA,NA,NA,NA,NA,NA,NA,NA,NA,NA,NA,NA
vector_field,0,ood_12,all,7,NA,7,euler,front-loaded,NOT_RUN_INVALID_DATA,NA,NA,NA,NA,NA,NA,NA,NA,NA,NA,NA
vector_field,0,ood_12,all,7,NA,7,euler,back-loaded,NOT_RUN_INVALID_DATA,NA,NA,NA,NA,NA,NA,NA,NA,NA,NA,NA
vector_field,0,ood_12,all,8,NA,8,euler,front-loaded,NOT_RUN_INVALID_DATA,NA,NA,NA,NA,NA,NA,NA,NA,NA,NA,NA
vector_field,0,ood_12,all,8,NA,8,euler,back-loaded,NOT_RUN_INVALID_DATA,NA,NA,NA,NA,NA,NA,NA,NA,NA,NA,NA
vector_field,0,ood_12,all,12,NA,12,euler,front-loaded,NOT_RUN_INVALID_DATA,NA,NA,NA,NA,NA,NA,NA,NA,NA,NA,NA
vector_field,0,ood_12,all,12,NA,12,euler,back-loaded,NOT_RUN_INVALID_DATA,NA,NA,NA,NA,NA,NA,NA,NA,NA,NA,NA
vector_field,0,ood_12,all,16,NA,16,euler,front-loaded,NOT_RUN_INVALID_DATA,NA,NA,NA,NA,NA,NA,NA,NA,NA,NA,NA
vector_field,0,ood_12,all,16,NA,16,euler,back-loaded,NOT_RUN_INVALID_DATA,NA,NA,NA,NA,NA,NA,NA,NA,NA,NA,NA
vector_field,0,ood_12,all,4,NA,4,heun,uniform,NOT_RUN_INVALID_DATA,NA,NA,NA,NA,NA,NA,NA,NA,NA,NA,NA
vector_field,0,ood_12,all,4,NA,4,rk4,uniform,NOT_RUN_INVALID_DATA,NA,NA,NA,NA,NA,NA,NA,NA,NA,NA,NA
vector_field,0,ood_12,all,8,NA,8,heun,uniform,NOT_RUN_INVALID_DATA,NA,NA,NA,NA,NA,NA,NA,NA,NA,NA,NA
vector_field,0,ood_12,all,8,NA,8,rk4,uniform,NOT_RUN_INVALID_DATA,NA,NA,NA,NA,NA,NA,NA,NA,NA,NA,NA
vector_field,0,ood_12,all,12,NA,12,heun,uniform,NOT_RUN_INVALID_DATA,NA,NA,NA,NA,NA,NA,NA,NA,NA,NA,NA
vector_field,0,ood_12,all,12,NA,12,rk4,uniform,NOT_RUN_INVALID_DATA,NA,NA,NA,NA,NA,NA,NA,NA,NA,NA,NA
vector_field,0,ood_12,all,16,NA,16,heun,uniform,NOT_RUN_INVALID_DATA,NA,NA,NA,NA,NA,NA,NA,NA,NA,NA,NA
vector_field,0,ood_12,all,16,NA,16,rk4,uniform,NOT_RUN_INVALID_DATA,NA,NA,NA,NA,NA,NA,NA,NA,NA,NA,NA
vector_field,0,ood_12,12,0,NA,0,bypass,none,NOT_RUN_INVALID_DATA,NA,NA,NA,NA,NA,NA,NA,NA,NA,NA,NA
vector_field,0,ood_12,12,3,NA,3,euler,uniform,NOT_RUN_INVALID_DATA,NA,NA,NA,NA,NA,NA,NA,NA,NA,NA,NA
vector_field,0,ood_12,12,4,NA,4,euler,uniform,NOT_RUN_INVALID_DATA,NA,NA,NA,NA,NA,NA,NA,NA,NA,NA,NA
vector_field,0,ood_12,12,5,NA,5,euler,uniform,NOT_RUN_INVALID_DATA,NA,NA,NA,NA,NA,NA,NA,NA,NA,NA,NA
vector_field,0,ood_12,12,7,NA,7,euler,uniform,NOT_RUN_INVALID_DATA,NA,NA,NA,NA,NA,NA,NA,NA,NA,NA,NA
vector_field,0,ood_12,12,8,NA,8,euler,uniform,NOT_RUN_INVALID_DATA,NA,NA,NA,NA,NA,NA,NA,NA,NA,NA,NA
vector_field,0,ood_12,12,12,NA,12,euler,uniform,NOT_RUN_INVALID_DATA,NA,NA,NA,NA,NA,NA,NA,NA,NA,NA,NA
vector_field,0,ood_12,12,16,NA,16,euler,uniform,NOT_RUN_INVALID_DATA,NA,NA,NA,NA,NA,NA,NA,NA,NA,NA,NA
vector_field,0,ood_12,12,3,NA,3,euler,front-loaded,NOT_RUN_INVALID_DATA,NA,NA,NA,NA,NA,NA,NA,NA,NA,NA,NA
vector_field,0,ood_12,12,3,NA,3,euler,back-loaded,NOT_RUN_INVALID_DATA,NA,NA,NA,NA,NA,NA,NA,NA,NA,NA,NA
vector_field,0,ood_12,12,4,NA,4,euler,front-loaded,NOT_RUN_INVALID_DATA,NA,NA,NA,NA,NA,NA,NA,NA,NA,NA,NA
vector_field,0,ood_12,12,4,NA,4,euler,back-loaded,NOT_RUN_INVALID_DATA,NA,NA,NA,NA,NA,NA,NA,NA,NA,NA,NA
vector_field,0,ood_12,12,5,NA,5,euler,front-loaded,NOT_RUN_INVALID_DATA,NA,NA,NA,NA,NA,NA,NA,NA,NA,NA,NA
vector_field,0,ood_12,12,5,NA,5,euler,back-loaded,NOT_RUN_INVALID_DATA,NA,NA,NA,NA,NA,NA,NA,NA,NA,NA,NA
vector_field,0,ood_12,12,7,NA,7,euler,front-loaded,NOT_RUN_INVALID_DATA,NA,NA,NA,NA,NA,NA,NA,NA,NA,NA,NA
vector_field,0,ood_12,12,7,NA,7,euler,back-loaded,NOT_RUN_INVALID_DATA,NA,NA,NA,NA,NA,NA,NA,NA,NA,NA,NA
vector_field,0,ood_12,12,8,NA,8,euler,front-loaded,NOT_RUN_INVALID_DATA,NA,NA,NA,NA,NA,NA,NA,NA,NA,NA,NA
vector_field,0,ood_12,12,8,NA,8,euler,back-loaded,NOT_RUN_INVALID_DATA,NA,NA,NA,NA,NA,NA,NA,NA,NA,NA,NA
vector_field,0,ood_12,12,12,NA,12,euler,front-loaded,NOT_RUN_INVALID_DATA,NA,NA,NA,NA,NA,NA,NA,NA,NA,NA,NA
vector_field,0,ood_12,12,12,NA,12,euler,back-loaded,NOT_RUN_INVALID_DATA,NA,NA,NA,NA,NA,NA,NA,NA,NA,NA,NA
vector_field,0,ood_12,12,16,NA,16,euler,front-loaded,NOT_RUN_INVALID_DATA,NA,NA,NA,NA,NA,NA,NA,NA,NA,NA,NA
vector_field,0,ood_12,12,16,NA,16,euler,back-loaded,NOT_RUN_INVALID_DATA,NA,NA,NA,NA,NA,NA,NA,NA,NA,NA,NA
vector_field,0,ood_12,12,4,NA,4,heun,uniform,NOT_RUN_INVALID_DATA,NA,NA,NA,NA,NA,NA,NA,NA,NA,NA,NA
vector_field,0,ood_12,12,4,NA,4,rk4,uniform,NOT_RUN_INVALID_DATA,NA,NA,NA,NA,NA,NA,NA,NA,NA,NA,NA
vector_field,0,ood_12,12,8,NA,8,heun,uniform,NOT_RUN_INVALID_DATA,NA,NA,NA,NA,NA,NA,NA,NA,NA,NA,NA
vector_field,0,ood_12,12,8,NA,8,rk4,uniform,NOT_RUN_INVALID_DATA,NA,NA,NA,NA,NA,NA,NA,NA,NA,NA,NA
vector_field,0,ood_12,12,12,NA,12,heun,uniform,NOT_RUN_INVALID_DATA,NA,NA,NA,NA,NA,NA,NA,NA,NA,NA,NA
vector_field,0,ood_12,12,12,NA,12,rk4,uniform,NOT_RUN_INVALID_DATA,NA,NA,NA,NA,NA,NA,NA,NA,NA,NA,NA
vector_field,0,ood_12,12,16,NA,16,heun,uniform,NOT_RUN_INVALID_DATA,NA,NA,NA,NA,NA,NA,NA,NA,NA,NA,NA
vector_field,0,ood_12,12,16,NA,16,rk4,uniform,NOT_RUN_INVALID_DATA,NA,NA,NA,NA,NA,NA,NA,NA,NA,NA,NA
