model,D,K,split,correct,total,accuracy
grounded,2,1,ID,15,750,0.02
grounded,2,2,ID,745,750,0.9933333333333333
grounded,2,3,ID,744,750,0.992
grounded,2,4,ID,742,750,0.9893333333333333
grounded,2,5,ID,741,750,0.988
grounded,2,6,ID,741,750,0.988
grounded,2,8,ID,741,750,0.988
grounded,2,10,ID,740,750,0.9866666666666667
grounded,2,12,ID,737,750,0.9826666666666667
grounded,2,16,ID,707,750,0.9426666666666667
grounded,2,20,ID,570,750,0.76
grounded,2,24,ID,410,750,0.5466666666666666
grounded,3,1,ID,6,750,0.008
grounded,3,2,ID,8,750,0.010666666666666666
grounded,3,3,ID,748,750,0.9973333333333333
grounded,3,4,ID,749,750,0.9986666666666667
grounded,3,5,ID,749,750,0.9986666666666667
grounded,3,6,ID,749,750,0.9986666666666667
grounded,3,8,ID,747,750,0.996
grounded,3,10,ID,747,750,0.996
grounded,3,12,ID,745,750,0.9933333333333333
grounded,3,16,ID,725,750,0.9666666666666667
grounded,3,20,ID,647,750,0.8626666666666667
grounded,3,24,ID,481,750,0.6413333333333333
grounded,4,1,ID,4,750,0.005333333333333333
grounded,4,2,ID,5,750,0.006666666666666667
grounded,4,3,ID,8,750,0.010666666666666666
grounded,4,4,ID,748,750,0.9973333333333333
grounded,4,5,ID,746,750,0.9946666666666667
grounded,4,6,ID,745,750,0.9933333333333333
grounded,4,8,ID,734,750,0.9786666666666667
grounded,4,10,ID,724,750,0.9653333333333334
grounded,4,12,ID,706,750,0.9413333333333334
grounded,4,16,ID,612,750,0.816
grounded,4,20,ID,460,750,0.6133333333333333
grounded,4,24,ID,289,750,0.38533333333333336
grounded,5,1,ID,3,750,0.004
grounded,5,2,ID,6,750,0.008
grounded,5,3,ID,4,750,0.005333333333333333
grounded,5,4,ID,3,750,0.004
grounded,5,5,ID,721,750,0.9613333333333334
grounded,5,6,ID,662,750,0.8826666666666667
grounded,5,8,ID,594,750,0.792
grounded,5,10,ID,501,750,0.668
grounded,5,12,ID,384,750,0.512
grounded,5,16,ID,192,750,0.256
grounded,5,20,ID,96,750,0.128
grounded,5,24,ID,48,750,0.064
grounded,6,1,ID,2,750,0.0026666666666666666
grounded,6,2,ID,2,750,0.0026666666666666666
grounded,6,3,ID,8,750,0.010666666666666666
grounded,6,4,ID,6,750,0.008
grounded,6,5,ID,2,750,0.0026666666666666666
grounded,6,6,ID,444,750,0.592
grounded,6,8,ID,237,750,0.316
grounded,6,10,ID,116,750,0.15466666666666667
grounded,6,12,ID,42,750,0.056
grounded,6,16,ID,14,750,0.018666666666666668
grounded,6,20,ID,9,750,0.012
grounded,6,24,ID,9,750,0.012
grounded,8,1,OOD,7,750,0.009333333333333334
grounded,8,2,OOD,1,750,0.0013333333333333333
grounded,8,3,OOD,3,750,0.004
grounded,8,4,OOD,4,750,0.005333333333333333
grounded,8,5,OOD,4,750,0.005333333333333333
grounded,8,6,OOD,5,750,0.006666666666666667
grounded,8,8,OOD,4,750,0.005333333333333333
grounded,8,10,OOD,3,750,0.004
grounded,8,12,OOD,2,750,0.0026666666666666666
grounded,8,16,OOD,5,750,0.006666666666666667
grounded,8,20,OOD,4,750,0.005333333333333333
grounded,8,24,OOD,4,750,0.005333333333333333
grounded,10,1,OOD,3,750,0.004
grounded,10,2,OOD,5,750,0.006666666666666667
grounded,10,3,OOD,1,750,0.0013333333333333333
grounded,10,4,OOD,3,750,0.004
grounded,10,5,OOD,5,750,0.006666666666666667
grounded,10,6,OOD,6,750,0.008
grounded,10,8,OOD,5,750,0.006666666666666667
grounded,10,10,OOD,3,750,0.004
grounded,10,12,OOD,2,750,0.0026666666666666666
grounded,10,16,OOD,1,750,0.0013333333333333333
grounded,10,20,OOD,2,750,0.0026666666666666666
grounded,10,24,OOD,0,750,0.0
grounded,12,1,OOD,2,750,0.0026666666666666666
grounded,12,2,OOD,2,750,0.0026666666666666666
grounded,12,3,OOD,3,750,0.004
grounded,12,4,OOD,1,750,0.0013333333333333333
grounded,12,5,OOD,4,750,0.005333333333333333
grounded,12,6,OOD,4,750,0.005333333333333333
grounded,12,8,OOD,4,750,0.005333333333333333
grounded,12,10,OOD,6,750,0.008
grounded,12,12,OOD,6,750,0.008
grounded,12,16,OOD,3,750,0.004
grounded,12,20,OOD,1,750,0.0013333333333333333
grounded,12,24,OOD,0,750,0.0
grounded,16,1,OOD,4,750,0.005333333333333333
grounded,16,2,OOD,2,750,0.0026666666666666666
grounded,16,3,OOD,2,750,0.0026666666666666666
grounded,16,4,OOD,8,750,0.010666666666666666
grounded,16,5,OOD,3,750,0.004
grounded,16,6,OOD,5,750,0.006666666666666667
grounded,16,8,OOD,2,750,0.0026666666666666666
grounded,16,10,OOD,0,750,0.0
grounded,16,12,OOD,2,750,0.0026666666666666666
grounded,16,16,OOD,4,750,0.005333333333333333
grounded,16,20,OOD,3,750,0.004
grounded,16,24,OOD,0,750,0.0
grounded,20,1,OOD,3,750,0.004
grounded,20,2,OOD,3,750,0.004
grounded,20,3,OOD,1,750,0.0013333333333333333
grounded,20,4,OOD,2,750,0.0026666666666666666
grounded,20,5,OOD,3,750,0.004
grounded,20,6,OOD,2,750,0.0026666666666666666
grounded,20,8,OOD,4,750,0.005333333333333333
grounded,20,10,OOD,5,750,0.006666666666666667
grounded,20,12,OOD,2,750,0.0026666666666666666
grounded,20,16,OOD,2,750,0.0026666666666666666
grounded,20,20,OOD,1,750,0.0013333333333333333
grounded,20,24,OOD,0,750,0.0
