step,D,K,correct,total,accuracy
0,2,5,682,750,0.9093333333333333
0,3,5,393,750,0.524
0,4,5,139,750,0.18533333333333332
0,5,5,87,750,0.116
0,6,5,70,750,0.09333333333333334
500,2,5,750,750,1.0
500,3,5,750,750,1.0
500,4,5,748,750,0.9973333333333333
500,5,5,746,750,0.9946666666666667
500,6,5,659,750,0.8786666666666667
1000,2,5,750,750,1.0
1000,3,5,750,750,1.0
1000,4,5,748,750,0.9973333333333333
1000,5,5,746,750,0.9946666666666667
1000,6,5,672,750,0.896
2000,2,5,750,750,1.0
2000,3,5,750,750,1.0
2000,4,5,748,750,0.9973333333333333
2000,5,5,747,750,0.996
2000,6,5,677,750,0.9026666666666666
5000,2,5,750,750,1.0
5000,3,5,750,750,1.0
5000,4,5,748,750,0.9973333333333333
5000,5,5,747,750,0.996
5000,6,5,687,750,0.916
