model,D,K,correct,total,accuracy,drop_vs_pretrained
pretrained,2,5,682,750,0.9093333333333333,0.0
pretrained,3,5,393,750,0.524,0.0
pretrained,4,5,139,750,0.18533333333333332,0.0
pretrained,5,5,87,750,0.116,0.0
pretrained,6,5,70,750,0.09333333333333334,0.0
pretrained,macro,5,,3750,0.36560000000000004,0.0
final_only,2,5,750,750,1.0,-0.09066666666666667
final_only,3,5,750,750,1.0,-0.476
final_only,4,5,748,750,0.9973333333333333,-0.8119999999999999
final_only,5,5,747,750,0.996,-0.88
final_only,6,5,687,750,0.916,-0.8226666666666667
final_only,macro,5,,3750,0.9818666666666667,-0.6162666666666666
grounded,2,5,741,750,0.988,-0.07866666666666666
grounded,3,5,749,750,0.9986666666666667,-0.4746666666666667
grounded,4,5,746,750,0.9946666666666667,-0.8093333333333333
grounded,5,5,721,750,0.9613333333333334,-0.8453333333333334
grounded,6,5,2,750,0.0026666666666666666,0.09066666666666667
grounded,macro,5,,3750,0.7890666666666667,-0.42346666666666666
