model,D,k,K,regime,control,stratum,n,cf_target_count,cf_target_rate,original_retention_rate,preservation_rate,cf_trajectory_correct,cf_trajectory_total,cf_trajectory_accuracy
pretrained,3,2,6,main,counterfactual,all,200,0,0.0,0.0,0.775,2,200,0.01
pretrained,3,2,6,main,counterfactual,original_correct,39,0,0.0,0.0,0.0,0,39,0.0
pretrained,3,2,6,main,counterfactual,original_incorrect,161,0,0.0,0.0,0.9627329192546584,2,161,0.012422360248447204
pretrained,3,2,6,main,same_state,all,200,0,0.0,0.0,0.785,1,200,0.005
pretrained,3,2,6,main,same_state,original_correct,39,0,0.0,0.0,0.0,1,39,0.02564102564102564
pretrained,3,2,6,main,same_state,original_incorrect,161,0,0.0,0.0,0.9751552795031055,0,161,0.0
pretrained,3,2,6,main,noise,all,200,1,0.005,0.005,0.005,0,200,0.0
pretrained,3,2,6,main,noise,original_correct,39,1,0.02564102564102564,0.02564102564102564,0.02564102564102564,0,39,0.0
pretrained,3,2,6,main,noise,original_incorrect,161,0,0.0,0.0,0.0,0,161,0.0
pretrained,3,2,7,extra,counterfactual,all,200,0,0.0,0.0,0.89,2,200,0.01
pretrained,3,2,7,extra,counterfactual,original_correct,19,0,0.0,0.0,0.0,0,19,0.0
pretrained,3,2,7,extra,counterfactual,original_incorrect,181,0,0.0,0.0,0.9834254143646409,2,181,0.011049723756906077
pretrained,3,2,7,extra,same_state,all,200,0,0.0,0.0,0.895,1,200,0.005
pretrained,3,2,7,extra,same_state,original_correct,19,0,0.0,0.0,0.0,0,19,0.0
pretrained,3,2,7,extra,same_state,original_incorrect,181,0,0.0,0.0,0.988950276243094,1,181,0.0055248618784530384
pretrained,3,2,7,extra,noise,all,200,1,0.005,0.005,0.005,0,200,0.0
pretrained,3,2,7,extra,noise,original_correct,19,0,0.0,0.05263157894736842,0.05263157894736842,0,19,0.0
pretrained,3,2,7,extra,noise,original_incorrect,181,1,0.0055248618784530384,0.0,0.0,0,181,0.0
pretrained,4,2,6,main,counterfactual,all,200,0,0.0,0.0,0.945,3,400,0.0075
pretrained,4,2,6,main,counterfactual,original_correct,10,0,0.0,0.0,0.0,0,20,0.0
pretrained,4,2,6,main,counterfactual,original_incorrect,190,0,0.0,0.0,0.9947368421052631,3,380,0.007894736842105263
pretrained,4,2,6,main,same_state,all,200,0,0.0,0.0,0.935,2,400,0.005
pretrained,4,2,6,main,same_state,original_correct,10,0,0.0,0.0,0.0,0,20,0.0
pretrained,4,2,6,main,same_state,original_incorrect,190,0,0.0,0.0,0.9842105263157894,2,380,0.005263157894736842
pretrained,4,2,6,main,noise,all,200,0,0.0,0.0,0.0,2,400,0.005
pretrained,4,2,6,main,noise,original_correct,10,0,0.0,0.0,0.0,0,20,0.0
pretrained,4,2,6,main,noise,original_incorrect,190,0,0.0,0.0,0.0,2,380,0.005263157894736842
pretrained,4,2,8,extra,counterfactual,all,200,0,0.0,0.0,0.995,3,400,0.0075
pretrained,4,2,8,extra,counterfactual,original_correct,1,0,0.0,0.0,0.0,0,2,0.0
pretrained,4,2,8,extra,counterfactual,original_incorrect,199,0,0.0,0.0,1.0,3,398,0.007537688442211055
pretrained,4,2,8,extra,same_state,all,200,0,0.0,0.0,0.995,2,400,0.005
pretrained,4,2,8,extra,same_state,original_correct,1,0,0.0,0.0,0.0,0,2,0.0
pretrained,4,2,8,extra,same_state,original_incorrect,199,0,0.0,0.0,1.0,2,398,0.005025125628140704
pretrained,4,2,8,extra,noise,all,200,0,0.0,0.0,0.025,2,400,0.005
pretrained,4,2,8,extra,noise,original_correct,1,0,0.0,0.0,0.0,0,2,0.0
pretrained,4,2,8,extra,noise,original_incorrect,199,0,0.0,0.0,0.02512562814070352,2,398,0.005025125628140704
pretrained,5,2,6,main,counterfactual,all,200,0,0.0,0.0,0.965,1,600,0.0016666666666666668
pretrained,5,2,6,main,counterfactual,original_correct,6,0,0.0,0.0,0.0,0,18,0.0
pretrained,5,2,6,main,counterfactual,original_incorrect,194,0,0.0,0.0,0.9948453608247423,1,582,0.001718213058419244
pretrained,5,2,6,main,same_state,all,200,0,0.0,0.0,0.95,6,600,0.01
pretrained,5,2,6,main,same_state,original_correct,6,0,0.0,0.0,0.0,0,18,0.0
pretrained,5,2,6,main,same_state,original_incorrect,194,0,0.0,0.0,0.979381443298969,6,582,0.010309278350515464
pretrained,5,2,6,main,noise,all,200,2,0.01,0.0,0.0,3,600,0.005
pretrained,5,2,6,main,noise,original_correct,6,0,0.0,0.0,0.0,0,18,0.0
pretrained,5,2,6,main,noise,original_incorrect,194,2,0.010309278350515464,0.0,0.0,3,582,0.005154639175257732
pretrained,5,2,9,extra,counterfactual,all,200,0,0.0,0.0,1.0,1,600,0.0016666666666666668
pretrained,5,2,9,extra,counterfactual,original_correct,0,0,,,,0,0,
pretrained,5,2,9,extra,counterfactual,original_incorrect,200,0,0.0,0.0,1.0,1,600,0.0016666666666666668
pretrained,5,2,9,extra,same_state,all,200,0,0.0,0.0,1.0,6,600,0.01
pretrained,5,2,9,extra,same_state,original_correct,0,0,,,,0,0,
pretrained,5,2,9,extra,same_state,original_incorrect,200,0,0.0,0.0,1.0,6,600,0.01
pretrained,5,2,9,extra,noise,all,200,3,0.015,0.0,0.08,3,600,0.005
pretrained,5,2,9,extra,noise,original_correct,0,0,,,,0,0,
pretrained,5,2,9,extra,noise,original_incorrect,200,3,0.015,0.0,0.08,3,600,0.005
pretrained,5,4,6,main,counterfactual,all,200,1,0.005,0.0,0.825,3,200,0.015
pretrained,5,4,6,main,counterfactual,original_correct,4,0,0.0,0.0,0.0,0,4,0.0
pretrained,5,4,6,main,counterfactual,original_incorrect,196,1,0.00510204081632653,0.0,0.8418367346938775,3,196,0.015306122448979591
pretrained,5,4,6,main,same_state,all,200,0,0.0,0.0,0.865,3,200,0.015
pretrained,5,4,6,main,same_state,original_correct,4,0,0.0,0.0,0.0,0,4,0.0
pretrained,5,4,6,main,same_state,original_incorrect,196,0,0.0,0.0,0.8826530612244898,3,196,0.015306122448979591
pretrained,5,4,6,main,noise,all,200,0,0.0,0.005,0.0,0,200,0.0
pretrained,5,4,6,main,noise,original_correct,4,0,0.0,0.0,0.0,0,4,0.0
pretrained,5,4,6,main,noise,original_incorrect,196,0,0.0,0.00510204081632653,0.0,0,196,0.0
pretrained,5,4,9,extra,counterfactual,all,200,0,0.0,0.0,0.985,3,200,0.015
pretrained,5,4,9,extra,counterfactual,original_correct,0,0,,,,0,0,
pretrained,5,4,9,extra,counterfactual,original_incorrect,200,0,0.0,0.0,0.985,3,200,0.015
pretrained,5,4,9,extra,same_state,all,200,0,0.0,0.0,1.0,3,200,0.015
pretrained,5,4,9,extra,same_state,original_correct,0,0,,,,0,0,
pretrained,5,4,9,extra,same_state,original_incorrect,200,0,0.0,0.0,1.0,3,200,0.015
pretrained,5,4,9,extra,noise,all,200,1,0.005,0.0,0.0,0,200,0.0
pretrained,5,4,9,extra,noise,original_correct,0,0,,,,0,0,
pretrained,5,4,9,extra,noise,original_incorrect,200,1,0.005,0.0,0.0,0,200,0.0
pretrained,6,2,6,main,counterfactual,all,200,0,0.0,0.0,0.68,4,800,0.005
pretrained,6,2,6,main,counterfactual,original_correct,11,0,0.0,0.0,0.0,0,44,0.0
pretrained,6,2,6,main,counterfactual,original_incorrect,189,0,0.0,0.0,0.7195767195767195,4,756,0.005291005291005291
pretrained,6,2,6,main,same_state,all,200,0,0.0,0.0,0.68,4,800,0.005
pretrained,6,2,6,main,same_state,original_correct,11,0,0.0,0.0,0.0,0,44,0.0
pretrained,6,2,6,main,same_state,original_incorrect,189,0,0.0,0.0,0.7195767195767195,4,756,0.005291005291005291
pretrained,6,2,6,main,noise,all,200,0,0.0,0.02,0.005,0,800,0.0
pretrained,6,2,6,main,noise,original_correct,11,0,0.0,0.0,0.0,0,44,0.0
pretrained,6,2,6,main,noise,original_incorrect,189,0,0.0,0.021164021164021163,0.005291005291005291,0,756,0.0
pretrained,6,2,10,extra,counterfactual,all,200,0,0.0,0.0,1.0,4,800,0.005
pretrained,6,2,10,extra,counterfactual,original_correct,0,0,,,,0,0,
pretrained,6,2,10,extra,counterfactual,original_incorrect,200,0,0.0,0.0,1.0,4,800,0.005
pretrained,6,2,10,extra,same_state,all,200,0,0.0,0.0,1.0,4,800,0.005
pretrained,6,2,10,extra,same_state,original_correct,0,0,,,,0,0,
pretrained,6,2,10,extra,same_state,original_incorrect,200,0,0.0,0.0,1.0,4,800,0.005
pretrained,6,2,10,extra,noise,all,200,1,0.005,0.01,0.225,0,800,0.0
pretrained,6,2,10,extra,noise,original_correct,0,0,,,,0,0,
pretrained,6,2,10,extra,noise,original_incorrect,200,1,0.005,0.01,0.225,0,800,0.0
pretrained,6,4,6,main,counterfactual,all,200,0,0.0,0.0,0.59,0,400,0.0
pretrained,6,4,6,main,counterfactual,original_correct,10,0,0.0,0.0,0.0,0,20,0.0
pretrained,6,4,6,main,counterfactual,original_incorrect,190,0,0.0,0.0,0.6210526315789474,0,380,0.0
pretrained,6,4,6,main,same_state,all,200,0,0.0,0.0,0.565,1,400,0.0025
pretrained,6,4,6,main,same_state,original_correct,10,0,0.0,0.0,0.0,0,20,0.0
pretrained,6,4,6,main,same_state,original_incorrect,190,0,0.0,0.0,0.5947368421052631,1,380,0.002631578947368421
pretrained,6,4,6,main,noise,all,200,0,0.0,0.005,0.0,3,400,0.0075
pretrained,6,4,6,main,noise,original_correct,10,0,0.0,0.0,0.0,0,20,0.0
pretrained,6,4,6,main,noise,original_incorrect,190,0,0.0,0.005263157894736842,0.0,3,380,0.007894736842105263
pretrained,6,4,10,extra,counterfactual,all,200,0,0.0,0.0,1.0,0,400,0.0
pretrained,6,4,10,extra,counterfactual,original_correct,0,0,,,,0,0,
pretrained,6,4,10,extra,counterfactual,original_incorrect,200,0,0.0,0.0,1.0,0,400,0.0
pretrained,6,4,10,extra,same_state,all,200,0,0.0,0.0,0.995,1,400,0.0025
pretrained,6,4,10,extra,same_state,original_correct,0,0,,,,0,0,
pretrained,6,4,10,extra,same_state,original_incorrect,200,0,0.0,0.0,0.995,1,400,0.0025
pretrained,6,4,10,extra,noise,all,200,2,0.01,0.005,0.0,3,400,0.0075
pretrained,6,4,10,extra,noise,original_correct,0,0,,,,0,0,
pretrained,6,4,10,extra,noise,original_incorrect,200,2,0.01,0.005,0.0,3,400,0.0075
pretrained,8,2,8,main,counterfactual,all,200,0,0.0,0.0,1.0,3,1200,0.0025
pretrained,8,2,8,main,counterfactual,original_correct,0,0,,,,0,0,
pretrained,8,2,8,main,counterfactual,original_incorrect,200,0,0.0,0.0,1.0,3,1200,0.0025
pretrained,8,2,8,main,same_state,all,200,0,0.0,0.0,1.0,0,1200,0.0
pretrained,8,2,8,main,same_state,original_correct,0,0,,,,0,0,
pretrained,8,2,8,main,same_state,original_incorrect,200,0,0.0,0.0,1.0,0,1200,0.0
pretrained,8,2,8,main,noise,all,200,1,0.005,0.0,0.015,9,1200,0.0075
pretrained,8,2,8,main,noise,original_correct,0,0,,,,0,0,
pretrained,8,2,8,main,noise,original_incorrect,200,1,0.005,0.0,0.015,9,1200,0.0075
pretrained,8,2,12,extra,counterfactual,all,200,0,0.0,0.0,1.0,3,1200,0.0025
pretrained,8,2,12,extra,counterfactual,original_correct,0,0,,,,0,0,
pretrained,8,2,12,extra,counterfactual,original_incorrect,200,0,0.0,0.0,1.0,3,1200,0.0025
pretrained,8,2,12,extra,same_state,all,200,0,0.0,0.0,1.0,0,1200,0.0
pretrained,8,2,12,extra,same_state,original_correct,0,0,,,,0,0,
pretrained,8,2,12,extra,same_state,original_incorrect,200,0,0.0,0.0,1.0,0,1200,0.0
pretrained,8,2,12,extra,noise,all,200,1,0.005,0.0,0.64,9,1200,0.0075
pretrained,8,2,12,extra,noise,original_correct,0,0,,,,0,0,
pretrained,8,2,12,extra,noise,original_incorrect,200,1,0.005,0.0,0.64,9,1200,0.0075
pretrained,8,4,8,main,counterfactual,all,200,0,0.0,0.0,0.99,1,800,0.00125
pretrained,8,4,8,main,counterfactual,original_correct,0,0,,,,0,0,
pretrained,8,4,8,main,counterfactual,original_incorrect,200,0,0.0,0.0,0.99,1,800,0.00125
pretrained,8,4,8,main,same_state,all,200,0,0.0,0.0,0.98,1,800,0.00125
pretrained,8,4,8,main,same_state,original_correct,0,0,,,,0,0,
pretrained,8,4,8,main,same_state,original_incorrect,200,0,0.0,0.0,0.98,1,800,0.00125
pretrained,8,4,8,main,noise,all,200,0,0.0,0.015,0.0,1,800,0.00125
pretrained,8,4,8,main,noise,original_correct,0,0,,,,0,0,
pretrained,8,4,8,main,noise,original_incorrect,200,0,0.0,0.015,0.0,1,800,0.00125
pretrained,8,4,12,extra,counterfactual,all,200,0,0.0,0.0,1.0,1,800,0.00125
pretrained,8,4,12,extra,counterfactual,original_correct,0,0,,,,0,0,
pretrained,8,4,12,extra,counterfactual,original_incorrect,200,0,0.0,0.0,1.0,1,800,0.00125
pretrained,8,4,12,extra,same_state,all,200,0,0.0,0.0,1.0,1,800,0.00125
pretrained,8,4,12,extra,same_state,original_correct,0,0,,,,0,0,
pretrained,8,4,12,extra,same_state,original_incorrect,200,0,0.0,0.0,1.0,1,800,0.00125
pretrained,8,4,12,extra,noise,all,200,0,0.0,0.02,0.0,1,800,0.00125
pretrained,8,4,12,extra,noise,original_correct,0,0,,,,0,0,
pretrained,8,4,12,extra,noise,original_incorrect,200,0,0.0,0.02,0.0,1,800,0.00125
pretrained,10,2,10,main,counterfactual,all,200,0,0.0,0.0,1.0,2,1600,0.00125
pretrained,10,2,10,main,counterfactual,original_correct,0,0,,,,0,0,
pretrained,10,2,10,main,counterfactual,original_incorrect,200,0,0.0,0.0,1.0,2,1600,0.00125
pretrained,10,2,10,main,same_state,all,200,0,0.0,0.0,1.0,3,1600,0.001875
pretrained,10,2,10,main,same_state,original_correct,0,0,,,,0,0,
pretrained,10,2,10,main,same_state,original_incorrect,200,0,0.0,0.0,1.0,3,1600,0.001875
pretrained,10,2,10,main,noise,all,200,2,0.01,0.0,0.26,9,1600,0.005625
pretrained,10,2,10,main,noise,original_correct,0,0,,,,0,0,
pretrained,10,2,10,main,noise,original_incorrect,200,2,0.01,0.0,0.26,9,1600,0.005625
pretrained,10,2,14,extra,counterfactual,all,200,0,0.0,0.0,1.0,2,1600,0.00125
pretrained,10,2,14,extra,counterfactual,original_correct,0,0,,,,0,0,
pretrained,10,2,14,extra,counterfactual,original_incorrect,200,0,0.0,0.0,1.0,2,1600,0.00125
pretrained,10,2,14,extra,same_state,all,200,0,0.0,0.0,1.0,3,1600,0.001875
pretrained,10,2,14,extra,same_state,original_correct,0,0,,,,0,0,
pretrained,10,2,14,extra,same_state,original_incorrect,200,0,0.0,0.0,1.0,3,1600,0.001875
pretrained,10,2,14,extra,noise,all,200,1,0.005,0.0,0.865,9,1600,0.005625
pretrained,10,2,14,extra,noise,original_correct,0,0,,,,0,0,
pretrained,10,2,14,extra,noise,original_incorrect,200,1,0.005,0.0,0.865,9,1600,0.005625
pretrained,10,4,10,main,counterfactual,all,200,0,0.0,0.0,0.99,1,1200,0.0008333333333333334
pretrained,10,4,10,main,counterfactual,original_correct,0,0,,,,0,0,
pretrained,10,4,10,main,counterfactual,original_incorrect,200,0,0.0,0.0,0.99,1,1200,0.0008333333333333334
pretrained,10,4,10,main,same_state,all,200,0,0.0,0.0,0.995,0,1200,0.0
pretrained,10,4,10,main,same_state,original_correct,0,0,,,,0,0,
pretrained,10,4,10,main,same_state,original_incorrect,200,0,0.0,0.0,0.995,0,1200,0.0
pretrained,10,4,10,main,noise,all,200,2,0.01,0.005,0.0,5,1200,0.004166666666666667
pretrained,10,4,10,main,noise,original_correct,0,0,,,,0,0,
pretrained,10,4,10,main,noise,original_incorrect,200,2,0.01,0.005,0.0,5,1200,0.004166666666666667
pretrained,10,4,14,extra,counterfactual,all,200,0,0.0,0.0,1.0,1,1200,0.0008333333333333334
pretrained,10,4,14,extra,counterfactual,original_correct,0,0,,,,0,0,
pretrained,10,4,14,extra,counterfactual,original_incorrect,200,0,0.0,0.0,1.0,1,1200,0.0008333333333333334
pretrained,10,4,14,extra,same_state,all,200,0,0.0,0.0,1.0,0,1200,0.0
pretrained,10,4,14,extra,same_state,original_correct,0,0,,,,0,0,
pretrained,10,4,14,extra,same_state,original_incorrect,200,0,0.0,0.0,1.0,0,1200,0.0
pretrained,10,4,14,extra,noise,all,200,2,0.01,0.01,0.0,5,1200,0.004166666666666667
pretrained,10,4,14,extra,noise,original_correct,0,0,,,,0,0,
pretrained,10,4,14,extra,noise,original_incorrect,200,2,0.01,0.01,0.0,5,1200,0.004166666666666667
pretrained,12,2,12,main,counterfactual,all,200,0,0.0,0.0,1.0,0,2000,0.0
pretrained,12,2,12,main,counterfactual,original_correct,0,0,,,,0,0,
pretrained,12,2,12,main,counterfactual,original_incorrect,200,0,0.0,0.0,1.0,0,2000,0.0
pretrained,12,2,12,main,same_state,all,200,0,0.0,0.0,1.0,1,2000,0.0005
pretrained,12,2,12,main,same_state,original_correct,0,0,,,,0,0,
pretrained,12,2,12,main,same_state,original_incorrect,200,0,0.0,0.0,1.0,1,2000,0.0005
pretrained,12,2,12,main,noise,all,200,0,0.0,0.0,0.605,5,2000,0.0025
pretrained,12,2,12,main,noise,original_correct,0,0,,,,0,0,
pretrained,12,2,12,main,noise,original_incorrect,200,0,0.0,0.0,0.605,5,2000,0.0025
pretrained,12,2,16,extra,counterfactual,all,200,0,0.0,0.0,1.0,0,2000,0.0
pretrained,12,2,16,extra,counterfactual,original_correct,0,0,,,,0,0,
pretrained,12,2,16,extra,counterfactual,original_incorrect,200,0,0.0,0.0,1.0,0,2000,0.0
pretrained,12,2,16,extra,same_state,all,200,0,0.0,0.0,1.0,1,2000,0.0005
pretrained,12,2,16,extra,same_state,original_correct,0,0,,,,0,0,
pretrained,12,2,16,extra,same_state,original_incorrect,200,0,0.0,0.0,1.0,1,2000,0.0005
pretrained,12,2,16,extra,noise,all,200,0,0.0,0.0,0.92,5,2000,0.0025
pretrained,12,2,16,extra,noise,original_correct,0,0,,,,0,0,
pretrained,12,2,16,extra,noise,original_incorrect,200,0,0.0,0.0,0.92,5,2000,0.0025
pretrained,12,4,12,main,counterfactual,all,200,0,0.0,0.0,1.0,0,1600,0.0
pretrained,12,4,12,main,counterfactual,original_correct,0,0,,,,0,0,
pretrained,12,4,12,main,counterfactual,original_incorrect,200,0,0.0,0.0,1.0,0,1600,0.0
pretrained,12,4,12,main,same_state,all,200,0,0.0,0.0,1.0,0,1600,0.0
pretrained,12,4,12,main,same_state,original_correct,0,0,,,,0,0,
pretrained,12,4,12,main,same_state,original_incorrect,200,0,0.0,0.0,1.0,0,1600,0.0
pretrained,12,4,12,main,noise,all,200,1,0.005,0.0,0.0,6,1600,0.00375
pretrained,12,4,12,main,noise,original_correct,0,0,,,,0,0,
pretrained,12,4,12,main,noise,original_incorrect,200,1,0.005,0.0,0.0,6,1600,0.00375
pretrained,12,4,16,extra,counterfactual,all,200,0,0.0,0.0,1.0,0,1600,0.0
pretrained,12,4,16,extra,counterfactual,original_correct,0,0,,,,0,0,
pretrained,12,4,16,extra,counterfactual,original_incorrect,200,0,0.0,0.0,1.0,0,1600,0.0
pretrained,12,4,16,extra,same_state,all,200,0,0.0,0.0,1.0,0,1600,0.0
pretrained,12,4,16,extra,same_state,original_correct,0,0,,,,0,0,
pretrained,12,4,16,extra,same_state,original_incorrect,200,0,0.0,0.0,1.0,0,1600,0.0
pretrained,12,4,16,extra,noise,all,200,1,0.005,0.005,0.0,6,1600,0.00375
pretrained,12,4,16,extra,noise,original_correct,0,0,,,,0,0,
pretrained,12,4,16,extra,noise,original_incorrect,200,1,0.005,0.005,0.0,6,1600,0.00375
pretrained,16,2,16,main,counterfactual,all,200,0,0.0,0.0,1.0,5,2800,0.0017857142857142857
pretrained,16,2,16,main,counterfactual,original_correct,0,0,,,,0,0,
pretrained,16,2,16,main,counterfactual,original_incorrect,200,0,0.0,0.0,1.0,5,2800,0.0017857142857142857
pretrained,16,2,16,main,same_state,all,200,0,0.0,0.0,1.0,5,2800,0.0017857142857142857
pretrained,16,2,16,main,same_state,original_correct,0,0,,,,0,0,
pretrained,16,2,16,main,same_state,original_incorrect,200,0,0.0,0.0,1.0,5,2800,0.0017857142857142857
pretrained,16,2,16,main,noise,all,200,1,0.005,0.0,0.905,13,2800,0.004642857142857143
pretrained,16,2,16,main,noise,original_correct,0,0,,,,0,0,
pretrained,16,2,16,main,noise,original_incorrect,200,1,0.005,0.0,0.905,13,2800,0.004642857142857143
pretrained,16,2,20,extra,counterfactual,all,200,0,0.0,0.0,1.0,5,2800,0.0017857142857142857
pretrained,16,2,20,extra,counterfactual,original_correct,0,0,,,,0,0,
pretrained,16,2,20,extra,counterfactual,original_incorrect,200,0,0.0,0.0,1.0,5,2800,0.0017857142857142857
pretrained,16,2,20,extra,same_state,all,200,0,0.0,0.0,1.0,5,2800,0.0017857142857142857
pretrained,16,2,20,extra,same_state,original_correct,0,0,,,,0,0,
pretrained,16,2,20,extra,same_state,original_incorrect,200,0,0.0,0.0,1.0,5,2800,0.0017857142857142857
pretrained,16,2,20,extra,noise,all,200,1,0.005,0.0,0.925,13,2800,0.004642857142857143
pretrained,16,2,20,extra,noise,original_correct,0,0,,,,0,0,
pretrained,16,2,20,extra,noise,original_incorrect,200,1,0.005,0.0,0.925,13,2800,0.004642857142857143
pretrained,16,4,16,main,counterfactual,all,200,0,0.0,0.0,1.0,0,2400,0.0
pretrained,16,4,16,main,counterfactual,original_correct,0,0,,,,0,0,
pretrained,16,4,16,main,counterfactual,original_incorrect,200,0,0.0,0.0,1.0,0,2400,0.0
pretrained,16,4,16,main,same_state,all,200,0,0.0,0.0,1.0,0,2400,0.0
pretrained,16,4,16,main,same_state,original_correct,0,0,,,,0,0,
pretrained,16,4,16,main,same_state,original_incorrect,200,0,0.0,0.0,1.0,0,2400,0.0
pretrained,16,4,16,main,noise,all,200,1,0.005,0.01,0.0,11,2400,0.004583333333333333
pretrained,16,4,16,main,noise,original_correct,0,0,,,,0,0,
pretrained,16,4,16,main,noise,original_incorrect,200,1,0.005,0.01,0.0,11,2400,0.004583333333333333
pretrained,16,4,20,extra,counterfactual,all,200,0,0.0,0.0,1.0,0,2400,0.0
pretrained,16,4,20,extra,counterfactual,original_correct,0,0,,,,0,0,
pretrained,16,4,20,extra,counterfactual,original_incorrect,200,0,0.0,0.0,1.0,0,2400,0.0
pretrained,16,4,20,extra,same_state,all,200,0,0.0,0.0,1.0,0,2400,0.0
pretrained,16,4,20,extra,same_state,original_correct,0,0,,,,0,0,
pretrained,16,4,20,extra,same_state,original_incorrect,200,0,0.0,0.0,1.0,0,2400,0.0
pretrained,16,4,20,extra,noise,all,200,1,0.005,0.01,0.005,11,2400,0.004583333333333333
pretrained,16,4,20,extra,noise,original_correct,0,0,,,,0,0,
pretrained,16,4,20,extra,noise,original_incorrect,200,1,0.005,0.01,0.005,11,2400,0.004583333333333333
pretrained,20,2,20,main,counterfactual,all,200,0,0.0,0.0,1.0,7,3600,0.0019444444444444444
pretrained,20,2,20,main,counterfactual,original_correct,0,0,,,,0,0,
pretrained,20,2,20,main,counterfactual,original_incorrect,200,0,0.0,0.0,1.0,7,3600,0.0019444444444444444
pretrained,20,2,20,main,same_state,all,200,0,0.0,0.0,1.0,1,3600,0.0002777777777777778
pretrained,20,2,20,main,same_state,original_correct,0,0,,,,0,0,
pretrained,20,2,20,main,same_state,original_incorrect,200,0,0.0,0.0,1.0,1,3600,0.0002777777777777778
pretrained,20,2,20,main,noise,all,200,1,0.005,0.0,0.905,7,3600,0.0019444444444444444
pretrained,20,2,20,main,noise,original_correct,0,0,,,,0,0,
pretrained,20,2,20,main,noise,original_incorrect,200,1,0.005,0.0,0.905,7,3600,0.0019444444444444444
pretrained,20,2,24,extra,counterfactual,all,200,0,0.0,0.0,1.0,7,3600,0.0019444444444444444
pretrained,20,2,24,extra,counterfactual,original_correct,0,0,,,,0,0,
pretrained,20,2,24,extra,counterfactual,original_incorrect,200,0,0.0,0.0,1.0,7,3600,0.0019444444444444444
pretrained,20,2,24,extra,same_state,all,200,0,0.0,0.0,1.0,1,3600,0.0002777777777777778
pretrained,20,2,24,extra,same_state,original_correct,0,0,,,,0,0,
pretrained,20,2,24,extra,same_state,original_incorrect,200,0,0.0,0.0,1.0,1,3600,0.0002777777777777778
pretrained,20,2,24,extra,noise,all,200,1,0.005,0.0,0.905,7,3600,0.0019444444444444444
pretrained,20,2,24,extra,noise,original_correct,0,0,,,,0,0,
pretrained,20,2,24,extra,noise,original_incorrect,200,1,0.005,0.0,0.905,7,3600,0.0019444444444444444
pretrained,20,4,20,main,counterfactual,all,200,0,0.0,0.0,1.0,0,3200,0.0
pretrained,20,4,20,main,counterfactual,original_correct,0,0,,,,0,0,
pretrained,20,4,20,main,counterfactual,original_incorrect,200,0,0.0,0.0,1.0,0,3200,0.0
pretrained,20,4,20,main,same_state,all,200,0,0.0,0.0,1.0,2,3200,0.000625
pretrained,20,4,20,main,same_state,original_correct,0,0,,,,0,0,
pretrained,20,4,20,main,same_state,original_incorrect,200,0,0.0,0.0,1.0,2,3200,0.000625
pretrained,20,4,20,main,noise,all,200,0,0.0,0.01,0.01,19,3200,0.0059375
pretrained,20,4,20,main,noise,original_correct,0,0,,,,0,0,
pretrained,20,4,20,main,noise,original_incorrect,200,0,0.0,0.01,0.01,19,3200,0.0059375
pretrained,20,4,24,extra,counterfactual,all,200,0,0.0,0.0,1.0,0,3200,0.0
pretrained,20,4,24,extra,counterfactual,original_correct,0,0,,,,0,0,
pretrained,20,4,24,extra,counterfactual,original_incorrect,200,0,0.0,0.0,1.0,0,3200,0.0
pretrained,20,4,24,extra,same_state,all,200,0,0.0,0.0,1.0,2,3200,0.000625
pretrained,20,4,24,extra,same_state,original_correct,0,0,,,,0,0,
pretrained,20,4,24,extra,same_state,original_incorrect,200,0,0.0,0.0,1.0,2,3200,0.000625
pretrained,20,4,24,extra,noise,all,200,0,0.0,0.01,0.075,19,3200,0.0059375
pretrained,20,4,24,extra,noise,original_correct,0,0,,,,0,0,
pretrained,20,4,24,extra,noise,original_incorrect,200,0,0.0,0.01,0.075,19,3200,0.0059375
