model,D,split,peak_accuracy,K24_accuracy,overthinking_drop,early_correct,correct_to_wrong_count,correct_to_wrong_flip_rate,terminal_stability,total
final_only,2,ID,1.0,0.0013333333333333333,0.9986666666666667,750,749,0.9986666666666667,0.0013333333333333333,750
final_only,3,ID,1.0,0.010666666666666666,0.9893333333333333,750,742,0.9893333333333333,0.010666666666666666,750
final_only,4,ID,0.9973333333333333,0.009333333333333334,0.988,748,741,0.9906417112299465,0.009333333333333334,750
final_only,5,ID,0.9973333333333333,0.004,0.9933333333333333,749,746,0.9959946595460614,0.004,750
final_only,6,ID,0.9466666666666667,0.0,0.9466666666666667,727,727,1.0,0.0,750
final_only,8,OOD,0.005333333333333333,0.0,0.005333333333333333,6,6,1.0,0.0,750
final_only,10,OOD,0.005333333333333333,0.0,0.005333333333333333,8,8,1.0,0.0,750
final_only,12,OOD,0.0026666666666666666,0.0,0.0026666666666666666,4,4,1.0,0.0,750
final_only,16,OOD,0.004,0.0,0.004,5,5,1.0,0.0,750
final_only,20,OOD,0.004,0.0,0.004,6,6,1.0,0.0,750
