model,k,entity_token_id,count,eligible
final_only,2,1,319,True
final_only,2,2,291,True
final_only,2,3,306,True
final_only,2,4,327,True
final_only,2,5,296,True
final_only,2,6,323,True
final_only,2,7,331,True
final_only,2,8,296,True
final_only,2,9,324,True
final_only,2,10,323,True
final_only,2,11,326,True
final_only,2,12,301,True
final_only,2,13,314,True
final_only,2,14,310,True
final_only,2,15,337,True
final_only,2,16,311,True
final_only,2,17,326,True
final_only,2,18,299,True
final_only,2,19,306,True
final_only,2,20,320,True
final_only,2,21,304,True
final_only,2,22,308,True
final_only,2,23,302,True
final_only,2,24,347,True
final_only,2,25,313,True
final_only,2,26,307,True
final_only,2,27,332,True
final_only,2,28,293,True
final_only,2,29,291,True
final_only,2,30,315,True
final_only,2,31,302,True
final_only,2,32,293,True
final_only,2,33,294,True
final_only,2,34,308,True
final_only,2,35,309,True
final_only,2,36,303,True
final_only,2,37,287,True
final_only,2,38,315,True
final_only,2,39,316,True
final_only,2,40,319,True
final_only,2,41,306,True
final_only,2,42,344,True
final_only,2,43,311,True
final_only,2,44,318,True
final_only,2,45,320,True
final_only,2,46,305,True
final_only,2,47,293,True
final_only,2,48,335,True
final_only,2,49,308,True
final_only,2,50,315,True
final_only,2,51,320,True
final_only,2,52,304,True
final_only,2,53,298,True
final_only,2,54,314,True
final_only,2,55,330,True
final_only,2,56,318,True
final_only,2,57,291,True
final_only,2,58,316,True
final_only,2,59,302,True
final_only,2,60,303,True
final_only,2,61,323,True
final_only,2,62,305,True
final_only,2,63,273,True
final_only,2,64,290,True
final_only,2,65,313,True
final_only,2,66,307,True
final_only,2,67,290,True
final_only,2,68,277,True
final_only,2,69,318,True
final_only,2,70,294,True
final_only,2,71,305,True
final_only,2,72,339,True
final_only,2,73,318,True
final_only,2,74,298,True
final_only,2,75,314,True
final_only,2,76,313,True
final_only,2,77,319,True
final_only,2,78,310,True
final_only,2,79,291,True
final_only,2,80,289,True
final_only,2,81,320,True
final_only,2,82,313,True
final_only,2,83,303,True
final_only,2,84,325,True
final_only,2,85,303,True
final_only,2,86,304,True
final_only,2,87,274,True
final_only,2,88,300,True
final_only,2,89,345,True
final_only,2,90,296,True
final_only,2,91,311,True
final_only,2,92,319,True
final_only,2,93,331,True
final_only,2,94,331,True
final_only,2,95,306,True
final_only,2,96,330,True
final_only,2,97,300,True
final_only,2,98,293,True
final_only,2,99,337,True
final_only,2,100,303,True
final_only,2,101,320,True
final_only,2,102,331,True
final_only,2,103,315,True
final_only,2,104,322,True
final_only,2,105,301,True
final_only,2,106,314,True
final_only,2,107,280,True
final_only,2,108,314,True
final_only,2,109,316,True
final_only,2,110,320,True
final_only,2,111,313,True
final_only,2,112,289,True
final_only,2,113,304,True
final_only,2,114,291,True
final_only,2,115,333,True
final_only,2,116,318,True
final_only,2,117,305,True
final_only,2,118,333,True
final_only,2,119,330,True
final_only,2,120,307,True
final_only,2,121,302,True
final_only,2,122,329,True
final_only,2,123,301,True
final_only,2,124,283,True
final_only,2,125,335,True
final_only,2,126,308,True
final_only,2,127,294,True
final_only,2,128,278,True
final_only,2,129,268,True
final_only,2,130,314,True
final_only,2,131,289,True
final_only,2,132,338,True
final_only,2,133,307,True
final_only,2,134,313,True
final_only,2,135,330,True
final_only,2,136,301,True
final_only,2,137,316,True
final_only,2,138,300,True
final_only,2,139,339,True
final_only,2,140,323,True
final_only,2,141,304,True
final_only,2,142,329,True
final_only,2,143,295,True
final_only,2,144,324,True
final_only,2,145,295,True
final_only,2,146,297,True
final_only,2,147,316,True
final_only,2,148,306,True
final_only,2,149,306,True
final_only,2,150,312,True
final_only,2,151,315,True
final_only,2,152,315,True
final_only,2,153,300,True
final_only,2,154,318,True
final_only,2,155,299,True
final_only,2,156,281,True
final_only,2,157,300,True
final_only,2,158,303,True
final_only,2,159,293,True
final_only,2,160,295,True
final_only,2,161,326,True
final_only,2,162,317,True
final_only,2,163,326,True
final_only,2,164,304,True
final_only,2,165,321,True
final_only,2,166,313,True
final_only,2,167,305,True
final_only,2,168,321,True
final_only,2,169,296,True
final_only,2,170,305,True
final_only,2,171,308,True
final_only,2,172,314,True
final_only,2,173,309,True
final_only,2,174,311,True
final_only,2,175,296,True
final_only,2,176,312,True
final_only,2,177,296,True
final_only,2,178,302,True
final_only,2,179,320,True
final_only,2,180,311,True
final_only,2,181,323,True
final_only,2,182,302,True
final_only,2,183,315,True
final_only,2,184,322,True
final_only,2,185,301,True
final_only,2,186,302,True
final_only,2,187,326,True
final_only,2,188,307,True
final_only,2,189,325,True
final_only,2,190,298,True
final_only,2,191,308,True
final_only,2,192,312,True
final_only,2,193,323,True
final_only,2,194,334,True
final_only,2,195,300,True
final_only,2,196,305,True
final_only,2,197,299,True
final_only,2,198,314,True
final_only,2,199,312,True
final_only,2,200,307,True
final_only,4,1,316,True
final_only,4,2,305,True
final_only,4,3,309,True
final_only,4,4,323,True
final_only,4,5,301,True
final_only,4,6,315,True
final_only,4,7,296,True
final_only,4,8,329,True
final_only,4,9,293,True
final_only,4,10,329,True
final_only,4,11,304,True
final_only,4,12,293,True
final_only,4,13,332,True
final_only,4,14,317,True
final_only,4,15,286,True
final_only,4,16,288,True
final_only,4,17,307,True
final_only,4,18,312,True
final_only,4,19,322,True
final_only,4,20,298,True
final_only,4,21,346,True
final_only,4,22,325,True
final_only,4,23,324,True
final_only,4,24,318,True
final_only,4,25,300,True
final_only,4,26,301,True
final_only,4,27,306,True
final_only,4,28,313,True
final_only,4,29,321,True
final_only,4,30,329,True
final_only,4,31,344,True
final_only,4,32,305,True
final_only,4,33,282,True
final_only,4,34,305,True
final_only,4,35,323,True
final_only,4,36,315,True
final_only,4,37,291,True
final_only,4,38,326,True
final_only,4,39,290,True
final_only,4,40,304,True
final_only,4,41,316,True
final_only,4,42,341,True
final_only,4,43,305,True
final_only,4,44,292,True
final_only,4,45,349,True
final_only,4,46,278,True
final_only,4,47,320,True
final_only,4,48,342,True
final_only,4,49,305,True
final_only,4,50,308,True
final_only,4,51,298,True
final_only,4,52,307,True
final_only,4,53,282,True
final_only,4,54,305,True
final_only,4,55,306,True
final_only,4,56,323,True
final_only,4,57,277,True
final_only,4,58,323,True
final_only,4,59,322,True
final_only,4,60,283,True
final_only,4,61,305,True
final_only,4,62,310,True
final_only,4,63,302,True
final_only,4,64,286,True
final_only,4,65,309,True
final_only,4,66,296,True
final_only,4,67,297,True
final_only,4,68,304,True
final_only,4,69,325,True
final_only,4,70,310,True
final_only,4,71,295,True
final_only,4,72,312,True
final_only,4,73,322,True
final_only,4,74,329,True
final_only,4,75,340,True
final_only,4,76,326,True
final_only,4,77,292,True
final_only,4,78,300,True
final_only,4,79,311,True
final_only,4,80,301,True
final_only,4,81,318,True
final_only,4,82,314,True
final_only,4,83,292,True
final_only,4,84,290,True
final_only,4,85,306,True
final_only,4,86,304,True
final_only,4,87,317,True
final_only,4,88,284,True
final_only,4,89,298,True
final_only,4,90,323,True
final_only,4,91,319,True
final_only,4,92,294,True
final_only,4,93,321,True
final_only,4,94,334,True
final_only,4,95,305,True
final_only,4,96,324,True
final_only,4,97,314,True
final_only,4,98,283,True
final_only,4,99,328,True
final_only,4,100,288,True
final_only,4,101,298,True
final_only,4,102,312,True
final_only,4,103,314,True
final_only,4,104,324,True
final_only,4,105,301,True
final_only,4,106,316,True
final_only,4,107,327,True
final_only,4,108,302,True
final_only,4,109,305,True
final_only,4,110,327,True
final_only,4,111,341,True
final_only,4,112,310,True
final_only,4,113,299,True
final_only,4,114,313,True
final_only,4,115,311,True
final_only,4,116,302,True
final_only,4,117,309,True
final_only,4,118,297,True
final_only,4,119,306,True
final_only,4,120,315,True
final_only,4,121,309,True
final_only,4,122,318,True
final_only,4,123,306,True
final_only,4,124,331,True
final_only,4,125,315,True
final_only,4,126,308,True
final_only,4,127,325,True
final_only,4,128,295,True
final_only,4,129,295,True
final_only,4,130,323,True
final_only,4,131,294,True
final_only,4,132,295,True
final_only,4,133,310,True
final_only,4,134,274,True
final_only,4,135,309,True
final_only,4,136,297,True
final_only,4,137,314,True
final_only,4,138,319,True
final_only,4,139,322,True
final_only,4,140,331,True
final_only,4,141,303,True
final_only,4,142,314,True
final_only,4,143,337,True
final_only,4,144,323,True
final_only,4,145,318,True
final_only,4,146,294,True
final_only,4,147,297,True
final_only,4,148,274,True
final_only,4,149,287,True
final_only,4,150,315,True
final_only,4,151,326,True
final_only,4,152,307,True
final_only,4,153,304,True
final_only,4,154,303,True
final_only,4,155,307,True
final_only,4,156,289,True
final_only,4,157,312,True
final_only,4,158,287,True
final_only,4,159,328,True
final_only,4,160,298,True
final_only,4,161,317,True
final_only,4,162,299,True
final_only,4,163,323,True
final_only,4,164,339,True
final_only,4,165,324,True
final_only,4,166,299,True
final_only,4,167,297,True
final_only,4,168,342,True
final_only,4,169,306,True
final_only,4,170,310,True
final_only,4,171,325,True
final_only,4,172,282,True
final_only,4,173,343,True
final_only,4,174,315,True
final_only,4,175,309,True
final_only,4,176,326,True
final_only,4,177,314,True
final_only,4,178,308,True
final_only,4,179,315,True
final_only,4,180,322,True
final_only,4,181,323,True
final_only,4,182,343,True
final_only,4,183,305,True
final_only,4,184,306,True
final_only,4,185,327,True
final_only,4,186,305,True
final_only,4,187,298,True
final_only,4,188,332,True
final_only,4,189,292,True
final_only,4,190,305,True
final_only,4,191,302,True
final_only,4,192,280,True
final_only,4,193,298,True
final_only,4,194,296,True
final_only,4,195,298,True
final_only,4,196,279,True
final_only,4,197,328,True
final_only,4,198,341,True
final_only,4,199,316,True
final_only,4,200,316,True
