model,step,loss,final_loss,transition_loss,lr,train_batch_accuracy,elapsed_seconds,peak_vram_mib
final_only,1,2.8739590644836426,2.8739590644836426,22.27436637878418,1e-05,0.453125,0.26774239994119853,8959.40185546875
final_only,2,2.645094871520996,2.645094871520996,23.524736404418945,1e-05,0.4765625,0.3657639999873936,9177.34326171875
final_only,3,2.6426124572753906,2.6426124572753906,22.947887420654297,1e-05,0.4921875,0.46130550000816584,9177.34326171875
final_only,4,2.709014415740967,2.709014415740967,22.9137020111084,1e-05,0.546875,0.5564021000172943,9177.34326171875
final_only,5,2.5172829627990723,2.5172829627990723,23.043296813964844,1e-05,0.578125,0.6512016999768093,9177.34326171875
final_only,6,2.694969892501831,2.694969892501831,23.24352264404297,1e-05,0.5546875,0.7465815999312326,9177.34326171875
final_only,7,1.9347047805786133,1.9347047805786133,24.408397674560547,1e-05,0.625,0.8412694999715313,9177.34326171875
final_only,8,2.5323092937469482,2.5323092937469482,23.369842529296875,1e-05,0.5703125,0.934997999924235,9177.34326171875
final_only,9,1.862609624862671,1.862609624862671,23.986921310424805,1e-05,0.671875,1.0299655999988317,9177.34326171875
final_only,10,1.882889986038208,1.882889986038208,23.942285537719727,1e-05,0.703125,1.1255101999267936,9177.34326171875
final_only,11,1.6783430576324463,1.6783430576324463,23.531932830810547,1e-05,0.6796875,1.2217547999462113,9177.34326171875
final_only,12,1.9597996473312378,1.9597996473312378,23.108579635620117,1e-05,0.65625,1.3166871999856085,9177.34326171875
final_only,13,1.5036674737930298,1.5036674737930298,24.484886169433594,1e-05,0.734375,1.4117319999495521,9177.34326171875
final_only,14,1.6031544208526611,1.6031544208526611,22.045856475830078,1e-05,0.734375,1.5059090999420732,9177.34326171875
final_only,15,1.5724623203277588,1.5724623203277588,24.27107048034668,1e-05,0.7265625,1.6009555999189615,9177.34326171875
final_only,16,1.1216808557510376,1.1216808557510376,25.386213302612305,1e-05,0.828125,1.697346800006926,9177.34326171875
final_only,17,1.6516058444976807,1.6516058444976807,24.23689079284668,1e-05,0.734375,1.7928862000117078,9177.34326171875
final_only,18,1.444520354270935,1.444520354270935,24.25383949279785,1e-05,0.7734375,1.8877004999667406,9177.34326171875
final_only,19,1.2719603776931763,1.2719603776931763,25.541309356689453,1e-05,0.8125,1.9819600000046194,9177.34326171875
final_only,20,1.1235331296920776,1.1235331296920776,24.45891571044922,1e-05,0.8125,2.0766940999310464,9177.34326171875
final_only,21,1.2624454498291016,1.2624454498291016,24.409725189208984,1e-05,0.828125,2.173376000020653,9177.34326171875
final_only,22,1.216869831085205,1.216869831085205,25.96057891845703,1e-05,0.8203125,2.2685872999718413,9177.34326171875
final_only,23,0.880058765411377,0.880058765411377,25.555240631103516,1e-05,0.859375,2.3636436000233516,9177.34326171875
final_only,24,1.1179955005645752,1.1179955005645752,25.017574310302734,1e-05,0.8359375,2.458344699931331,9177.34326171875
final_only,25,1.1012723445892334,1.1012723445892334,25.722145080566406,1e-05,0.8125,2.5526622999459505,9177.34326171875
final_only,26,1.2193049192428589,1.2193049192428589,25.109371185302734,1e-05,0.8125,2.6479955000104383,9177.34326171875
final_only,27,0.9399522542953491,0.9399522542953491,25.62784767150879,1e-05,0.890625,2.7434710999950767,9177.34326171875
final_only,28,1.1405065059661865,1.1405065059661865,25.48488426208496,1e-05,0.859375,2.838111999910325,9177.34326171875
final_only,29,0.8254299163818359,0.8254299163818359,25.90096092224121,1e-05,0.890625,2.9324152999324724,9177.34326171875
final_only,30,0.8610323667526245,0.8610323667526245,25.28185272216797,1e-05,0.875,3.026521399966441,9177.34326171875
final_only,31,0.8269646167755127,0.8269646167755127,25.6270694732666,1e-05,0.875,3.121766999945976,9177.34326171875
final_only,32,0.6124487519264221,0.6124487519264221,25.878332138061523,1e-05,0.9296875,3.2188203999539837,9177.34326171875
final_only,33,0.829222559928894,0.829222559928894,25.947940826416016,1e-05,0.8671875,3.3144966999534518,9177.34326171875
final_only,34,0.9948115348815918,0.9948115348815918,25.943283081054688,1e-05,0.8515625,3.4090282999677584,9177.34326171875
final_only,35,0.899074912071228,0.899074912071228,26.333288192749023,1e-05,0.890625,3.5038254000246525,9177.34326171875
final_only,36,0.8064327239990234,0.8064327239990234,25.98717498779297,1e-05,0.890625,3.5985885999398306,9177.34326171875
final_only,37,0.7120361328125,0.7120361328125,26.5493221282959,1e-05,0.8984375,3.6950663999887183,9177.34326171875
final_only,38,0.791203498840332,0.791203498840332,26.391212463378906,1e-05,0.875,3.7899940999923274,9177.34326171875
final_only,39,0.5985482931137085,0.5985482931137085,26.32463264465332,1e-05,0.921875,3.8851442999439314,9177.34326171875
final_only,40,0.712360680103302,0.712360680103302,28.206266403198242,1e-05,0.9296875,3.9792328999610618,9177.34326171875
final_only,41,0.4296007752418518,0.4296007752418518,25.844221115112305,1e-05,0.9609375,4.074023799970746,9177.34326171875
final_only,42,0.5713988542556763,0.5713988542556763,27.107967376708984,1e-05,0.9609375,4.169705500011332,9177.34326171875
final_only,43,0.6113569736480713,0.6113569736480713,27.3370361328125,1e-05,0.921875,4.2655392999295145,9177.34326171875
final_only,44,0.5035427212715149,0.5035427212715149,28.259750366210938,1e-05,0.9453125,4.360887699993327,9177.34326171875
final_only,45,0.5548819303512573,0.5548819303512573,27.05206298828125,1e-05,0.921875,4.455111199989915,9177.34326171875
final_only,46,0.39992958307266235,0.39992958307266235,27.93140411376953,1e-05,0.9609375,4.550333200022578,9177.34326171875
final_only,47,0.47608643770217896,0.47608643770217896,26.998912811279297,1e-05,0.953125,4.645455899997614,9177.34326171875
final_only,48,0.3128553628921509,0.3128553628921509,28.27105140686035,1e-05,0.96875,4.740732599981129,9177.34326171875
final_only,49,0.519409716129303,0.519409716129303,27.479347229003906,1e-05,0.953125,4.836217899923213,9177.34326171875
final_only,50,0.39258289337158203,0.39258289337158203,27.63396453857422,1e-05,0.953125,4.930682100006379,9177.34326171875
final_only,51,0.49194610118865967,0.49194610118865967,27.490291595458984,1e-05,0.953125,5.026008200016804,9177.34326171875
final_only,52,0.285682737827301,0.285682737827301,28.842126846313477,1e-05,0.984375,5.120923999929801,9177.34326171875
final_only,53,0.39721837639808655,0.39721837639808655,28.41421890258789,1e-05,0.96875,5.217357699992135,9177.34326171875
final_only,54,0.3226897716522217,0.3226897716522217,29.325576782226562,1e-05,0.9765625,5.312970399972983,9177.34326171875
final_only,55,0.3222777247428894,0.3222777247428894,27.63774871826172,1e-05,0.96875,5.407120599993505,9177.34326171875
final_only,56,0.2705376148223877,0.2705376148223877,27.99041748046875,1e-05,0.9765625,5.501901599927805,9177.34326171875
final_only,57,0.3003961443901062,0.3003961443901062,29.394306182861328,1e-05,0.9765625,5.596910099964589,9177.34326171875
final_only,58,0.39199185371398926,0.39199185371398926,30.128454208374023,1e-05,0.953125,5.6925437999889255,9177.34326171875
final_only,59,0.21704357862472534,0.21704357862472534,28.628002166748047,1e-05,0.984375,5.78721239999868,9177.34326171875
final_only,60,0.30379801988601685,0.30379801988601685,28.739879608154297,1e-05,0.96875,5.881408500019461,9177.34326171875
final_only,61,0.26181119680404663,0.26181119680404663,29.293354034423828,1e-05,0.984375,5.975753200007603,9177.34326171875
final_only,62,0.22008924186229706,0.22008924186229706,30.481075286865234,1e-05,0.984375,6.071303299977444,9177.34326171875
final_only,63,0.19012156128883362,0.19012156128883362,31.68729019165039,1e-05,0.9921875,6.167839600006118,9177.34326171875
final_only,64,0.20506387948989868,0.20506387948989868,31.029294967651367,1e-05,0.9765625,6.2639005000237375,9177.34326171875
final_only,65,0.24930967390537262,0.24930967390537262,28.599525451660156,1e-05,0.984375,6.358157399925403,9177.34326171875
final_only,66,0.1700669825077057,0.1700669825077057,29.69062614440918,1e-05,0.9921875,6.453030199976638,9177.34326171875
final_only,67,0.18919339776039124,0.18919339776039124,29.496103286743164,1e-05,0.984375,6.548033599974588,9177.34326171875
final_only,68,0.21151721477508545,0.21151721477508545,29.79250144958496,1e-05,0.984375,6.642647699918598,9177.34326171875
final_only,69,0.196054145693779,0.196054145693779,28.94904899597168,1e-05,1.0,6.7384720999980345,9177.34326171875
final_only,70,0.187007337808609,0.187007337808609,31.54591178894043,1e-05,0.9921875,6.832848199992441,9177.34326171875
final_only,71,0.2185136079788208,0.2185136079788208,30.329036712646484,1e-05,0.984375,6.928004499990493,9177.34326171875
final_only,72,0.15898586809635162,0.15898586809635162,31.179962158203125,1e-05,0.984375,7.0223395000211895,9177.34326171875
final_only,73,0.21524061262607574,0.21524061262607574,30.473915100097656,1e-05,0.96875,7.117655199952424,9177.34326171875
final_only,74,0.17402814328670502,0.17402814328670502,30.465871810913086,1e-05,0.984375,7.21426799998153,9177.34326171875
final_only,75,0.09980010986328125,0.09980010986328125,30.0720157623291,1e-05,1.0,7.309171099914238,9177.34326171875
final_only,76,0.09100273251533508,0.09100273251533508,31.265838623046875,1e-05,1.0,7.404149299953133,9177.34326171875
final_only,77,0.16975092887878418,0.16975092887878418,31.476486206054688,1e-05,0.984375,7.499618700006977,9177.34326171875
final_only,78,0.07653887569904327,0.07653887569904327,30.834026336669922,1e-05,1.0,7.594790100003593,9177.34326171875
final_only,79,0.16987551748752594,0.16987551748752594,29.53609275817871,1e-05,0.9921875,7.690183499944396,9177.34326171875
final_only,80,0.0932827815413475,0.0932827815413475,31.74003791809082,1e-05,0.9921875,7.78647719998844,9177.34326171875
final_only,81,0.15667757391929626,0.15667757391929626,29.693174362182617,1e-05,0.9921875,7.882603099918924,9177.34326171875
final_only,82,0.1281680464744568,0.1281680464744568,32.32823944091797,1e-05,0.984375,7.976632499950938,9177.34326171875
final_only,83,0.06055286154150963,0.06055286154150963,31.15371322631836,1e-05,1.0,8.071733899996616,9177.34326171875
final_only,84,0.0689137727022171,0.0689137727022171,32.11897277832031,1e-05,1.0,8.16756470000837,9177.34326171875
final_only,85,0.0457325354218483,0.0457325354218483,32.380287170410156,1e-05,0.9921875,8.262538800016046,9177.34326171875
final_only,86,0.10444338619709015,0.10444338619709015,32.09258270263672,1e-05,1.0,8.357716399943456,9177.34326171875
final_only,87,0.093314990401268,0.093314990401268,30.993886947631836,1e-05,1.0,8.452480499981903,9177.34326171875
final_only,88,0.14920245110988617,0.14920245110988617,33.15322494506836,1e-05,0.9921875,8.547573999967426,9177.34326171875
final_only,89,0.1243196502327919,0.1243196502327919,31.92086410522461,1e-05,0.984375,8.642557599931024,9177.34326171875
final_only,90,0.04804886505007744,0.04804886505007744,33.01716613769531,1e-05,1.0,8.73822099994868,9177.34326171875
final_only,91,0.10739167034626007,0.10739167034626007,33.15781784057617,1e-05,0.9921875,8.833634799928404,9177.34326171875
final_only,92,0.055076148360967636,0.055076148360967636,32.38861083984375,1e-05,1.0,8.92773340002168,9177.34326171875
final_only,93,0.0798088014125824,0.0798088014125824,32.881343841552734,1e-05,1.0,9.02187449997291,9177.34326171875
final_only,94,0.11206772923469543,0.11206772923469543,31.78644561767578,1e-05,0.9921875,9.116791700012982,9177.34326171875
final_only,95,0.04997967928647995,0.04997967928647995,31.959365844726562,1e-05,0.9921875,9.212964699952863,9177.34326171875
final_only,96,0.09152136743068695,0.09152136743068695,32.824012756347656,1e-05,0.984375,9.308357600006275,9177.34326171875
final_only,97,0.07968394458293915,0.07968394458293915,32.23015213012695,1e-05,0.9921875,9.403472999925725,9177.34326171875
final_only,98,0.04426931217312813,0.04426931217312813,32.432090759277344,1e-05,1.0,9.498089900007471,9177.34326171875
final_only,99,0.02724677138030529,0.02724677138030529,33.185142517089844,1e-05,1.0,9.592723099980503,9177.34326171875
final_only,100,0.11022413522005081,0.11022413522005081,33.87281036376953,1e-05,0.9921875,9.688285399926826,9177.34326171875
final_only,101,0.07391160726547241,0.07391160726547241,33.57548141479492,1e-05,0.9921875,9.784426999976858,9177.34326171875
final_only,102,0.07801110297441483,0.07801110297441483,33.344608306884766,1e-05,0.9921875,9.878473500022665,9177.34326171875
final_only,103,0.043386075645685196,0.043386075645685196,32.3638916015625,1e-05,0.9921875,9.972867899923585,9177.34326171875
final_only,104,0.032388318330049515,0.032388318330049515,32.82172393798828,1e-05,1.0,10.067701899912208,9177.34326171875
final_only,105,0.1061941459774971,0.1061941459774971,33.36344528198242,1e-05,0.984375,10.163749799947254,9177.34326171875
final_only,106,0.05792031064629555,0.05792031064629555,32.36375427246094,1e-05,1.0,10.25882200000342,9177.34326171875
final_only,107,0.11505530774593353,0.11505530774593353,31.909072875976562,1e-05,1.0,10.354002599953674,9177.34326171875
final_only,108,0.031131943687796593,0.031131943687796593,32.814666748046875,1e-05,1.0,10.449043900007382,9177.34326171875
final_only,109,0.06335031241178513,0.06335031241178513,33.531558990478516,1e-05,0.9921875,10.543289299937896,9177.34326171875
final_only,110,0.05996163934469223,0.05996163934469223,31.86700439453125,1e-05,0.9921875,10.638078399933875,9177.34326171875
final_only,111,0.04782363399863243,0.04782363399863243,32.563697814941406,1e-05,1.0,10.733542199945077,9177.34326171875
final_only,112,0.06870275735855103,0.06870275735855103,34.267539978027344,1e-05,1.0,10.828174399910495,9177.34326171875
final_only,113,0.034383997321128845,0.034383997321128845,31.88665771484375,1e-05,1.0,10.922420799965039,9177.34326171875
final_only,114,0.04123704880475998,0.04123704880475998,34.70911407470703,1e-05,1.0,11.016035399981774,9177.34326171875
final_only,115,0.03748036548495293,0.03748036548495293,34.329872131347656,1e-05,1.0,11.11147040000651,9177.34326171875
final_only,116,0.029325397685170174,0.029325397685170174,33.53219223022461,1e-05,1.0,11.20726289995946,9177.34326171875
final_only,117,0.07127737998962402,0.07127737998962402,33.90252685546875,1e-05,0.9921875,11.302436099969782,9177.34326171875
final_only,118,0.05257491394877434,0.05257491394877434,34.04487609863281,1e-05,0.984375,11.396690599969588,9177.34326171875
final_only,119,0.019165022298693657,0.019165022298693657,34.264869689941406,1e-05,1.0,11.491562800016254,9177.34326171875
final_only,120,0.01547612901777029,0.01547612901777029,34.346038818359375,1e-05,1.0,11.586515499977395,9177.34326171875
final_only,121,0.0712733119726181,0.0712733119726181,34.14387130737305,1e-05,1.0,11.681884699966758,9177.34326171875
final_only,122,0.035509143024683,0.035509143024683,33.329627990722656,1e-05,1.0,11.776873299968429,9177.34326171875
final_only,123,0.029998183250427246,0.029998183250427246,35.50808334350586,1e-05,1.0,11.87307700002566,9177.34326171875
final_only,124,0.05127989128232002,0.05127989128232002,34.67604064941406,1e-05,1.0,11.9686469999142,9177.34326171875
final_only,125,0.021707098931074142,0.021707098931074142,34.08185577392578,1e-05,1.0,12.063277199980803,9177.34326171875
final_only,126,0.032015495002269745,0.032015495002269745,34.75523376464844,1e-05,1.0,12.16043729998637,9177.34326171875
final_only,127,0.041898272931575775,0.041898272931575775,36.51791763305664,1e-05,0.9921875,12.256655099918135,9177.34326171875
final_only,128,0.036072857677936554,0.036072857677936554,34.899253845214844,1e-05,1.0,12.35093539999798,9177.34326171875
final_only,129,0.0705411285161972,0.0705411285161972,35.57558822631836,1e-05,1.0,12.445092699956149,9177.34326171875
final_only,130,0.007516705896705389,0.007516705896705389,35.4950065612793,1e-05,1.0,12.539899899973534,9177.34326171875
final_only,131,0.07141389697790146,0.07141389697790146,32.327125549316406,1e-05,0.9921875,12.635049999924377,9177.34326171875
final_only,132,0.013857987709343433,0.013857987709343433,37.63922882080078,1e-05,1.0,12.730071099940687,9177.34326171875
final_only,133,0.01935506984591484,0.01935506984591484,34.70841598510742,1e-05,1.0,12.82543430000078,9177.34326171875
final_only,134,0.016751281917095184,0.016751281917095184,35.79988098144531,1e-05,1.0,12.920190899982117,9177.34326171875
final_only,135,0.024991169571876526,0.024991169571876526,34.662845611572266,1e-05,1.0,13.013955799979158,9177.34326171875
final_only,136,0.01526782289147377,0.01526782289147377,33.86065673828125,1e-05,1.0,13.109132700017653,9177.34326171875
final_only,137,0.031026754528284073,0.031026754528284073,33.62872314453125,1e-05,1.0,13.205426399945281,9177.34326171875
final_only,138,0.04799332842230797,0.04799332842230797,34.009029388427734,1e-05,1.0,13.300502299913205,9177.34326171875
final_only,139,0.03267104923725128,0.03267104923725128,36.10795974731445,1e-05,0.9921875,13.395068899961188,9177.34326171875
final_only,140,0.01314570102840662,0.01314570102840662,35.24711990356445,1e-05,1.0,13.489923399989493,9177.34326171875
final_only,141,0.019678233191370964,0.019678233191370964,35.17974853515625,1e-05,1.0,13.584145399974659,9177.34326171875
final_only,142,0.01302247866988182,0.01302247866988182,34.98682403564453,1e-05,1.0,13.67941460001748,9177.34326171875
final_only,143,0.019796356558799744,0.019796356558799744,34.59444046020508,1e-05,1.0,13.775243900017813,9177.34326171875
final_only,144,0.015531416982412338,0.015531416982412338,34.593631744384766,1e-05,1.0,13.87050520000048,9177.34326171875
final_only,145,0.017212096601724625,0.017212096601724625,35.98271560668945,1e-05,1.0,13.964739899965934,9177.34326171875
final_only,146,0.014811856672167778,0.014811856672167778,36.08867645263672,1e-05,1.0,14.059014900005423,9177.34326171875
final_only,147,0.016896765679121017,0.016896765679121017,36.034114837646484,1e-05,0.9921875,14.153729600016959,9177.34326171875
final_only,148,0.020443039014935493,0.020443039014935493,34.39665222167969,1e-05,1.0,14.249084200011566,9177.34326171875
final_only,149,0.07262016832828522,0.07262016832828522,36.51931381225586,1e-05,0.984375,14.343914199969731,9177.34326171875
final_only,150,0.04984854906797409,0.04984854906797409,34.7939567565918,1e-05,0.9921875,14.438143500010483,9177.34326171875
final_only,151,0.011350839398801327,0.011350839398801327,34.19498825073242,1e-05,1.0,14.534292900003493,9177.34326171875
final_only,152,0.0220322348177433,0.0220322348177433,35.46025085449219,1e-05,1.0,14.62904529995285,9177.34326171875
final_only,153,0.008167673833668232,0.008167673833668232,36.33892822265625,1e-05,1.0,14.72506720002275,9177.34326171875
final_only,154,0.019217491149902344,0.019217491149902344,36.389686584472656,1e-05,1.0,14.819754099939018,9177.34326171875
final_only,155,0.0649450421333313,0.0649450421333313,35.95966339111328,1e-05,0.9921875,14.914490299997851,9177.34326171875
final_only,156,0.03513551875948906,0.03513551875948906,35.295677185058594,1e-05,1.0,15.009030299959704,9177.34326171875
final_only,157,0.011273040436208248,0.011273040436208248,35.87709045410156,1e-05,1.0,15.10531140002422,9177.34326171875
final_only,158,0.036072079092264175,0.036072079092264175,36.27180862426758,1e-05,1.0,15.202054800000042,9177.34326171875
final_only,159,0.036072421818971634,0.036072421818971634,35.2628173828125,1e-05,1.0,15.297980399918742,9177.34326171875
final_only,160,0.005754224490374327,0.005754224490374327,37.28644561767578,1e-05,1.0,15.393131399992853,9177.34326171875
final_only,161,0.034015849232673645,0.034015849232673645,36.631256103515625,1e-05,1.0,15.487372200004756,9177.34326171875
final_only,162,0.008193805813789368,0.008193805813789368,36.411231994628906,1e-05,1.0,15.58251689991448,9177.34326171875
final_only,163,0.02909087762236595,0.02909087762236595,36.0667724609375,1e-05,1.0,15.678295199992135,9177.34326171875
final_only,164,0.13030526041984558,0.13030526041984558,34.516502380371094,1e-05,0.9921875,15.773386099957861,9177.34326171875
final_only,165,0.005740251857787371,0.005740251857787371,36.62538146972656,1e-05,1.0,15.867773599922657,9177.34326171875
final_only,166,0.018215473741292953,0.018215473741292953,36.64552307128906,1e-05,1.0,15.963379499968141,9177.34326171875
final_only,167,0.009135719388723373,0.009135719388723373,35.79484176635742,1e-05,1.0,16.059057699982077,9177.34326171875
final_only,168,0.008843930438160896,0.008843930438160896,35.07100296020508,1e-05,1.0,16.154713799944147,9177.34326171875
final_only,169,0.0029537503141909838,0.0029537503141909838,35.59971237182617,1e-05,1.0,16.25077759998385,9177.34326171875
final_only,170,0.006427715066820383,0.006427715066820383,37.211151123046875,1e-05,1.0,16.345749099971727,9177.34326171875
final_only,171,0.010619601234793663,0.010619601234793663,36.3604621887207,1e-05,1.0,16.440443699946627,9177.34326171875
final_only,172,0.01621791161596775,0.01621791161596775,35.15797424316406,1e-05,1.0,16.534461400005966,9177.34326171875
final_only,173,0.013638099655508995,0.013638099655508995,36.497833251953125,1e-05,1.0,16.629425399936736,9177.34326171875
final_only,174,0.021944314241409302,0.021944314241409302,35.557769775390625,1e-05,0.9921875,16.725038199918345,9177.34326171875
final_only,175,0.01682204008102417,0.01682204008102417,35.22908020019531,1e-05,1.0,16.819563400000334,9177.34326171875
final_only,176,0.012047403492033482,0.012047403492033482,35.387611389160156,1e-05,1.0,16.91378059994895,9177.34326171875
final_only,177,0.009949659928679466,0.009949659928679466,37.47373962402344,1e-05,1.0,17.00813680002466,9177.34326171875
final_only,178,0.012539452873170376,0.012539452873170376,36.500213623046875,1e-05,0.9921875,17.102698399918154,9177.34326171875
final_only,179,0.007954277098178864,0.007954277098178864,35.93559265136719,1e-05,1.0,17.19937049993314,9177.34326171875
final_only,180,0.008575729094445705,0.008575729094445705,37.15446472167969,1e-05,1.0,17.294978399993852,9177.34326171875
final_only,181,0.021941112354397774,0.021941112354397774,34.12984085083008,1e-05,1.0,17.390016000019386,9177.34326171875
final_only,182,0.005535571835935116,0.005535571835935116,36.3704948425293,1e-05,1.0,17.485245099989697,9177.34326171875
final_only,183,0.010680317878723145,0.010680317878723145,35.60304641723633,1e-05,1.0,17.58011749992147,9177.34326171875
final_only,184,0.006757625378668308,0.006757625378668308,35.162628173828125,1e-05,1.0,17.67491629999131,9177.34326171875
final_only,185,0.014766440726816654,0.014766440726816654,37.82493591308594,1e-05,1.0,17.769906800007448,9177.34326171875
final_only,186,0.005662526004016399,0.005662526004016399,36.75665283203125,1e-05,1.0,17.86459589994047,9177.34326171875
final_only,187,0.005516433157026768,0.005516433157026768,36.44126510620117,1e-05,1.0,17.959307799930684,9177.34326171875
final_only,188,0.02028030902147293,0.02028030902147293,36.79090118408203,1e-05,1.0,18.052922799950466,9177.34326171875
final_only,189,0.006911419332027435,0.006911419332027435,35.808353424072266,1e-05,1.0,18.14892669999972,9177.34326171875
final_only,190,0.009749324060976505,0.009749324060976505,37.71784591674805,1e-05,1.0,18.245328899938613,9177.34326171875
final_only,191,0.03720780462026596,0.03720780462026596,37.13949966430664,1e-05,0.9921875,18.34060330002103,9177.34326171875
final_only,192,0.012159135192632675,0.012159135192632675,35.42106628417969,1e-05,1.0,18.435034699970856,9177.34326171875
final_only,193,0.022239848971366882,0.022239848971366882,35.41950225830078,1e-05,0.9921875,18.530112299951725,9177.34326171875
final_only,194,0.01799149625003338,0.01799149625003338,36.93921661376953,1e-05,0.9921875,18.625647999928333,9177.34326171875
final_only,195,0.021823544055223465,0.021823544055223465,37.721710205078125,1e-05,1.0,18.72077419993002,9177.34326171875
final_only,196,0.014995190314948559,0.014995190314948559,36.7766227722168,1e-05,1.0,18.815989000024274,9177.34326171875
final_only,197,0.011180399917066097,0.011180399917066097,35.7013053894043,1e-05,1.0,18.910392199992202,9177.34326171875
final_only,198,0.007305758539587259,0.007305758539587259,36.618255615234375,1e-05,1.0,19.00518470001407,9177.34326171875
final_only,199,0.008533746935427189,0.008533746935427189,36.633148193359375,1e-05,1.0,19.09981719998177,9177.34326171875
final_only,200,0.007229874841868877,0.007229874841868877,36.73526382446289,1e-05,1.0,19.197389799985103,9177.34326171875
