model,D,k,correct,total,accuracy,target
final_only,2,1,6,750,0.008,transition
final_only,2,2,750,750,1.0,transition
final_only,2,3,750,750,1.0,terminal
final_only,2,4,750,750,1.0,terminal
final_only,2,5,750,750,1.0,terminal
final_only,2,6,750,750,1.0,terminal
final_only,2,7,749,750,0.9986666666666667,terminal
final_only,2,8,732,750,0.976,terminal
final_only,2,9,665,750,0.8866666666666667,terminal
final_only,2,10,560,750,0.7466666666666667,terminal
final_only,2,11,455,750,0.6066666666666667,terminal
final_only,2,12,319,750,0.42533333333333334,terminal
final_only,2,13,223,750,0.29733333333333334,terminal
final_only,2,14,149,750,0.19866666666666666,terminal
final_only,2,15,81,750,0.108,terminal
final_only,2,16,43,750,0.05733333333333333,terminal
final_only,2,17,19,750,0.025333333333333333,terminal
final_only,2,18,10,750,0.013333333333333334,terminal
final_only,2,19,4,750,0.005333333333333333,terminal
final_only,2,20,3,750,0.004,terminal
final_only,2,21,2,750,0.0026666666666666666,terminal
final_only,2,22,1,750,0.0013333333333333333,terminal
final_only,2,23,1,750,0.0013333333333333333,terminal
final_only,2,24,1,750,0.0013333333333333333,terminal
final_only,3,1,1,750,0.0013333333333333333,transition
final_only,3,2,3,750,0.004,transition
final_only,3,3,750,750,1.0,transition
final_only,3,4,750,750,1.0,terminal
final_only,3,5,750,750,1.0,terminal
final_only,3,6,750,750,1.0,terminal
final_only,3,7,750,750,1.0,terminal
final_only,3,8,748,750,0.9973333333333333,terminal
final_only,3,9,737,750,0.9826666666666667,terminal
final_only,3,10,695,750,0.9266666666666666,terminal
final_only,3,11,618,750,0.824,terminal
final_only,3,12,532,750,0.7093333333333334,terminal
final_only,3,13,440,750,0.5866666666666667,terminal
final_only,3,14,351,750,0.468,terminal
final_only,3,15,271,750,0.36133333333333334,terminal
final_only,3,16,204,750,0.272,terminal
final_only,3,17,143,750,0.19066666666666668,terminal
final_only,3,18,85,750,0.11333333333333333,terminal
final_only,3,19,54,750,0.072,terminal
final_only,3,20,31,750,0.04133333333333333,terminal
final_only,3,21,20,750,0.02666666666666667,terminal
final_only,3,22,14,750,0.018666666666666668,terminal
final_only,3,23,10,750,0.013333333333333334,terminal
final_only,3,24,8,750,0.010666666666666666,terminal
final_only,4,1,0,750,0.0,transition
final_only,4,2,6,750,0.008,transition
final_only,4,3,2,750,0.0026666666666666666,transition
final_only,4,4,747,750,0.996,transition
final_only,4,5,748,750,0.9973333333333333,terminal
final_only,4,6,748,750,0.9973333333333333,terminal
final_only,4,7,748,750,0.9973333333333333,terminal
final_only,4,8,746,750,0.9946666666666667,terminal
final_only,4,9,729,750,0.972,terminal
final_only,4,10,692,750,0.9226666666666666,terminal
final_only,4,11,616,750,0.8213333333333334,terminal
final_only,4,12,531,750,0.708,terminal
final_only,4,13,419,750,0.5586666666666666,terminal
final_only,4,14,332,750,0.44266666666666665,terminal
final_only,4,15,252,750,0.336,terminal
final_only,4,16,175,750,0.23333333333333334,terminal
final_only,4,17,119,750,0.15866666666666668,terminal
final_only,4,18,89,750,0.11866666666666667,terminal
final_only,4,19,58,750,0.07733333333333334,terminal
final_only,4,20,41,750,0.05466666666666667,terminal
final_only,4,21,28,750,0.037333333333333336,terminal
final_only,4,22,14,750,0.018666666666666668,terminal
final_only,4,23,7,750,0.009333333333333334,terminal
final_only,4,24,7,750,0.009333333333333334,terminal
final_only,5,1,0,750,0.0,transition
final_only,5,2,6,750,0.008,transition
final_only,5,3,4,750,0.005333333333333333,transition
final_only,5,4,2,750,0.0026666666666666666,transition
final_only,5,5,747,750,0.996,transition
final_only,5,6,747,750,0.996,terminal
final_only,5,7,747,750,0.996,terminal
final_only,5,8,738,750,0.984,terminal
final_only,5,9,704,750,0.9386666666666666,terminal
final_only,5,10,635,750,0.8466666666666667,terminal
final_only,5,11,516,750,0.688,terminal
final_only,5,12,389,750,0.5186666666666667,terminal
final_only,5,13,267,750,0.356,terminal
final_only,5,14,168,750,0.224,terminal
final_only,5,15,94,750,0.12533333333333332,terminal
final_only,5,16,49,750,0.06533333333333333,terminal
final_only,5,17,26,750,0.034666666666666665,terminal
final_only,5,18,16,750,0.021333333333333333,terminal
final_only,5,19,11,750,0.014666666666666666,terminal
final_only,5,20,7,750,0.009333333333333334,terminal
final_only,5,21,7,750,0.009333333333333334,terminal
final_only,5,22,4,750,0.005333333333333333,terminal
final_only,5,23,4,750,0.005333333333333333,terminal
final_only,5,24,3,750,0.004,terminal
final_only,6,1,0,750,0.0,transition
final_only,6,2,2,750,0.0026666666666666666,transition
final_only,6,3,8,750,0.010666666666666666,transition
final_only,6,4,4,750,0.005333333333333333,transition
final_only,6,5,3,750,0.004,transition
final_only,6,6,649,750,0.8653333333333333,transition
final_only,6,7,501,750,0.668,terminal
final_only,6,8,317,750,0.4226666666666667,terminal
final_only,6,9,162,750,0.216,terminal
final_only,6,10,72,750,0.096,terminal
final_only,6,11,39,750,0.052,terminal
final_only,6,12,17,750,0.02266666666666667,terminal
final_only,6,13,8,750,0.010666666666666666,terminal
final_only,6,14,2,750,0.0026666666666666666,terminal
final_only,6,15,1,750,0.0013333333333333333,terminal
final_only,6,16,1,750,0.0013333333333333333,terminal
final_only,6,17,0,750,0.0,terminal
final_only,6,18,0,750,0.0,terminal
final_only,6,19,0,750,0.0,terminal
final_only,6,20,0,750,0.0,terminal
final_only,6,21,0,750,0.0,terminal
final_only,6,22,0,750,0.0,terminal
final_only,6,23,0,750,0.0,terminal
final_only,6,24,0,750,0.0,terminal
final_only,8,1,0,750,0.0,transition
final_only,8,2,3,750,0.004,transition
final_only,8,3,5,750,0.006666666666666667,transition
final_only,8,4,2,750,0.0026666666666666666,transition
final_only,8,5,4,750,0.005333333333333333,transition
final_only,8,6,5,750,0.006666666666666667,transition
final_only,8,7,0,750,0.0,transition
final_only,8,8,0,750,0.0,transition
final_only,8,9,0,750,0.0,terminal
final_only,8,10,0,750,0.0,terminal
final_only,8,11,0,750,0.0,terminal
final_only,8,12,0,750,0.0,terminal
final_only,8,13,0,750,0.0,terminal
final_only,8,14,0,750,0.0,terminal
final_only,8,15,0,750,0.0,terminal
final_only,8,16,0,750,0.0,terminal
final_only,8,17,0,750,0.0,terminal
final_only,8,18,0,750,0.0,terminal
final_only,8,19,0,750,0.0,terminal
final_only,8,20,0,750,0.0,terminal
final_only,8,21,0,750,0.0,terminal
final_only,8,22,0,750,0.0,terminal
final_only,8,23,0,750,0.0,terminal
final_only,8,24,0,750,0.0,terminal
final_only,10,1,0,750,0.0,transition
final_only,10,2,3,750,0.004,transition
final_only,10,3,3,750,0.004,transition
final_only,10,4,2,750,0.0026666666666666666,transition
final_only,10,5,3,750,0.004,transition
final_only,10,6,0,750,0.0,transition
final_only,10,7,0,750,0.0,transition
final_only,10,8,0,750,0.0,transition
final_only,10,9,0,750,0.0,transition
final_only,10,10,0,750,0.0,transition
final_only,10,11,0,750,0.0,terminal
final_only,10,12,0,750,0.0,terminal
final_only,10,13,0,750,0.0,terminal
final_only,10,14,0,750,0.0,terminal
final_only,10,15,0,750,0.0,terminal
final_only,10,16,0,750,0.0,terminal
final_only,10,17,0,750,0.0,terminal
final_only,10,18,0,750,0.0,terminal
final_only,10,19,0,750,0.0,terminal
final_only,10,20,0,750,0.0,terminal
final_only,10,21,0,750,0.0,terminal
final_only,10,22,0,750,0.0,terminal
final_only,10,23,0,750,0.0,terminal
final_only,10,24,0,750,0.0,terminal
final_only,12,1,0,750,0.0,transition
final_only,12,2,4,750,0.005333333333333333,transition
final_only,12,3,3,750,0.004,transition
final_only,12,4,3,750,0.004,transition
final_only,12,5,1,750,0.0013333333333333333,transition
final_only,12,6,0,750,0.0,transition
final_only,12,7,0,750,0.0,transition
final_only,12,8,0,750,0.0,transition
final_only,12,9,0,750,0.0,transition
final_only,12,10,0,750,0.0,transition
final_only,12,11,0,750,0.0,transition
final_only,12,12,0,750,0.0,transition
final_only,12,13,0,750,0.0,terminal
final_only,12,14,0,750,0.0,terminal
final_only,12,15,0,750,0.0,terminal
final_only,12,16,0,750,0.0,terminal
final_only,12,17,0,750,0.0,terminal
final_only,12,18,0,750,0.0,terminal
final_only,12,19,0,750,0.0,terminal
final_only,12,20,0,750,0.0,terminal
final_only,12,21,0,750,0.0,terminal
final_only,12,22,0,750,0.0,terminal
final_only,12,23,0,750,0.0,terminal
final_only,12,24,0,750,0.0,terminal
final_only,16,1,0,750,0.0,transition
final_only,16,2,5,750,0.006666666666666667,transition
final_only,16,3,3,750,0.004,transition
final_only,16,4,5,750,0.006666666666666667,transition
final_only,16,5,0,750,0.0,transition
final_only,16,6,0,750,0.0,transition
final_only,16,7,0,750,0.0,transition
final_only,16,8,0,750,0.0,transition
final_only,16,9,0,750,0.0,transition
final_only,16,10,0,750,0.0,transition
final_only,16,11,0,750,0.0,transition
final_only,16,12,0,750,0.0,transition
final_only,16,13,0,750,0.0,transition
final_only,16,14,0,750,0.0,transition
final_only,16,15,0,750,0.0,transition
final_only,16,16,0,750,0.0,transition
final_only,16,17,0,750,0.0,terminal
final_only,16,18,0,750,0.0,terminal
final_only,16,19,0,750,0.0,terminal
final_only,16,20,0,750,0.0,terminal
final_only,16,21,0,750,0.0,terminal
final_only,16,22,0,750,0.0,terminal
final_only,16,23,0,750,0.0,terminal
final_only,16,24,0,750,0.0,terminal
final_only,20,1,0,750,0.0,transition
final_only,20,2,2,750,0.0026666666666666666,transition
final_only,20,3,4,750,0.005333333333333333,transition
final_only,20,4,2,750,0.0026666666666666666,transition
final_only,20,5,0,750,0.0,transition
final_only,20,6,0,750,0.0,transition
final_only,20,7,0,750,0.0,transition
final_only,20,8,0,750,0.0,transition
final_only,20,9,0,750,0.0,transition
final_only,20,10,0,750,0.0,transition
final_only,20,11,0,750,0.0,transition
final_only,20,12,0,750,0.0,transition
final_only,20,13,0,750,0.0,transition
final_only,20,14,0,750,0.0,transition
final_only,20,15,0,750,0.0,transition
final_only,20,16,0,750,0.0,transition
final_only,20,17,0,750,0.0,transition
final_only,20,18,0,750,0.0,transition
final_only,20,19,0,750,0.0,transition
final_only,20,20,0,750,0.0,transition
final_only,20,21,0,750,0.0,terminal
final_only,20,22,0,750,0.0,terminal
final_only,20,23,0,750,0.0,terminal
final_only,20,24,0,750,0.0,terminal
