recording_id,subject_id_in_dataset,n_channels,sampling_rate_hz,channel_names,reference,montage_name,archival_uri
37db3bb7-f17e-5fe7-bec8-0b04ffa9607c,000,33,250.0,"[""EEG FP1-REF"", ""EEG FP2-REF"", ""EEG F3-REF"", ""EEG F4-REF"", ""EEG C3-REF"", ""EEG C4-REF"", ""EEG P3-REF"", ""EEG P4-REF"", ""EEG O1-REF"", ""EEG O2-REF"", ""EEG F7-REF"", ""EEG F8-REF"", ""EEG T3-REF"", ""EEG T4-REF"", ""EEG T5-REF"", ""EEG T6-REF"", ""EEG A1-REF"", ""EEG A2-REF"", ""EEG FZ-REF"", ""EEG CZ-REF"", ""EEG PZ-REF"", ""EEG ROC-REF"", ""EEG LOC-REF"", ""EEG EKG1-REF"", ""EMG-REF"", ""EEG 26-REF"", ""EEG 27-REF"", ""EEG 28-REF"", ""EEG 29-REF"", ""EEG 30-REF"", ""EEG T1-REF"", ""EEG T2-REF"", ""PHOTIC-REF""]",,,s3://eeg-datasets-139156132535/raw/tuh_eeg_corpus/tuh_eeg_events/edf/eval/000/bckg_000_a_.edf
25805a21-b608-5c9d-a38e-9f45685bfdd2,001,33,250.0,"[""EEG FP1-REF"", ""EEG FP2-REF"", ""EEG F3-REF"", ""EEG F4-REF"", ""EEG C3-REF"", ""EEG C4-REF"", ""EEG P3-REF"", ""EEG P4-REF"", ""EEG O1-REF"", ""EEG O2-REF"", ""EEG F7-REF"", ""EEG F8-REF"", ""EEG T3-REF"", ""EEG T4-REF"", ""EEG T5-REF"", ""EEG T6-REF"", ""EEG A1-REF"", ""EEG A2-REF"", ""EEG FZ-REF"", ""EEG CZ-REF"", ""EEG PZ-REF"", ""EEG ROC-REF"", ""EEG LOC-REF"", ""EEG EKG1-REF"", ""EMG-REF"", ""EEG 26-REF"", ""EEG 27-REF"", ""EEG 28-REF"", ""EEG 29-REF"", ""EEG 30-REF"", ""EEG T1-REF"", ""EEG T2-REF"", ""PHOTIC-REF""]",,,s3://eeg-datasets-139156132535/raw/tuh_eeg_corpus/tuh_eeg_events/edf/eval/001/bckg_001_a_.edf
d8fef8b1-de3b-5d5e-ac88-d078ce894e95,001,32,250.0,"[""EEG FP1-REF"", ""EEG FP2-REF"", ""EEG F3-REF"", ""EEG F4-REF"", ""EEG C3-REF"", ""EEG C4-REF"", ""EEG P3-REF"", ""EEG P4-REF"", ""EEG O1-REF"", ""EEG O2-REF"", ""EEG F7-REF"", ""EEG F8-REF"", ""EEG T3-REF"", ""EEG T4-REF"", ""EEG T5-REF"", ""EEG T6-REF"", ""EEG FZ-REF"", ""EEG CZ-REF"", ""EEG PZ-REF"", ""EEG EKG-REF"", ""EEG A1-REF"", ""EEG A2-REF"", ""EEG T1-REF"", ""EEG T2-REF"", ""EEG SP1-REF"", ""EEG SP2-REF"", ""EEG LUC-REF"", ""EEG RLC-REF"", ""EEG RESP1-REF"", ""EEG RESP2-REF"", ""EEG 31-REF"", ""EEG 32-REF""]",,,s3://eeg-datasets-139156132535/raw/tuh_eeg_corpus/tuh_eeg_events/edf/eval/001/pled_001_a_.edf
aec4118e-6f92-5a3c-848f-207ba46696cb,001,32,250.0,"[""EEG FP1-REF"", ""EEG FP2-REF"", ""EEG F3-REF"", ""EEG F4-REF"", ""EEG C3-REF"", ""EEG C4-REF"", ""EEG P3-REF"", ""EEG P4-REF"", ""EEG O1-REF"", ""EEG O2-REF"", ""EEG F7-REF"", ""EEG F8-REF"", ""EEG T3-REF"", ""EEG T4-REF"", ""EEG T5-REF"", ""EEG T6-REF"", ""EEG FZ-REF"", ""EEG CZ-REF"", ""EEG PZ-REF"", ""EEG EKG-REF"", ""EEG A1-REF"", ""EEG A2-REF"", ""EEG T1-REF"", ""EEG T2-REF"", ""EEG SP1-REF"", ""EEG SP2-REF"", ""EEG LUC-REF"", ""EEG RLC-REF"", ""EEG RESP1-REF"", ""EEG RESP2-REF"", ""EEG 31-REF"", ""EEG 32-REF""]",,,s3://eeg-datasets-139156132535/raw/tuh_eeg_corpus/tuh_eeg_events/edf/eval/001/pled_001_a_2.edf
919464c7-a969-56b4-99a8-b927845175ee,001,32,250.0,"[""EEG FP1-REF"", ""EEG FP2-REF"", ""EEG F3-REF"", ""EEG F4-REF"", ""EEG C3-REF"", ""EEG C4-REF"", ""EEG P3-REF"", ""EEG P4-REF"", ""EEG O1-REF"", ""EEG O2-REF"", ""EEG F7-REF"", ""EEG F8-REF"", ""EEG T3-REF"", ""EEG T4-REF"", ""EEG T5-REF"", ""EEG T6-REF"", ""EEG FZ-REF"", ""EEG CZ-REF"", ""EEG PZ-REF"", ""EEG EKG-REF"", ""EEG A1-REF"", ""EEG A2-REF"", ""EEG T1-REF"", ""EEG T2-REF"", ""EEG SP1-REF"", ""EEG SP2-REF"", ""EEG LUC-REF"", ""EEG RLC-REF"", ""EEG RESP1-REF"", ""EEG RESP2-REF"", ""EEG 31-REF"", ""EEG 32-REF""]",,,s3://eeg-datasets-139156132535/raw/tuh_eeg_corpus/tuh_eeg_events/edf/eval/001/pled_001_a_3.edf
2edd96f1-f969-5bd6-a083-3a8d0ad95a8b,001,33,250.0,"[""EEG FP1-REF"", ""EEG FP2-REF"", ""EEG F3-REF"", ""EEG F4-REF"", ""EEG C3-REF"", ""EEG C4-REF"", ""EEG P3-REF"", ""EEG P4-REF"", ""EEG O1-REF"", ""EEG O2-REF"", ""EEG F7-REF"", ""EEG F8-REF"", ""EEG T3-REF"", ""EEG T4-REF"", ""EEG T5-REF"", ""EEG T6-REF"", ""EEG A1-REF"", ""EEG A2-REF"", ""EEG FZ-REF"", ""EEG CZ-REF"", ""EEG PZ-REF"", ""EEG ROC-REF"", ""EEG LOC-REF"", ""EEG EKG1-REF"", ""EMG-REF"", ""EEG 26-REF"", ""EEG 27-REF"", ""EEG 28-REF"", ""EEG 29-REF"", ""EEG 30-REF"", ""EEG T1-REF"", ""EEG T2-REF"", ""PHOTIC-REF""]",,,s3://eeg-datasets-139156132535/raw/tuh_eeg_corpus/tuh_eeg_events/edf/eval/001/spsw_001_a_1.edf
6ad15ef9-f1ec-59ba-8ca4-097d4ed79294,002,33,250.0,"[""EEG FP1-REF"", ""EEG FP2-REF"", ""EEG F3-REF"", ""EEG F4-REF"", ""EEG C3-REF"", ""EEG C4-REF"", ""EEG P3-REF"", ""EEG P4-REF"", ""EEG O1-REF"", ""EEG O2-REF"", ""EEG F7-REF"", ""EEG F8-REF"", ""EEG T3-REF"", ""EEG T4-REF"", ""EEG T5-REF"", ""EEG T6-REF"", ""EEG A1-REF"", ""EEG A2-REF"", ""EEG FZ-REF"", ""EEG CZ-REF"", ""EEG PZ-REF"", ""EEG ROC-REF"", ""EEG LOC-REF"", ""EEG EKG1-REF"", ""EMG-REF"", ""EEG 26-REF"", ""EEG 27-REF"", ""EEG 28-REF"", ""EEG 29-REF"", ""EEG 30-REF"", ""EEG T1-REF"", ""EEG T2-REF"", ""PHOTIC-REF""]",,,s3://eeg-datasets-139156132535/raw/tuh_eeg_corpus/tuh_eeg_events/edf/eval/002/bckg_002_a_.edf
47948094-6027-5147-8575-7ca88a30463c,002,33,250.0,"[""EEG FP1-REF"", ""EEG FP2-REF"", ""EEG F3-REF"", ""EEG F4-REF"", ""EEG C3-REF"", ""EEG C4-REF"", ""EEG P3-REF"", ""EEG P4-REF"", ""EEG O1-REF"", ""EEG O2-REF"", ""EEG F7-REF"", ""EEG F8-REF"", ""EEG T3-REF"", ""EEG T4-REF"", ""EEG T5-REF"", ""EEG T6-REF"", ""EEG A1-REF"", ""EEG A2-REF"", ""EEG FZ-REF"", ""EEG CZ-REF"", ""EEG PZ-REF"", ""EEG ROC-REF"", ""EEG LOC-REF"", ""EEG EKG1-REF"", ""EMG-REF"", ""EEG 26-REF"", ""EEG 27-REF"", ""EEG 28-REF"", ""EEG 29-REF"", ""EEG 30-REF"", ""EEG T1-REF"", ""EEG T2-REF"", ""PHOTIC-REF""]",,,s3://eeg-datasets-139156132535/raw/tuh_eeg_corpus/tuh_eeg_events/edf/eval/002/spsw_002_a_1.edf
3b08f0cc-a316-5af3-b307-3ef0000126a8,003,33,250.0,"[""EEG FP1-REF"", ""EEG FP2-REF"", ""EEG F3-REF"", ""EEG F4-REF"", ""EEG C3-REF"", ""EEG C4-REF"", ""EEG P3-REF"", ""EEG P4-REF"", ""EEG O1-REF"", ""EEG O2-REF"", ""EEG F7-REF"", ""EEG F8-REF"", ""EEG T3-REF"", ""EEG T4-REF"", ""EEG T5-REF"", ""EEG T6-REF"", ""EEG A1-REF"", ""EEG A2-REF"", ""EEG FZ-REF"", ""EEG CZ-REF"", ""EEG PZ-REF"", ""EEG ROC-REF"", ""EEG LOC-REF"", ""EEG EKG1-REF"", ""EMG-REF"", ""EEG 26-REF"", ""EEG 27-REF"", ""EEG 28-REF"", ""EEG 29-REF"", ""EEG 30-REF"", ""EEG T1-REF"", ""EEG T2-REF"", ""PHOTIC-REF""]",,,s3://eeg-datasets-139156132535/raw/tuh_eeg_corpus/tuh_eeg_events/edf/eval/003/bckg_003_a_.edf
0dff9e8d-dea1-5791-871d-25423d47c94d,004,33,250.0,"[""EEG FP1-REF"", ""EEG FP2-REF"", ""EEG F3-REF"", ""EEG F4-REF"", ""EEG C3-REF"", ""EEG C4-REF"", ""EEG P3-REF"", ""EEG P4-REF"", ""EEG O1-REF"", ""EEG O2-REF"", ""EEG F7-REF"", ""EEG F8-REF"", ""EEG T3-REF"", ""EEG T4-REF"", ""EEG T5-REF"", ""EEG T6-REF"", ""EEG A1-REF"", ""EEG A2-REF"", ""EEG FZ-REF"", ""EEG CZ-REF"", ""EEG PZ-REF"", ""EEG ROC-REF"", ""EEG LOC-REF"", ""EEG EKG1-REF"", ""EMG-REF"", ""EEG 26-REF"", ""EEG 27-REF"", ""EEG 28-REF"", ""EEG 29-REF"", ""EEG 30-REF"", ""EEG T1-REF"", ""EEG T2-REF"", ""PHOTIC-REF""]",,,s3://eeg-datasets-139156132535/raw/tuh_eeg_corpus/tuh_eeg_events/edf/eval/004/bckg_004_a_.edf
dff878d8-41ac-5598-a4c9-122ea7053564,004,32,250.0,"[""EEG FP1-REF"", ""EEG FP2-REF"", ""EEG F3-REF"", ""EEG F4-REF"", ""EEG C3-REF"", ""EEG C4-REF"", ""EEG P3-REF"", ""EEG P4-REF"", ""EEG O1-REF"", ""EEG O2-REF"", ""EEG F7-REF"", ""EEG F8-REF"", ""EEG T3-REF"", ""EEG T4-REF"", ""EEG T5-REF"", ""EEG T6-REF"", ""EEG FZ-REF"", ""EEG CZ-REF"", ""EEG PZ-REF"", ""EEG EKG-REF"", ""EEG A1-REF"", ""EEG A2-REF"", ""EEG T1-REF"", ""EEG T2-REF"", ""EEG SP1-REF"", ""EEG SP2-REF"", ""EEG LUC-REF"", ""EEG RLC-REF"", ""EEG RESP1-REF"", ""EEG RESP2-REF"", ""EEG 31-REF"", ""EEG 32-REF""]",,,s3://eeg-datasets-139156132535/raw/tuh_eeg_corpus/tuh_eeg_events/edf/eval/004/gped_004_a_3.edf
f06d8154-566a-5664-aeb1-1381a8b1018e,004,33,250.0,"[""EEG FP1-REF"", ""EEG FP2-REF"", ""EEG F3-REF"", ""EEG F4-REF"", ""EEG C3-REF"", ""EEG C4-REF"", ""EEG P3-REF"", ""EEG P4-REF"", ""EEG O1-REF"", ""EEG O2-REF"", ""EEG F7-REF"", ""EEG F8-REF"", ""EEG T3-REF"", ""EEG T4-REF"", ""EEG T5-REF"", ""EEG T6-REF"", ""EEG A1-REF"", ""EEG A2-REF"", ""EEG FZ-REF"", ""EEG CZ-REF"", ""EEG PZ-REF"", ""EEG ROC-REF"", ""EEG LOC-REF"", ""EEG EKG1-REF"", ""EMG-REF"", ""EEG 26-REF"", ""EEG 27-REF"", ""EEG 28-REF"", ""EEG 29-REF"", ""EEG 30-REF"", ""EEG T1-REF"", ""EEG T2-REF"", ""PHOTIC-REF""]",,,s3://eeg-datasets-139156132535/raw/tuh_eeg_corpus/tuh_eeg_events/edf/eval/004/pled_004_a_.edf
04effca4-7a91-5a37-8ffd-c312072acb5a,005,33,250.0,"[""EEG FP1-REF"", ""EEG FP2-REF"", ""EEG F3-REF"", ""EEG F4-REF"", ""EEG C3-REF"", ""EEG C4-REF"", ""EEG P3-REF"", ""EEG P4-REF"", ""EEG O1-REF"", ""EEG O2-REF"", ""EEG F7-REF"", ""EEG F8-REF"", ""EEG T3-REF"", ""EEG T4-REF"", ""EEG T5-REF"", ""EEG T6-REF"", ""EEG A1-REF"", ""EEG A2-REF"", ""EEG FZ-REF"", ""EEG CZ-REF"", ""EEG PZ-REF"", ""EEG ROC-REF"", ""EEG LOC-REF"", ""EEG EKG1-REF"", ""EMG-REF"", ""EEG 26-REF"", ""EEG 27-REF"", ""EEG 28-REF"", ""EEG 29-REF"", ""EEG 30-REF"", ""EEG T1-REF"", ""EEG T2-REF"", ""PHOTIC-REF""]",,,s3://eeg-datasets-139156132535/raw/tuh_eeg_corpus/tuh_eeg_events/edf/eval/005/bckg_005_a_.edf
fb26288f-0fa2-57ba-b42c-52b7edf1784a,005,33,250.0,"[""EEG FP1-REF"", ""EEG FP2-REF"", ""EEG F3-REF"", ""EEG F4-REF"", ""EEG C3-REF"", ""EEG C4-REF"", ""EEG P3-REF"", ""EEG P4-REF"", ""EEG O1-REF"", ""EEG O2-REF"", ""EEG F7-REF"", ""EEG F8-REF"", ""EEG T3-REF"", ""EEG T4-REF"", ""EEG T5-REF"", ""EEG T6-REF"", ""EEG A1-REF"", ""EEG A2-REF"", ""EEG FZ-REF"", ""EEG CZ-REF"", ""EEG PZ-REF"", ""EEG ROC-REF"", ""EEG LOC-REF"", ""EEG EKG1-REF"", ""EMG-REF"", ""EEG 26-REF"", ""EEG 27-REF"", ""EEG 28-REF"", ""EEG 29-REF"", ""EEG 30-REF"", ""EEG T1-REF"", ""EEG T2-REF"", ""PHOTIC-REF""]",,,s3://eeg-datasets-139156132535/raw/tuh_eeg_corpus/tuh_eeg_events/edf/eval/005/spsw_005_a_.edf
bf2fec37-261a-5244-b848-167bfef17956,006,33,250.0,"[""EEG FP1-REF"", ""EEG FP2-REF"", ""EEG F3-REF"", ""EEG F4-REF"", ""EEG C3-REF"", ""EEG C4-REF"", ""EEG P3-REF"", ""EEG P4-REF"", ""EEG O1-REF"", ""EEG O2-REF"", ""EEG F7-REF"", ""EEG F8-REF"", ""EEG T3-REF"", ""EEG T4-REF"", ""EEG T5-REF"", ""EEG T6-REF"", ""EEG A1-REF"", ""EEG A2-REF"", ""EEG FZ-REF"", ""EEG CZ-REF"", ""EEG PZ-REF"", ""EEG ROC-REF"", ""EEG LOC-REF"", ""EEG EKG1-REF"", ""EMG-REF"", ""EEG 26-REF"", ""EEG 27-REF"", ""EEG 28-REF"", ""EEG 29-REF"", ""EEG 30-REF"", ""EEG T1-REF"", ""EEG T2-REF"", ""PHOTIC-REF""]",,,s3://eeg-datasets-139156132535/raw/tuh_eeg_corpus/tuh_eeg_events/edf/eval/006/bckg_006_a_.edf
be46e5cc-01aa-56ce-9b84-38f0bd1490db,006,33,250.0,"[""EEG FP1-REF"", ""EEG FP2-REF"", ""EEG F3-REF"", ""EEG F4-REF"", ""EEG C3-REF"", ""EEG C4-REF"", ""EEG P3-REF"", ""EEG P4-REF"", ""EEG O1-REF"", ""EEG O2-REF"", ""EEG F7-REF"", ""EEG F8-REF"", ""EEG T3-REF"", ""EEG T4-REF"", ""EEG T5-REF"", ""EEG T6-REF"", ""EEG A1-REF"", ""EEG A2-REF"", ""EEG FZ-REF"", ""EEG CZ-REF"", ""EEG PZ-REF"", ""EEG ROC-REF"", ""EEG LOC-REF"", ""EEG EKG1-REF"", ""EMG-REF"", ""EEG 26-REF"", ""EEG 27-REF"", ""EEG 28-REF"", ""EEG 29-REF"", ""EEG 30-REF"", ""EEG T1-REF"", ""EEG T2-REF"", ""PHOTIC-REF""]",,,s3://eeg-datasets-139156132535/raw/tuh_eeg_corpus/tuh_eeg_events/edf/eval/006/pled_006_a_.edf
17c67e88-bbec-5df6-ad56-ab373b1a0ffe,006,33,250.0,"[""EEG FP1-REF"", ""EEG FP2-REF"", ""EEG F3-REF"", ""EEG F4-REF"", ""EEG C3-REF"", ""EEG C4-REF"", ""EEG P3-REF"", ""EEG P4-REF"", ""EEG O1-REF"", ""EEG O2-REF"", ""EEG F7-REF"", ""EEG F8-REF"", ""EEG T3-REF"", ""EEG T4-REF"", ""EEG T5-REF"", ""EEG T6-REF"", ""EEG A1-REF"", ""EEG A2-REF"", ""EEG FZ-REF"", ""EEG CZ-REF"", ""EEG PZ-REF"", ""EEG ROC-REF"", ""EEG LOC-REF"", ""EEG EKG1-REF"", ""EMG-REF"", ""EEG 26-REF"", ""EEG 27-REF"", ""EEG 28-REF"", ""EEG 29-REF"", ""EEG 30-REF"", ""EEG T1-REF"", ""EEG T2-REF"", ""PHOTIC-REF""]",,,s3://eeg-datasets-139156132535/raw/tuh_eeg_corpus/tuh_eeg_events/edf/eval/006/pled_006_a_2.edf
b645250e-ef76-5a6e-8b6b-871494d838e1,007,33,250.0,"[""EEG FP1-REF"", ""EEG FP2-REF"", ""EEG F3-REF"", ""EEG F4-REF"", ""EEG C3-REF"", ""EEG C4-REF"", ""EEG P3-REF"", ""EEG P4-REF"", ""EEG O1-REF"", ""EEG O2-REF"", ""EEG F7-REF"", ""EEG F8-REF"", ""EEG T3-REF"", ""EEG T4-REF"", ""EEG T5-REF"", ""EEG T6-REF"", ""EEG A1-REF"", ""EEG A2-REF"", ""EEG FZ-REF"", ""EEG CZ-REF"", ""EEG PZ-REF"", ""EEG ROC-REF"", ""EEG LOC-REF"", ""EEG EKG1-REF"", ""EMG-REF"", ""EEG 26-REF"", ""EEG 27-REF"", ""EEG 28-REF"", ""EEG 29-REF"", ""EEG 30-REF"", ""EEG T1-REF"", ""EEG T2-REF"", ""PHOTIC-REF""]",,,s3://eeg-datasets-139156132535/raw/tuh_eeg_corpus/tuh_eeg_events/edf/eval/007/bckg_007_a_.edf
063ebbea-01f3-597f-af75-3140310268bb,007,33,250.0,"[""EEG FP1-REF"", ""EEG FP2-REF"", ""EEG F3-REF"", ""EEG F4-REF"", ""EEG C3-REF"", ""EEG C4-REF"", ""EEG P3-REF"", ""EEG P4-REF"", ""EEG O1-REF"", ""EEG O2-REF"", ""EEG F7-REF"", ""EEG F8-REF"", ""EEG T3-REF"", ""EEG T4-REF"", ""EEG T5-REF"", ""EEG T6-REF"", ""EEG A1-REF"", ""EEG A2-REF"", ""EEG FZ-REF"", ""EEG CZ-REF"", ""EEG PZ-REF"", ""EEG ROC-REF"", ""EEG LOC-REF"", ""EEG EKG1-REF"", ""EMG-REF"", ""EEG 26-REF"", ""EEG 27-REF"", ""EEG 28-REF"", ""EEG 29-REF"", ""EEG 30-REF"", ""EEG T1-REF"", ""EEG T2-REF"", ""PHOTIC-REF""]",,,s3://eeg-datasets-139156132535/raw/tuh_eeg_corpus/tuh_eeg_events/edf/eval/007/pled_007_a_2.edf
34e68453-0f3e-5253-b11b-68a0a200cd22,008,33,250.0,"[""EEG FP1-REF"", ""EEG FP2-REF"", ""EEG F3-REF"", ""EEG F4-REF"", ""EEG C3-REF"", ""EEG C4-REF"", ""EEG P3-REF"", ""EEG P4-REF"", ""EEG O1-REF"", ""EEG O2-REF"", ""EEG F7-REF"", ""EEG F8-REF"", ""EEG T3-REF"", ""EEG T4-REF"", ""EEG T5-REF"", ""EEG T6-REF"", ""EEG A1-REF"", ""EEG A2-REF"", ""EEG FZ-REF"", ""EEG CZ-REF"", ""EEG PZ-REF"", ""EEG ROC-REF"", ""EEG LOC-REF"", ""EEG EKG1-REF"", ""EMG-REF"", ""EEG 26-REF"", ""EEG 27-REF"", ""EEG 28-REF"", ""EEG 29-REF"", ""EEG 30-REF"", ""EEG T1-REF"", ""EEG T2-REF"", ""PHOTIC-REF""]",,,s3://eeg-datasets-139156132535/raw/tuh_eeg_corpus/tuh_eeg_events/edf/eval/008/bckg_008_a_.edf
